{"01X0101": 4.566414122281991, "00X1101": 3.4456625501931963, "00X0011": 4.134820819759073, "01X1011": 5.332578225623154, "01X1010": 4.694105614061671, "00X0010": 3.496348208197591, "00X1100": 2.8071899386317147, "01X0100": 3.927941510720509, "01X0010": 4.655602697174029, "00X1010": 3.5348511250852335, "00X0100": 2.7686870217440713, "01X1100": 3.966444427608152, "01X1101": 4.604917039169634, "00X0101": 3.407159633305554, "00X1011": 4.173323736646715, "01X0011": 5.29407530873551, "10X1100": 2.396431547844534, "11X0100": 3.5171831199333283, "11X1010": 4.2833472232744905, "10X0010": 3.08558981741041, "10X0011": 3.7240624289718918, "11X1011": 4.921819834835972, "11X0101": 4.15565573149481, "10X1101": 3.0349041594060155, "10X1011": 3.7625653458595347, "11X0011": 4.88331691794833, "11X1101": 4.194158648382453, "10X0101": 2.9964012425183726, "10X0100": 2.3579286309568905, "11X1100": 3.5556860368209713, "11X0010": 4.244844306386847, "10X1010": 3.1240927342980527, "11X1110": 4.2854685961057655, "10X0110": 3.087711190241685, "10X1000": 2.3943101750132585, "11X0000": 3.5150617471020533, "11X0001": 4.153534358663535, "10X1001": 3.0327827865747405, "10X0111": 3.7261838018031668, "11X1111": 4.923941207667248, "11X1001": 4.1920372755511774, "10X0001": 2.994279869687097, "10X1111": 3.7646867186908097, "11X0111": 4.885438290779605, "11X0110": 4.246965679218123, "10X1110": 3.1262141071293277, "10X0000": 2.3558072581256155, "11X1000": 3.553564663989696, "00X0111": 4.136942192590348, "01X1111": 5.334699598454428, "01X0001": 4.564292749450717, "00X1001": 3.4435411773619213, "00X1000": 2.8050685658004397, "01X0000": 3.925820137889234, "01X1110": 4.696226986892946, "00X0110": 3.498469581028866, "00X0000": 2.7665656489127963, "01X1000": 3.9643230547768766, "01X0110": 4.657724070005303, "00X1110": 3.5369724979165085, "00X1111": 4.175445109477991, "01X0111": 5.296196681566785, "01X1001": 4.602795666338359, "00X0001": 3.405038260474278}