{"01X0101": 4.4976909577907085, "00X1101": 3.4191373418306084, "00X0011": 4.1413133832086455, "01X1011": 5.32195745204889, "01X1010": 4.658969859302362, "00X0010": 3.478325790462116, "00X1100": 2.75614974908408, "01X0100": 3.83470336504418, "01X0010": 4.607924632862289, "00X1010": 3.5293710169021892, "00X0100": 2.705104522644007, "01X1100": 3.8857485914842522, "01X1101": 4.548736184230782, "00X0101": 3.368092115390536, "00X1011": 4.192358609648718, "01X0011": 5.270912225608818, "10X1100": 2.4217234691050153, "11X0100": 3.500277085065115, "11X1010": 4.324543579323297, "10X0010": 3.1438995104830516, "10X0011": 3.8068871032295806, "11X1011": 4.987531172069826, "11X0101": 4.163264677811644, "10X1101": 3.084711061851544, "10X1011": 3.8579323296696533, "11X0011": 4.936485945629753, "11X1101": 4.214309904251716, "10X0101": 3.0336658354114716, "10X0100": 2.3706782426649426, "11X1100": 3.5513223115051877, "11X0010": 4.273498352883224, "10X1010": 3.1949447369231243, "11X1110": 4.3262060897139865, "10X0110": 3.145562020873742, "10X1000": 2.420060958714325, "11X0000": 3.4986145746744253, "11X0001": 4.161602167420954, "10X1001": 3.083048551460854, "10X0111": 3.8085496136202703, "11X1111": 4.989193682460515, "11X1001": 4.212647393861026, "10X0001": 3.0320033250207814, "10X1111": 3.859594840060343, "11X0111": 4.938148456020443, "11X0110": 4.275160863273914, "10X1110": 3.196607247313814, "10X0000": 2.3690157322742524, "11X1000": 3.5496598011144975, "00X0111": 4.142975893599335, "01X1111": 5.3236199624395795, "01X0001": 4.496028447400018, "00X1001": 3.4174748314399186, "00X1000": 2.75448723869339, "01X0000": 3.8330408546534898, "01X1110": 4.660632369693051, "00X0110": 3.4799883008528063, "00X0000": 2.7034420122533174, "01X1000": 3.8840860810935625, "01X0110": 4.609587143252979, "00X1110": 3.531033527292879, "00X1111": 4.194021120039407, "01X0111": 5.272574735999507, "01X1001": 4.5470736738400905, "00X0001": 3.366429604999846}