{"01X0101": 4.61409252885816, "00X1101": 3.4758322419516947, "00X0011": 4.172676879968325, "01X1011": 5.401608138153687, "01X1010": 4.760576249505071, "00X0010": 3.531644991319709, "00X1100": 2.8348003533030792, "01X0100": 3.973060640209545, "01X0010": 4.715240763865623, "00X1010": 3.576980476959157, "00X0100": 2.7894648676636313, "01X1100": 4.0183961258489935, "01X1101": 4.659428014497609, "00X0101": 3.430496756312247, "00X1011": 4.218012365607773, "01X0011": 5.356272652514239, "10X1100": 2.4316388998873086, "11X0100": 3.5698991867937746, "11X1010": 4.357414796089301, "10X0010": 3.128483537903938, "10X0011": 3.769515426552554, "11X1011": 4.998446684737916, "11X0101": 4.2109310754423905, "10X1101": 3.072670788535924, "10X1011": 3.814850912192002, "11X0011": 4.953111199098467, "11X1101": 4.256266561081839, "10X0101": 3.0273353028964762, "10X0100": 2.3863034142478603, "11X1100": 3.6152346724332225, "11X0010": 4.312079310449852, "10X1010": 3.1738190235433863, "11X1110": 4.3594249687814095, "10X0110": 3.1304937105960464, "10X1000": 2.4296287271952, "11X0000": 3.567889014101666, "11X0001": 4.208920902750282, "10X1001": 3.0706606158438157, "10X0111": 3.7715255992446624, "11X1111": 5.000456857430025, "11X1001": 4.25425638838973, "10X0001": 3.0253251302043678, "10X1111": 3.8168610848841107, "11X0111": 4.955121371790577, "11X0110": 4.314089483141961, "10X1110": 3.1758291962354948, "10X0000": 2.384293241555752, "11X1000": 3.613224499741114, "00X0111": 4.174687052660433, "01X1111": 5.403618310845795, "01X0001": 4.612082356166052, "00X1001": 3.4738220692595863, "00X1000": 2.8327901806109708, "01X0000": 3.9710504675174367, "01X1110": 4.762586422197179, "00X0110": 3.5336551640118175, "00X0000": 2.7874546949715224, "01X1000": 4.016385953156885, "01X0110": 4.717250936557731, "00X1110": 3.5789906496512653, "00X1111": 4.220022538299881, "01X0111": 5.358282825206347, "01X1001": 4.657417841805501, "00X0001": 3.4284865836201384}