{"01X0101": 4.774285714285714, "00X1101": 3.5982498130142107, "00X0011": 4.386372475691847, "01X1011": 5.694046372475691, "01X1010": 4.993148840688107, "00X0010": 3.6854749439042633, "00X1100": 2.8973522812266266, "01X0100": 4.07338818249813, "01X0010": 4.927329842931938, "00X1010": 3.7512939416604336, "00X0100": 2.8315332834704563, "01X1100": 4.139207180254301, "01X1101": 4.840104712041885, "00X0101": 3.5324308152580404, "00X1011": 4.452191473448018, "01X0011": 5.628227374719522, "10X1100": 2.5181151832460733, "11X0100": 3.6941510845175767, "11X1010": 4.613911742707554, "10X0010": 3.30623784592371, "10X0011": 4.007135377711293, "11X1011": 5.314809274495138, "11X0101": 4.395048616305161, "10X1101": 3.2190127150336574, "10X1011": 4.072954375467464, "11X0011": 5.248990276738968, "11X1101": 4.460867614061332, "10X0101": 3.153193717277487, "10X0100": 2.452296185489903, "11X1100": 3.759970082273747, "11X0010": 4.548092744951384, "10X1010": 3.3720568436798803, "11X1110": 4.616065818997756, "10X0110": 3.3083919222139118, "10X1000": 2.5159611069558716, "11X0000": 3.6919970082273745, "11X0001": 4.392894540014959, "10X1001": 3.2168586387434557, "10X0111": 4.009289454001496, "11X1111": 5.31696335078534, "11X1001": 4.458713537771129, "10X0001": 3.151039640987285, "10X1111": 4.075108451757666, "11X0111": 5.25114435302917, "11X0110": 4.550246821241586, "10X1110": 3.374210919970082, "10X0000": 2.4501421091997004, "11X1000": 3.7578160059835453, "00X0111": 4.388526551982049, "01X1111": 5.696200448765894, "01X0001": 4.772131637995512, "00X1001": 3.596095736724009, "00X1000": 2.895198204936425, "01X0000": 4.071234106207928, "01X1110": 4.995302916978309, "00X0110": 3.687629020194465, "00X0000": 2.8293792071802546, "01X1000": 4.1370531039640985, "01X0110": 4.92948391922214, "00X1110": 3.7534480179506358, "00X1111": 4.454345549738219, "01X0111": 5.630381451009724, "01X1001": 4.8379506357516835, "00X0001": 3.5302767389678387}