{"01X0101": 4.547748219845257, "00X1101": 3.448830184026386, "00X0011": 4.105622514719029, "01X1011": 5.31094910761074, "01X1010": 4.679017292931784, "00X0010": 3.4736907000400725, "00X1100": 2.816898369347431, "01X0100": 3.915816405166302, "01X0010": 4.625813014395364, "00X1010": 3.5268949785764927, "00X0100": 2.763694090811011, "01X1100": 3.9690206837027215, "01X1101": 4.600952498381678, "00X0101": 3.3956259054899665, "00X1011": 4.158826793255448, "01X0011": 5.257744829074319, "10X1100": 2.4038408187170557, "11X0100": 3.5027588545359265, "11X1010": 4.265959742301408, "10X0010": 3.0606331494096977, "10X0011": 3.6925649640886533, "11X1011": 4.8978915569803645, "11X0101": 4.134690669214883, "10X1101": 3.035772633396011, "10X1011": 3.745769242625073, "11X0011": 4.844687278443944, "11X1101": 4.187894947751302, "10X0101": 2.982568354859591, "10X0100": 2.3506365401806355, "11X1100": 3.5559631330723467, "11X0010": 4.212755463764989, "10X1010": 3.113837427946118, "11X1110": 4.26830245676767, "10X0110": 3.0629758638759594, "10X1000": 2.401498104250794, "11X0000": 3.5004161400696647, "11X0001": 4.132347954748621, "10X1001": 3.033429918929749, "10X0111": 3.694907678554915, "11X1111": 4.900234271446626, "11X1001": 4.185552233285041, "10X0001": 2.9802256403933294, "10X1111": 3.748111957091335, "11X0111": 4.8470299929102065, "11X0110": 4.21509817823125, "10X1110": 3.1161801424123796, "10X0000": 2.3482938257143737, "11X1000": 3.553620418606085, "00X0111": 4.10796522918529, "01X1111": 5.313291822077002, "01X0001": 4.545405505378996, "00X1001": 3.4464874695601244, "00X1000": 2.814555654881169, "01X0000": 3.91347369070004, "01X1110": 4.6813600073980455, "00X0110": 3.4760334145063343, "00X0000": 2.761351376344749, "01X1000": 3.9666779692364598, "01X0110": 4.628155728861626, "00X1110": 3.5292376930427545, "00X1111": 4.16116950772171, "01X0111": 5.260087543540582, "01X1001": 4.598609783915416, "00X0001": 3.3932831910237047}