{"01X0101": 7.253007644747663, "00X1101": 7.318185971431182, "00X0011": 7.262647336521184, "01X1011": 7.223905826455091, "01X1010": 7.3063533639935425, "00X0010": 7.345094874059635, "00X1100": 7.400633508969634, "01X0100": 7.335455182286115, "01X0010": 7.293134955684829, "00X1010": 7.358313282368349, "00X0100": 7.38741510066092, "01X1100": 7.348673590594828, "01X1101": 7.266226053056377, "00X0101": 7.304967563122468, "00X1011": 7.275865744829897, "01X0011": 7.210687418146377, "10X1100": 6.997472055553864, "11X0100": 6.932293728870343, "11X1010": 6.903191910577773, "10X0010": 6.941933420643864, "10X0011": 6.859485883105412, "11X1011": 6.82074437303932, "11X0101": 6.849846191331892, "10X1101": 6.915024518015411, "10X1011": 6.872704291414125, "11X0011": 6.807525964730607, "11X1101": 6.863064599640605, "10X0101": 6.901806109706698, "10X0100": 6.98425364724515, "11X1100": 6.945512137179058, "11X0010": 6.889973502269059, "10X1010": 6.955151828952578, "11X1110": 6.902719824566747, "10X0110": 6.941461334632839, "10X1000": 6.997944141564889, "11X0000": 6.932765814881369, "11X0001": 6.850318277342917, "10X1001": 6.915496604026437, "10X0111": 6.859013797094386, "11X1111": 6.820272287028295, "11X1001": 6.863536685651631, "10X0001": 6.902278195717724, "10X1111": 6.872232205403101, "11X0111": 6.8070538787195805, "11X0110": 6.8895014162580335, "10X1110": 6.954679742941552, "10X0000": 6.984725733256175, "11X1000": 6.945984223190083, "00X0111": 7.2621752505101576, "01X1111": 7.223433740444065, "01X0001": 7.253479730758688, "00X1001": 7.3186580574422075, "00X1000": 7.40110559498066, "01X0000": 7.33592726829714, "01X1110": 7.305881277982518, "00X0110": 7.34462278804861, "00X0000": 7.387887186671946, "01X1000": 7.349145676605854, "01X0110": 7.292662869673803, "00X1110": 7.357841196357324, "00X1111": 7.275393658818871, "01X0111": 7.210215332135352, "01X1001": 7.266698139067401, "00X0001": 7.305439649133493}