{"01X0101": 7.0799621317077674, "00X1101": 7.140028016378806, "00X0011": 7.087612758227888, "01X1011": 7.045834487854438, "01X1010": 7.12757458206336, "00X0010": 7.169352852436809, "00X1100": 7.221768110587728, "01X0100": 7.16170222591669, "01X0010": 7.118430774914565, "00X1010": 7.178496659585604, "00X0100": 7.2126243034389335, "01X1100": 7.170846033065485, "01X1101": 7.089105938856562, "00X0101": 7.130884209230011, "00X1011": 7.0967565653766815, "01X0011": 7.036690680705643, "10X1100": 6.887341830608664, "11X0100": 6.827275945937625, "11X1010": 6.793148302084296, "10X0010": 6.834926572457745, "10X0011": 6.753186478248822, "11X1011": 6.711408207875373, "11X0101": 6.745535851728703, "10X1101": 6.805601736399741, "10X1011": 6.762330285397617, "11X0011": 6.702264400726579, "11X1101": 6.754679658877498, "10X0101": 6.796457929250947, "10X0100": 6.878198023459869, "11X1100": 6.836419753086419, "11X0010": 6.784004494935501, "10X1010": 6.844070379606539, "11X1110": 6.792732674486623, "10X0110": 6.834510944860072, "10X1000": 6.887757458206336, "11X0000": 6.827691573535297, "11X0001": 6.745951479326376, "10X1001": 6.806017363997414, "10X0111": 6.7527708506511495, "11X1111": 6.710992580277701, "11X1001": 6.75509528647517, "10X0001": 6.796873556848619, "10X1111": 6.761914657799945, "11X0111": 6.701848773128907, "11X0110": 6.783588867337828, "10X1110": 6.843654752008867, "10X0000": 6.878613651057542, "11X1000": 6.836835380684092, "00X0111": 7.087197130630215, "01X1111": 7.045418860256765, "01X0001": 7.08037775930544, "00X1001": 7.140443643976479, "00X1000": 7.2221837381854, "01X0000": 7.162117853514362, "01X1110": 7.1271589544656875, "00X0110": 7.168937224839137, "00X0000": 7.213039931036606, "01X1000": 7.171261660663157, "01X0110": 7.118015147316893, "00X1110": 7.178081031987931, "00X1111": 7.09634093777901, "01X0111": 7.036275053107971, "01X1001": 7.089521566454235, "00X0001": 7.131299836827684}