{"01X0101": 7.156436093643458, "00X1101": 7.210697780134859, "00X0011": 7.164148799151451, "01X1011": 7.116433063110842, "01X1010": 7.198030153799531, "00X0010": 7.245745889840139, "00X1100": 7.292294870823547, "01X0100": 7.238033184332147, "01X0010": 7.194757178574134, "00X1010": 7.249018865065535, "00X0100": 7.289021895598151, "01X1100": 7.241306159557542, "01X1101": 7.159709068868853, "00X0101": 7.207424804909463, "00X1011": 7.167421774376846, "01X0011": 7.113160087885445, "10X1100": 6.881536480036367, "11X0100": 6.827274793544966, "11X1010": 6.787271763012349, "10X0010": 6.834987499052959, "10X0011": 6.75339040836427, "11X1011": 6.705674672323661, "11X0101": 6.745677702856277, "10X1101": 6.799939389347678, "10X1011": 6.756663383589666, "11X0011": 6.702401697098265, "11X1101": 6.748950678081673, "10X0101": 6.7966664141222815, "10X0100": 6.87826350481097, "11X1100": 6.830547768770361, "11X0010": 6.783998787786953, "10X1010": 6.838260474278354, "11X1110": 6.786786877793772, "10X0110": 6.834502613834381, "10X1000": 6.882021365254944, "11X0000": 6.827759678763543, "11X0001": 6.746162588074855, "10X1001": 6.8004242745662555, "10X0111": 6.752905523145692, "11X1111": 6.705189787105084, "11X1001": 6.74943556330025, "10X0001": 6.797151299340859, "10X1111": 6.756178498371089, "11X0111": 6.701916811879688, "11X0110": 6.783513902568377, "10X1110": 6.837775589059778, "10X0000": 6.878748390029548, "11X1000": 6.831032653988938, "00X0111": 7.163663913932874, "01X1111": 7.115948177892264, "01X0001": 7.1569209788620345, "00X1001": 7.211182665353435, "00X1000": 7.292779756042124, "01X0000": 7.238518069550723, "01X1110": 7.197545268580953, "00X0110": 7.245261004621562, "00X0000": 7.289506780816728, "01X1000": 7.24179104477612, "01X0110": 7.194272293355557, "00X1110": 7.248533979846958, "00X1111": 7.166936889158269, "01X0111": 7.1126752026668685, "01X1001": 7.160193954087431, "00X0001": 7.20790969012804}