{"01X0101": 7.125150272802935, "00X1101": 7.190068123670663, "00X0011": 7.134783144785919, "01X1011": 7.097083936993311, "01X1010": 7.179387195215931, "00X0010": 7.217086403008539, "00X1100": 7.272371381893283, "01X0100": 7.207453531025553, "01X0010": 7.16577787367837, "00X1010": 7.2306957245460985, "00X0100": 7.258762060355723, "01X1100": 7.221062852563115, "01X1101": 7.138759594340495, "00X0101": 7.176458802133103, "00X1011": 7.148392466323479, "01X0011": 7.083474615455751, "10X1100": 6.859313831262908, "11X0100": 6.794395980395178, "11X1010": 6.766329644585555, "10X0010": 6.804028852378163, "10X0011": 6.721725594155544, "11X1011": 6.684026386362936, "11X0101": 6.71209272217256, "10X1101": 6.777010573040288, "10X1011": 6.735334915693104, "11X0011": 6.670417064825376, "11X1101": 6.72570204371012, "10X0101": 6.763401251502728, "10X0100": 6.845704509725348, "11X1100": 6.80800530193274, "11X0010": 6.7527203230479955, "10X1010": 6.817638173915723, "11X1110": 6.765805616349681, "10X0110": 6.803504824142289, "10X1000": 6.859837859498782, "11X0000": 6.794920008631053, "11X0001": 6.712616750408434, "10X1001": 6.777534601276162, "10X0111": 6.721201565919669, "11X1111": 6.683502358127061, "11X1001": 6.7262260719459945, "10X0001": 6.7639252797386025, "10X1111": 6.734810887457231, "11X0111": 6.669893036589501, "11X0110": 6.752196294812121, "10X1110": 6.817114145679849, "10X0000": 6.846228537961222, "11X1000": 6.808529330168614, "00X0111": 7.134259116550044, "01X1111": 7.0965599087574365, "01X0001": 7.125674301038808, "00X1001": 7.190592151906538, "00X1000": 7.272895410129157, "01X0000": 7.207977559261428, "01X1110": 7.178863166980056, "00X0110": 7.216562374772664, "00X0000": 7.2592860885915975, "01X1000": 7.22158688079899, "01X0110": 7.165253845442496, "00X1110": 7.230171696310224, "00X1111": 7.147868438087605, "01X0111": 7.082950587219877, "01X1001": 7.13928362257637, "00X0001": 7.176982830368978}