{"01X0101": 7.561824981301421, "00X1101": 7.630650710545998, "00X0011": 7.569364248317128, "01X1011": 7.536350037397158, "01X1010": 7.617741211667913, "00X0010": 7.650755422587883, "00X1100": 7.712041884816754, "01X0100": 7.643216155572176, "01X0010": 7.5998354525056095, "00X1010": 7.668661181750187, "00X0100": 7.694136125654451, "01X1100": 7.66112191473448, "01X1101": 7.579730740463725, "00X0101": 7.612744951383695, "00X1011": 7.5872700074794315, "01X0011": 7.518444278234854, "10X1100": 7.332804786836201, "11X0100": 7.263979057591623, "11X1010": 7.23850411368736, "10X0010": 7.27151832460733, "10X0011": 7.190127150336575, "11X1011": 7.157112939416605, "11X0101": 7.182587883320868, "10X1101": 7.251413612565445, "10X1011": 7.208032909498878, "11X0011": 7.139207180254301, "11X1101": 7.200493642483171, "10X0101": 7.233507853403141, "10X0100": 7.3148990276738965, "11X1100": 7.2818848167539265, "11X0010": 7.220598354525056, "10X1010": 7.289424083769633, "11X1110": 7.237995512341062, "10X0110": 7.271009723261033, "10X1000": 7.333313388182498, "11X0000": 7.264487658937921, "11X0001": 7.183096484667165, "10X1001": 7.251922213911743, "10X0111": 7.189618548990277, "11X1111": 7.156604338070307, "11X1001": 7.201002243829469, "10X0001": 7.2340164547494386, "10X1111": 7.20752430815258, "11X0111": 7.138698578908003, "11X0110": 7.220089753178758, "10X1110": 7.288915482423336, "10X0000": 7.315407629020195, "11X1000": 7.282393418100225, "00X0111": 7.56885564697083, "01X1111": 7.53584143605086, "01X0001": 7.562333582647719, "00X1001": 7.631159311892296, "00X1000": 7.712550486163051, "01X0000": 7.643724756918474, "01X1110": 7.617232610321615, "00X0110": 7.650246821241586, "00X0000": 7.694644727000748, "01X1000": 7.661630516080778, "01X0110": 7.5993268511593115, "00X1110": 7.6681525804038895, "00X1111": 7.586761406133133, "01X0111": 7.517935676888556, "01X1001": 7.580239341810023, "00X0001": 7.613253552729993}