{"10X1011": {"fscore": 96.11703703703704, "precision": 96.5683950617284, "recall": 95.6820987654321}, "00X0111": {"fscore": 99.76783950617283, "precision": 99.77888888888889, "recall": 99.75586419753087}, "11X1111": {"fscore": 98.75623456790123, "precision": 98.7662962962963, "recall": 98.74296296296296}, "01X0011": {"fscore": 98.36666666666667, "precision": 98.36728395061728, "recall": 98.36925925925925}, "10X1001": {"fscore": 96.67222222222222, "precision": 96.86055555555555, "recall": 96.49}, "00X0101": {"fscore": 99.78888888888889, "precision": 99.7979012345679, "recall": 99.78141975308642}, "11X1101": {"fscore": 99.8220987654321, "precision": 99.8304938271605, "recall": 99.81345679012345}, "01X0001": {"fscore": 99.10339506172839, "precision": 99.11827160493827, "recall": 99.09314814814815}, "00X1101": {"fscore": 99.82253086419753, "precision": 99.8304938271605, "recall": 99.81796296296297}, "10X0001": {"fscore": 95.96722222222222, "precision": 96.22345679012345, "recall": 95.72216049382716}, "01X1001": {"fscore": 99.4374074074074, "precision": 99.44827160493827, "recall": 99.42401234567902}, "11X0101": {"fscore": 99.78123456790124, "precision": 99.7882098765432, "recall": 99.76506172839507}, "00X1111": {"fscore": 99.80154320987654, "precision": 99.81481481481481, "recall": 99.78901234567901}, "10X0011": {"fscore": 95.39944444444444, "precision": 95.49450617283951, "recall": 95.3058024691358}, "01X1011": {"fscore": 98.27654320987654, "precision": 98.27728395061729, "recall": 98.27561728395061}, "11X0111": {"fscore": 98.15783950617283, "precision": 98.17407407407408, "recall": 98.14135802469136}, "11X0011": {"fscore": 98.64370370370371, "precision": 98.66160493827161, "recall": 98.62561728395062}, "01X1111": {"fscore": 96.52024691358025, "precision": 96.50111111111111, "recall": 96.5383950617284}, "10X0111": {"fscore": 95.94395061728395, "precision": 96.27666666666667, "recall": 95.61351851851852}, "00X1011": {"fscore": 99.80141975308642, "precision": 99.81253086419753, "recall": 99.78858024691358}, "11X0001": {"fscore": 99.76592592592593, "precision": 99.7717901234568, "recall": 99.75512345679012}, "01X1101": {"fscore": 99.27302469135802, "precision": 99.28364197530864, "recall": 99.25827160493827}, "10X0101": {"fscore": 95.99018518518518, "precision": 96.23123456790124, "recall": 95.75117283950618}, "00X1001": {"fscore": 99.7879012345679, "precision": 99.8032098765432, "recall": 99.7791975308642}, "01X0101": {"fscore": 98.72746913580247, "precision": 98.72888888888889, "recall": 98.72611111111111}, "11X1001": {"fscore": 99.78111111111112, "precision": 99.79320987654322, "recall": 99.76820987654321}, "00X0001": {"fscore": 99.74450617283951, "precision": 99.75185185185185, "recall": 99.7345061728395}, "10X1101": {"fscore": 96.1691975308642, "precision": 96.36043209876543, "recall": 95.99}, "01X0111": {"fscore": 97.61666666666667, "precision": 97.59611111111111, "recall": 97.63697530864198}, "11X1011": {"fscore": 98.73802469135802, "precision": 98.77012345679013, "recall": 98.70456790123457}, "00X0011": {"fscore": 99.75932098765432, "precision": 99.76845679012345, "recall": 99.74734567901234}, "10X1111": {"fscore": 95.82512345679012, "precision": 96.08364197530864, "recall": 95.57845679012345}, "10X1100": {"fscore": 92.22222222222223, "precision": 91.95506172839507, "recall": 92.49592592592593}, "00X0000": {"fscore": 93.21679012345679, "precision": 92.4296913580247, "recall": 94.03401234567902}, "11X1000": {"fscore": 99.7741975308642, "precision": 99.77932098765433, "recall": 99.7703086419753}, "01X0100": {"fscore": 99.67617283950618, "precision": 99.6745061728395, "recall": 99.67697530864197}, "10X1110": {"fscore": 95.88055555555556, "precision": 95.99364197530863, "recall": 95.77086419753087}, "00X0010": {"fscore": 99.0696913580247, "precision": 99.03716049382716, "recall": 99.09802469135802}, "11X1010": {"fscore": 99.77006172839506, "precision": 99.78018518518519, "recall": 99.75691358024692}, "01X0110": {"fscore": 99.49425925925927, "precision": 99.50981481481482, "recall": 99.48444444444445}, "00X1010": {"fscore": 99.27345679012346, "precision": 99.28037037037036, "recall": 99.27438271604939}, "10X0110": {"fscore": 95.9753086419753, "precision": 96.23364197530864, "recall": 95.72469135802469}, "01X1110": {"fscore": 99.35185185185185, "precision": 99.35746913580246, "recall": 99.34697530864197}, "11X0010": {"fscore": 99.70469135802469, "precision": 99.7066049382716, "recall": 99.69524691358025}, "00X1000": {"fscore": 93.74771604938272, "precision": 93.31629629629629, "recall": 94.19117283950617}, "10X0100": {"fscore": 91.9054938271605, "precision": 91.5020987654321, "recall": 92.31728395061728}, "01X1100": {"fscore": 99.16944444444444, "precision": 99.17351851851852, "recall": 99.16253086419754}, "11X0000": {"fscore": 99.68037037037037, "precision": 99.6758024691358, "recall": 99.68685185185186}, "11X0100": {"fscore": 99.70975308641975, "precision": 99.70123456790124, "recall": 99.71432098765432}, "01X1000": {"fscore": 99.29388888888889, "precision": 99.29481481481481, "recall": 99.29425925925926}, "10X0000": {"fscore": 91.56154320987655, "precision": 91.05185185185185, "recall": 92.0862962962963}, "00X1100": {"fscore": 93.78648148148149, "precision": 93.22444444444444, "recall": 94.36839506172839}, "11X0110": {"fscore": 99.70722222222221, "precision": 99.71617283950617, "recall": 99.70635802469135}, "01X1010": {"fscore": 99.5241975308642, "precision": 99.52864197530864, "recall": 99.51827160493828}, "10X0010": {"fscore": 96.05172839506173, "precision": 96.32148148148148, "recall": 95.79037037037037}, "00X1110": {"fscore": 99.18518518518519, "precision": 99.1624074074074, "recall": 99.21012345679013}, "01X0010": {"fscore": 99.25611111111111, "precision": 99.26765432098766, "recall": 99.24432098765432}, "11X1110": {"fscore": 99.73314814814815, "precision": 99.74123456790123, "recall": 99.72549382716049}, "00X0110": {"fscore": 98.8591975308642, "precision": 98.74537037037037, "recall": 98.97648148148149}, "10X1010": {"fscore": 95.79376543209877, "precision": 95.87283950617284, "recall": 95.715}, "01X0000": {"fscore": 99.17796296296297, "precision": 99.17154320987655, "recall": 99.17993827160494}, "11X1100": {"fscore": 99.72123456790123, "precision": 99.72012345679012, "recall": 99.73006172839506}, "00X0100": {"fscore": 93.66432098765432, "precision": 93.29962962962964, "recall": 94.03413580246914}, "10X1000": {"fscore": 91.68814814814814, "precision": 91.12388888888889, "recall": 92.27092592592592}}