{"10X1011": {"fscore": 95.09, "precision": 94.50666666666666, "recall": 95.70666666666666}, "00X0111": {"fscore": 99.72166666666666, "precision": 99.73, "recall": 99.71833333333333}, "11X1111": {"fscore": 97.74833333333333, "precision": 97.78, "recall": 97.72}, "01X0011": {"fscore": 98.5, "precision": 98.50666666666666, "recall": 98.49000000000001}, "10X1001": {"fscore": 95.58, "precision": 94.815, "recall": 96.38000000000001}, "00X0101": {"fscore": 99.78999999999999, "precision": 99.80333333333333, "recall": 99.77833333333334}, "11X1101": {"fscore": 99.70666666666666, "precision": 99.74333333333333, "recall": 99.66333333333334}, "01X0001": {"fscore": 99.43166666666667, "precision": 99.44333333333333, "recall": 99.425}, "00X1101": {"fscore": 99.84833333333333, "precision": 99.86333333333333, "recall": 99.83500000000001}, "10X0001": {"fscore": 95.855, "precision": 95.55333333333333, "recall": 96.15833333333333}, "01X1001": {"fscore": 99.44, "precision": 99.44333333333333, "recall": 99.42833333333334}, "11X0101": {"fscore": 99.75333333333333, "precision": 99.78166666666667, "recall": 99.72666666666667}, "00X1111": {"fscore": 99.84166666666667, "precision": 99.85, "recall": 99.82333333333334}, "10X0011": {"fscore": 95.255, "precision": 95.21166666666666, "recall": 95.29666666666667}, "01X1011": {"fscore": 98.11666666666666, "precision": 98.12666666666667, "recall": 98.10166666666666}, "11X0111": {"fscore": 97.59166666666667, "precision": 97.61999999999999, "recall": 97.56666666666666}, "11X0011": {"fscore": 97.97, "precision": 98.02333333333334, "recall": 97.92166666666667}, "01X1111": {"fscore": 96.43666666666667, "precision": 96.43, "recall": 96.44666666666667}, "10X0111": {"fscore": 95.11666666666666, "precision": 95.17999999999999, "recall": 95.045}, "00X1011": {"fscore": 99.78833333333333, "precision": 99.79833333333333, "recall": 99.77166666666668}, "11X0001": {"fscore": 99.78, "precision": 99.79833333333333, "recall": 99.75833333333334}, "01X1101": {"fscore": 99.63166666666666, "precision": 99.64833333333333, "recall": 99.61333333333333}, "10X0101": {"fscore": 95.115, "precision": 94.39333333333333, "recall": 95.87166666666667}, "00X1001": {"fscore": 99.84333333333333, "precision": 99.84666666666666, "recall": 99.83833333333334}, "01X0101": {"fscore": 99.51166666666667, "precision": 99.52, "recall": 99.505}, "11X1001": {"fscore": 99.64, "precision": 99.69666666666666, "recall": 99.58166666666666}, "00X0001": {"fscore": 99.79166666666667, "precision": 99.8, "recall": 99.78166666666667}, "10X1101": {"fscore": 95.27833333333334, "precision": 94.70166666666667, "recall": 95.88000000000001}, "01X0111": {"fscore": 97.31, "precision": 97.295, "recall": 97.32833333333333}, "11X1011": {"fscore": 98.60666666666667, "precision": 98.68333333333334, "recall": 98.53333333333333}, "00X0011": {"fscore": 99.80166666666666, "precision": 99.81833333333333, "recall": 99.78833333333333}, "10X1111": {"fscore": 95.15833333333333, "precision": 94.62833333333333, "recall": 95.71833333333333}, "10X1100": {"fscore": 92.39, "precision": 91.98666666666666, "recall": 92.8}, "00X0000": {"fscore": 93.19333333333333, "precision": 92.24166666666666, "recall": 94.18833333333333}, "11X1000": {"fscore": 99.78333333333333, "precision": 99.78166666666667, "recall": 99.78833333333333}, "01X0100": {"fscore": 99.59666666666666, "precision": 99.59166666666667, "recall": 99.59833333333333}, "10X1110": {"fscore": 95.44500000000001, "precision": 94.86833333333333, "recall": 96.05333333333333}, "00X0010": {"fscore": 99.09166666666667, "precision": 99.04333333333334, "recall": 99.13666666666667}, "11X1010": {"fscore": 99.82166666666667, "precision": 99.835, "recall": 99.80666666666667}, "01X0110": {"fscore": 99.32499999999999, "precision": 99.32499999999999, "recall": 99.32}, "00X1010": {"fscore": 99.29333333333334, "precision": 99.26, "recall": 99.32833333333333}, "10X0110": {"fscore": 95.28333333333333, "precision": 95.21833333333333, "recall": 95.34666666666666}, "01X1110": {"fscore": 99.0, "precision": 99.01166666666667, "recall": 98.98833333333333}, "11X0010": {"fscore": 99.77666666666667, "precision": 99.78833333333333, "recall": 99.76166666666667}, "00X1000": {"fscore": 93.85833333333333, "precision": 93.39999999999999, "recall": 94.33166666666666}, "10X0100": {"fscore": 92.01833333333333, "precision": 91.70666666666666, "recall": 92.33666666666667}, "01X1100": {"fscore": 99.665, "precision": 99.665, "recall": 99.65833333333333}, "11X0000": {"fscore": 99.65, "precision": 99.63666666666666, "recall": 99.66499999999999}, "11X0100": {"fscore": 99.69333333333334, "precision": 99.69333333333334, "recall": 99.68666666666667}, "01X1000": {"fscore": 99.435, "precision": 99.42999999999999, "recall": 99.435}, "10X0000": {"fscore": 91.42166666666667, "precision": 90.78, "recall": 92.08}, "00X1100": {"fscore": 93.205, "precision": 92.11, "recall": 94.35666666666667}, "11X0110": {"fscore": 99.695, "precision": 99.70666666666666, "recall": 99.68166666666667}, "01X1010": {"fscore": 99.16333333333333, "precision": 99.17333333333333, "recall": 99.15333333333334}, "10X0010": {"fscore": 95.29666666666667, "precision": 94.88, "recall": 95.73}, "00X1110": {"fscore": 99.24, "precision": 99.215, "recall": 99.27333333333333}, "01X0010": {"fscore": 99.435, "precision": 99.44666666666666, "recall": 99.42666666666666}, "11X1110": {"fscore": 99.765, "precision": 99.78333333333333, "recall": 99.74833333333333}, "00X0110": {"fscore": 98.91833333333334, "precision": 98.825, "recall": 99.015}, "10X1010": {"fscore": 95.26166666666667, "precision": 94.65666666666667, "recall": 95.88499999999999}, "01X0000": {"fscore": 99.675, "precision": 99.67166666666667, "recall": 99.67833333333333}, "11X1100": {"fscore": 99.80333333333333, "precision": 99.81333333333333, "recall": 99.79166666666667}, "00X0100": {"fscore": 92.92666666666666, "precision": 91.77, "recall": 94.14166666666667}, "10X1000": {"fscore": 91.27000000000001, "precision": 90.375, "recall": 92.205}}