{"10X1011": {"fscore": 99.8488888888889, "precision": 99.85222222222222, "recall": 99.85444444444444}, "00X0111": {"fscore": 99.83777777777777, "precision": 99.83055555555556, "recall": 99.84722222222221}, "11X1111": {"fscore": 97.28333333333333, "precision": 97.19722222222222, "recall": 97.37055555555555}, "01X0011": {"fscore": 99.08222222222223, "precision": 99.07388888888889, "recall": 99.09}, "10X1001": {"fscore": 99.83888888888889, "precision": 99.83166666666666, "recall": 99.85333333333334}, "00X0101": {"fscore": 99.83277777777778, "precision": 99.82388888888889, "recall": 99.84222222222222}, "11X1101": {"fscore": 99.74666666666667, "precision": 99.715, "recall": 99.77444444444444}, "01X0001": {"fscore": 99.80777777777777, "precision": 99.78888888888889, "recall": 99.82055555555556}, "00X1101": {"fscore": 99.81666666666666, "precision": 99.80388888888889, "recall": 99.83}, "10X0001": {"fscore": 99.85222222222222, "precision": 99.84666666666666, "recall": 99.85944444444443}, "01X1001": {"fscore": 99.83277777777778, "precision": 99.81888888888889, "recall": 99.84666666666666}, "11X0101": {"fscore": 99.79777777777778, "precision": 99.78444444444445, "recall": 99.81277777777777}, "00X1111": {"fscore": 99.84611111111111, "precision": 99.83111111111111, "recall": 99.85833333333333}, "10X0011": {"fscore": 99.84666666666666, "precision": 99.84444444444443, "recall": 99.85666666666667}, "01X1011": {"fscore": 99.16944444444444, "precision": 99.16166666666666, "recall": 99.18166666666667}, "11X0111": {"fscore": 98.44277777777778, "precision": 98.37888888888888, "recall": 98.50722222222223}, "11X0011": {"fscore": 98.71388888888889, "precision": 98.66444444444444, "recall": 98.76444444444445}, "01X1111": {"fscore": 99.18111111111111, "precision": 99.16555555555556, "recall": 99.19444444444444}, "10X0111": {"fscore": 99.83333333333333, "precision": 99.82888888888888, "recall": 99.83666666666667}, "00X1011": {"fscore": 99.835, "precision": 99.83166666666666, "recall": 99.84611111111111}, "11X0001": {"fscore": 99.78333333333333, "precision": 99.77166666666666, "recall": 99.79666666666667}, "01X1101": {"fscore": 99.80166666666666, "precision": 99.78444444444445, "recall": 99.82}, "10X0101": {"fscore": 99.80833333333334, "precision": 99.79611111111112, "recall": 99.81888888888888}, "00X1001": {"fscore": 99.82833333333333, "precision": 99.81833333333333, "recall": 99.84277777777777}, "01X0101": {"fscore": 99.81555555555556, "precision": 99.79555555555555, "recall": 99.83444444444444}, "11X1001": {"fscore": 99.78722222222223, "precision": 99.77333333333333, "recall": 99.80222222222223}, "00X0001": {"fscore": 99.84888888888888, "precision": 99.84166666666667, "recall": 99.85944444444445}, "10X1101": {"fscore": 96.87, "precision": 96.8638888888889, "recall": 96.87944444444445}, "01X0111": {"fscore": 98.62388888888889, "precision": 98.57277777777777, "recall": 98.67555555555555}, "11X1011": {"fscore": 98.32055555555556, "precision": 98.25888888888889, "recall": 98.38277777777778}, "00X0011": {"fscore": 99.84388888888888, "precision": 99.83277777777778, "recall": 99.84777777777778}, "10X1111": {"fscore": 99.83888888888889, "precision": 99.82944444444445, "recall": 99.85166666666666}, "10X1100": {"fscore": 99.21444444444444, "precision": 99.20944444444444, "recall": 99.22222222222221}, "00X0000": {"fscore": 99.08166666666666, "precision": 99.03999999999999, "recall": 99.12777777777778}, "11X1000": {"fscore": 99.80277777777778, "precision": 99.78055555555555, "recall": 99.82666666666667}, "01X0100": {"fscore": 99.50555555555555, "precision": 99.38888888888889, "recall": 99.62222222222222}, "10X1110": {"fscore": 99.81444444444445, "precision": 99.79833333333333, "recall": 99.83444444444444}, "00X0010": {"fscore": 99.80055555555556, "precision": 99.78611111111111, "recall": 99.81166666666667}, "11X1010": {"fscore": 99.80444444444444, "precision": 99.78444444444445, "recall": 99.82611111111112}, "01X0110": {"fscore": 99.55722222222222, "precision": 99.49944444444445, "recall": 99.61722222222222}, "00X1010": {"fscore": 99.80444444444444, "precision": 99.78888888888889, "recall": 99.81944444444444}, "10X0110": {"fscore": 99.81166666666667, "precision": 99.80388888888889, "recall": 99.82166666666667}, "01X1110": {"fscore": 99.60055555555556, "precision": 99.54166666666667, "recall": 99.65444444444445}, "11X0010": {"fscore": 99.79055555555556, "precision": 99.77222222222223, "recall": 99.81333333333333}, "00X1000": {"fscore": 98.99444444444444, "precision": 98.97222222222223, "recall": 99.01777777777778}, "10X0100": {"fscore": 99.21388888888889, "precision": 99.19666666666667, "recall": 99.23333333333333}, "01X1100": {"fscore": 99.48277777777778, "precision": 99.39277777777778, "recall": 99.57833333333333}, "11X0000": {"fscore": 99.76833333333333, "precision": 99.74833333333333, "recall": 99.78611111111111}, "11X0100": {"fscore": 99.77555555555556, "precision": 99.75388888888888, "recall": 99.79833333333333}, "01X1000": {"fscore": 99.69944444444444, "precision": 99.64, "recall": 99.75222222222222}, "10X0000": {"fscore": 99.19666666666667, "precision": 99.16888888888889, "recall": 99.2238888888889}, "00X1100": {"fscore": 98.85944444444445, "precision": 98.80111111111111, "recall": 98.91722222222222}, "11X0110": {"fscore": 99.77666666666667, "precision": 99.75444444444445, "recall": 99.80277777777778}, "01X1010": {"fscore": 99.64055555555555, "precision": 99.59388888888888, "recall": 99.69222222222221}, "10X0010": {"fscore": 99.8261111111111, "precision": 99.81666666666666, "recall": 99.83444444444444}, "00X1110": {"fscore": 99.82222222222222, "precision": 99.80388888888889, "recall": 99.83833333333332}, "01X0010": {"fscore": 99.21666666666667, "precision": 99.13777777777777, "recall": 99.29166666666667}, "11X1110": {"fscore": 99.70833333333333, "precision": 99.66944444444444, "recall": 99.75277777777778}, "00X0110": {"fscore": 99.785, "precision": 99.77055555555555, "recall": 99.80333333333334}, "10X1010": {"fscore": 99.84333333333333, "precision": 99.835, "recall": 99.85388888888889}, "01X0000": {"fscore": 99.38777777777777, "precision": 99.24888888888889, "recall": 99.52888888888889}, "11X1100": {"fscore": 99.80222222222223, "precision": 99.78444444444445, "recall": 99.82222222222222}, "00X0100": {"fscore": 99.14111111111112, "precision": 99.12944444444445, "recall": 99.15555555555555}, "10X1000": {"fscore": 99.25944444444444, "precision": 99.24499999999999, "recall": 99.27833333333334}}