{"10X1011": {"fscore": 94.52432098765432, "precision": 92.4558024691358, "recall": 96.9504938271605}, "00X0111": {"fscore": 99.79753086419753, "precision": 99.79228395061729, "recall": 99.80302469135802}, "11X1111": {"fscore": 98.76925925925926, "precision": 98.72858024691358, "recall": 98.81228395061729}, "01X0011": {"fscore": 99.20469135802469, "precision": 99.19265432098766, "recall": 99.21444444444444}, "10X1001": {"fscore": 99.81654320987654, "precision": 99.8124074074074, "recall": 99.81814814814814}, "00X0101": {"fscore": 99.79919753086419, "precision": 99.79598765432098, "recall": 99.80358024691358}, "11X1101": {"fscore": 99.73296296296296, "precision": 99.70166666666667, "recall": 99.76049382716049}, "01X0001": {"fscore": 99.77753086419753, "precision": 99.76432098765432, "recall": 99.78561728395061}, "00X1101": {"fscore": 99.81407407407407, "precision": 99.80932098765432, "recall": 99.81888888888889}, "10X0001": {"fscore": 99.82358024691358, "precision": 99.81962962962963, "recall": 99.82882716049383}, "01X1001": {"fscore": 99.77697530864198, "precision": 99.76987654320988, "recall": 99.78407407407407}, "11X0101": {"fscore": 99.7841975308642, "precision": 99.76938271604938, "recall": 99.79919753086419}, "00X1111": {"fscore": 99.8229012345679, "precision": 99.8179012345679, "recall": 99.82981481481481}, "10X0011": {"fscore": 99.80962962962963, "precision": 99.80604938271604, "recall": 99.81407407407407}, "01X1011": {"fscore": 99.21438271604939, "precision": 99.20907407407407, "recall": 99.2212962962963}, "11X0111": {"fscore": 98.9791975308642, "precision": 98.95543209876543, "recall": 99.00302469135802}, "11X0011": {"fscore": 99.03487654320988, "precision": 99.01827160493828, "recall": 99.05160493827161}, "01X1111": {"fscore": 99.02456790123456, "precision": 99.01061728395061, "recall": 99.03382716049383}, "10X0111": {"fscore": 99.51592592592593, "precision": 99.23098765432098, "recall": 99.8162962962963}, "00X1011": {"fscore": 99.81055555555555, "precision": 99.80351851851852, "recall": 99.81734567901235}, "11X0001": {"fscore": 99.78592592592592, "precision": 99.77351851851851, "recall": 99.79851851851852}, "01X1101": {"fscore": 99.67574074074074, "precision": 99.66271604938271, "recall": 99.68555555555555}, "10X0101": {"fscore": 99.81314814814814, "precision": 99.81179012345679, "recall": 99.81432098765433}, "00X1001": {"fscore": 99.82203703703703, "precision": 99.81537037037036, "recall": 99.83141975308641}, "01X0101": {"fscore": 99.77283950617284, "precision": 99.76283950617284, "recall": 99.78382716049383}, "11X1001": {"fscore": 99.77635802469136, "precision": 99.75814814814815, "recall": 99.78802469135802}, "00X0001": {"fscore": 99.80543209876544, "precision": 99.79462962962963, "recall": 99.81438271604938}, "10X1101": {"fscore": 99.48666666666666, "precision": 99.48487654320988, "recall": 99.48993827160494}, "01X0111": {"fscore": 99.16265432098766, "precision": 99.15364197530864, "recall": 99.17172839506173}, "11X1011": {"fscore": 98.91672839506172, "precision": 98.88765432098765, "recall": 98.94808641975308}, "00X0011": {"fscore": 99.8070987654321, "precision": 99.8003086419753, "recall": 99.81197530864198}, "10X1111": {"fscore": 99.78320987654321, "precision": 99.77771604938272, "recall": 99.79240740740741}, "10X1100": {"fscore": 99.37382716049383, "precision": 99.37104938271605, "recall": 99.37246913580246}, "00X0000": {"fscore": 99.11907407407408, "precision": 99.10555555555555, "recall": 99.13197530864197}, "11X1000": {"fscore": 99.83586419753087, "precision": 99.82672839506172, "recall": 99.84518518518519}, "01X0100": {"fscore": 99.58283950617285, "precision": 99.52543209876544, "recall": 99.64135802469136}, "10X1110": {"fscore": 99.84827160493826, "precision": 99.84425925925926, "recall": 99.8527160493827}, "00X0010": {"fscore": 99.82561728395062, "precision": 99.81956790123456, "recall": 99.8324074074074}, "11X1010": {"fscore": 99.84716049382716, "precision": 99.83493827160494, "recall": 99.85845679012345}, "01X0110": {"fscore": 99.66302469135802, "precision": 99.63327160493827, "recall": 99.68746913580247}, "00X1010": {"fscore": 99.83604938271606, "precision": 99.82765432098766, "recall": 99.84438271604938}, "10X0110": {"fscore": 99.78907407407408, "precision": 99.78598765432099, "recall": 99.78685185185185}, "01X1110": {"fscore": 99.69895061728396, "precision": 99.66796296296296, "recall": 99.72938271604939}, "11X0010": {"fscore": 99.75228395061728, "precision": 99.72913580246913, "recall": 99.77259259259259}, "00X1000": {"fscore": 99.2116049382716, "precision": 99.20246913580247, "recall": 99.21864197530864}, "10X0100": {"fscore": 99.2570987654321, "precision": 99.25185185185185, "recall": 99.25814814814815}, "01X1100": {"fscore": 99.45697530864197, "precision": 99.39141975308642, "recall": 99.53092592592593}, "11X0000": {"fscore": 99.7587037037037, "precision": 99.74425925925925, "recall": 99.77734567901234}, "11X0100": {"fscore": 99.77172839506173, "precision": 99.75376543209876, "recall": 99.79092592592593}, "01X1000": {"fscore": 99.5454938271605, "precision": 99.48666666666666, "recall": 99.60358024691358}, "10X0000": {"fscore": 99.30074074074074, "precision": 99.29543209876543, "recall": 99.3070987654321}, "00X1100": {"fscore": 99.16771604938272, "precision": 99.15456790123457, "recall": 99.18191358024691}, "11X0110": {"fscore": 99.7462962962963, "precision": 99.72271604938271, "recall": 99.7703086419753}, "01X1010": {"fscore": 99.69895061728396, "precision": 99.68043209876542, "recall": 99.72135802469136}, "10X0010": {"fscore": 99.80401234567901, "precision": 99.80074074074074, "recall": 99.8104938271605}, "00X1110": {"fscore": 99.8558024691358, "precision": 99.85376543209877, "recall": 99.86092592592593}, "01X0010": {"fscore": 99.62851851851852, "precision": 99.60086419753087, "recall": 99.65351851851851}, "11X1110": {"fscore": 99.82092592592592, "precision": 99.80216049382716, "recall": 99.83586419753087}, "00X0110": {"fscore": 99.79277777777777, "precision": 99.79006172839506, "recall": 99.80259259259259}, "10X1010": {"fscore": 99.86259259259259, "precision": 99.85833333333333, "recall": 99.8670987654321}, "01X0000": {"fscore": 99.47641975308642, "precision": 99.41432098765432, "recall": 99.53987654320987}, "11X1100": {"fscore": 99.83913580246913, "precision": 99.82938271604938, "recall": 99.84802469135802}, "00X0100": {"fscore": 99.16456790123456, "precision": 99.1566049382716, "recall": 99.17506172839506}, "10X1000": {"fscore": 99.38993827160495, "precision": 99.3861111111111, "recall": 99.39425925925926}}