{"10X1011": {"fscore": 99.83, "precision": 99.83, "recall": 99.83}, "00X0111": {"fscore": 99.8, "precision": 99.795, "recall": 99.805}, "11X1111": {"fscore": 98.45, "precision": 98.39500000000001, "recall": 98.505}, "01X0011": {"fscore": 99.03, "precision": 99.005, "recall": 99.05}, "10X1001": {"fscore": 99.80000000000001, "precision": 99.785, "recall": 99.81}, "00X0101": {"fscore": 99.755, "precision": 99.735, "recall": 99.77000000000001}, "11X1101": {"fscore": 99.38, "precision": 99.255, "recall": 99.50999999999999}, "01X0001": {"fscore": 99.72, "precision": 99.69, "recall": 99.745}, "00X1101": {"fscore": 99.8, "precision": 99.785, "recall": 99.82}, "10X0001": {"fscore": 99.81, "precision": 99.8, "recall": 99.815}, "01X1001": {"fscore": 99.715, "precision": 99.69, "recall": 99.74000000000001}, "11X0101": {"fscore": 99.68, "precision": 99.65, "recall": 99.715}, "00X1111": {"fscore": 99.845, "precision": 99.83, "recall": 99.85499999999999}, "10X0011": {"fscore": 99.78999999999999, "precision": 99.78999999999999, "recall": 99.80000000000001}, "01X1011": {"fscore": 99.035, "precision": 99.025, "recall": 99.055}, "11X0111": {"fscore": 98.855, "precision": 98.82, "recall": 98.895}, "11X0011": {"fscore": 98.965, "precision": 98.94, "recall": 99.0}, "01X1111": {"fscore": 99.06, "precision": 99.05, "recall": 99.07}, "10X0111": {"fscore": 99.80000000000001, "precision": 99.78999999999999, "recall": 99.80000000000001}, "00X1011": {"fscore": 99.815, "precision": 99.805, "recall": 99.82499999999999}, "11X0001": {"fscore": 99.69, "precision": 99.66499999999999, "recall": 99.71000000000001}, "01X1101": {"fscore": 99.755, "precision": 99.72999999999999, "recall": 99.78}, "10X0101": {"fscore": 99.775, "precision": 99.755, "recall": 99.78999999999999}, "00X1001": {"fscore": 99.755, "precision": 99.745, "recall": 99.775}, "01X0101": {"fscore": 99.71000000000001, "precision": 99.68, "recall": 99.74000000000001}, "11X1001": {"fscore": 99.545, "precision": 99.48, "recall": 99.61}, "00X0001": {"fscore": 99.8, "precision": 99.785, "recall": 99.815}, "10X1101": {"fscore": 99.77000000000001, "precision": 99.765, "recall": 99.775}, "01X0111": {"fscore": 99.075, "precision": 99.065, "recall": 99.09}, "11X1011": {"fscore": 98.685, "precision": 98.63, "recall": 98.735}, "00X0011": {"fscore": 99.795, "precision": 99.785, "recall": 99.81}, "10X1111": {"fscore": 99.83, "precision": 99.815, "recall": 99.845}, "10X1100": {"fscore": 99.22, "precision": 99.185, "recall": 99.25999999999999}, "00X0000": {"fscore": 99.095, "precision": 99.08, "recall": 99.11}, "11X1000": {"fscore": 99.685, "precision": 99.645, "recall": 99.73}, "01X0100": {"fscore": 98.85, "precision": 98.62, "recall": 99.08000000000001}, "10X1110": {"fscore": 99.78, "precision": 99.765, "recall": 99.80000000000001}, "00X0010": {"fscore": 99.775, "precision": 99.765, "recall": 99.785}, "11X1010": {"fscore": 99.7, "precision": 99.66, "recall": 99.735}, "01X0110": {"fscore": 99.275, "precision": 99.11500000000001, "recall": 99.435}, "00X1010": {"fscore": 99.80000000000001, "precision": 99.78999999999999, "recall": 99.815}, "10X0110": {"fscore": 99.745, "precision": 99.725, "recall": 99.765}, "01X1110": {"fscore": 99.54499999999999, "precision": 99.465, "recall": 99.62}, "11X0010": {"fscore": 99.735, "precision": 99.7, "recall": 99.77}, "00X1000": {"fscore": 99.05000000000001, "precision": 99.03, "recall": 99.07}, "10X0100": {"fscore": 99.20500000000001, "precision": 99.17, "recall": 99.24000000000001}, "01X1100": {"fscore": 98.015, "precision": 97.735, "recall": 98.305}, "11X0000": {"fscore": 99.70500000000001, "precision": 99.655, "recall": 99.755}, "11X0100": {"fscore": 99.66, "precision": 99.595, "recall": 99.725}, "01X1000": {"fscore": 99.245, "precision": 99.09, "recall": 99.4}, "10X0000": {"fscore": 99.12, "precision": 99.08, "recall": 99.155}, "00X1100": {"fscore": 98.935, "precision": 98.92, "recall": 98.945}, "11X0110": {"fscore": 99.68, "precision": 99.64, "recall": 99.725}, "01X1010": {"fscore": 99.035, "precision": 98.815, "recall": 99.25999999999999}, "10X0010": {"fscore": 99.765, "precision": 99.74000000000001, "recall": 99.78999999999999}, "00X1110": {"fscore": 99.81, "precision": 99.795, "recall": 99.82499999999999}, "01X0010": {"fscore": 99.65, "precision": 99.61, "recall": 99.685}, "11X1110": {"fscore": 99.665, "precision": 99.625, "recall": 99.715}, "00X0110": {"fscore": 99.795, "precision": 99.785, "recall": 99.81}, "10X1010": {"fscore": 99.81, "precision": 99.795, "recall": 99.82499999999999}, "01X0000": {"fscore": 99.1, "precision": 98.93, "recall": 99.27}, "11X1100": {"fscore": 99.74, "precision": 99.71000000000001, "recall": 99.77000000000001}, "00X0100": {"fscore": 99.02, "precision": 99.005, "recall": 99.03999999999999}, "10X1000": {"fscore": 99.165, "precision": 99.13499999999999, "recall": 99.205}}