{"10X1011": {"fscore": 95.42, "precision": 95.66, "recall": 95.18}, "00X0111": {"fscore": 99.795, "precision": 99.81, "recall": 99.785}, "11X1111": {"fscore": 97.625, "precision": 97.66, "recall": 97.59}, "01X0011": {"fscore": 98.18, "precision": 98.18, "recall": 98.18}, "10X1001": {"fscore": 96.47999999999999, "precision": 96.275, "recall": 96.68}, "00X0101": {"fscore": 99.74, "precision": 99.75, "recall": 99.735}, "11X1101": {"fscore": 99.82, "precision": 99.83, "recall": 99.80000000000001}, "01X0001": {"fscore": 99.535, "precision": 99.53999999999999, "recall": 99.535}, "00X1101": {"fscore": 99.785, "precision": 99.8, "recall": 99.775}, "10X0001": {"fscore": 96.015, "precision": 95.86, "recall": 96.16499999999999}, "01X1001": {"fscore": 99.71000000000001, "precision": 99.69999999999999, "recall": 99.715}, "11X0101": {"fscore": 99.78, "precision": 99.795, "recall": 99.76}, "00X1111": {"fscore": 99.76499999999999, "precision": 99.77, "recall": 99.75}, "10X0011": {"fscore": 95.14500000000001, "precision": 95.255, "recall": 95.03}, "01X1011": {"fscore": 97.41, "precision": 97.4, "recall": 97.425}, "11X0111": {"fscore": 97.455, "precision": 97.47999999999999, "recall": 97.43}, "11X0011": {"fscore": 97.53, "precision": 97.58, "recall": 97.485}, "01X1111": {"fscore": 96.14, "precision": 96.12, "recall": 96.16}, "10X0111": {"fscore": 95.33, "precision": 95.64, "recall": 95.01499999999999}, "00X1011": {"fscore": 99.765, "precision": 99.775, "recall": 99.745}, "11X0001": {"fscore": 99.72999999999999, "precision": 99.745, "recall": 99.70500000000001}, "01X1101": {"fscore": 99.38499999999999, "precision": 99.38499999999999, "recall": 99.38}, "10X0101": {"fscore": 95.765, "precision": 95.61, "recall": 95.925}, "00X1001": {"fscore": 99.79, "precision": 99.79, "recall": 99.785}, "01X0101": {"fscore": 99.08500000000001, "precision": 99.08, "recall": 99.095}, "11X1001": {"fscore": 99.69, "precision": 99.72999999999999, "recall": 99.645}, "00X0001": {"fscore": 99.735, "precision": 99.74000000000001, "recall": 99.725}, "10X1101": {"fscore": 96.505, "precision": 96.525, "recall": 96.49000000000001}, "01X0111": {"fscore": 96.88, "precision": 96.875, "recall": 96.89500000000001}, "11X1011": {"fscore": 98.42, "precision": 98.49000000000001, "recall": 98.35}, "00X0011": {"fscore": 99.755, "precision": 99.775, "recall": 99.735}, "10X1111": {"fscore": 95.565, "precision": 95.85499999999999, "recall": 95.275}, "10X1100": {"fscore": 92.41, "precision": 92.03, "recall": 92.79}, "00X0000": {"fscore": 93.22, "precision": 92.715, "recall": 93.725}, "11X1000": {"fscore": 99.72, "precision": 99.715, "recall": 99.725}, "01X0100": {"fscore": 99.37, "precision": 99.36500000000001, "recall": 99.375}, "10X1110": {"fscore": 96.425, "precision": 96.625, "recall": 96.22999999999999}, "00X0010": {"fscore": 99.095, "precision": 99.1, "recall": 99.09}, "11X1010": {"fscore": 99.745, "precision": 99.755, "recall": 99.74}, "01X0110": {"fscore": 99.35499999999999, "precision": 99.35499999999999, "recall": 99.35}, "00X1010": {"fscore": 99.13, "precision": 99.05000000000001, "recall": 99.215}, "10X0110": {"fscore": 95.9, "precision": 95.955, "recall": 95.85}, "01X1110": {"fscore": 99.35, "precision": 99.36500000000001, "recall": 99.33500000000001}, "11X0010": {"fscore": 99.71000000000001, "precision": 99.725, "recall": 99.695}, "00X1000": {"fscore": 92.975, "precision": 92.1, "recall": 93.88499999999999}, "10X0100": {"fscore": 92.39500000000001, "precision": 92.18, "recall": 92.62}, "01X1100": {"fscore": 99.315, "precision": 99.295, "recall": 99.32499999999999}, "11X0000": {"fscore": 99.56, "precision": 99.53999999999999, "recall": 99.585}, "11X0100": {"fscore": 99.73, "precision": 99.73, "recall": 99.72}, "01X1000": {"fscore": 98.64500000000001, "precision": 98.63, "recall": 98.66499999999999}, "10X0000": {"fscore": 91.485, "precision": 91.03, "recall": 91.95}, "00X1100": {"fscore": 93.185, "precision": 92.43, "recall": 93.96}, "11X0110": {"fscore": 99.695, "precision": 99.73, "recall": 99.655}, "01X1010": {"fscore": 98.38, "precision": 98.39, "recall": 98.37}, "10X0010": {"fscore": 95.71000000000001, "precision": 95.59, "recall": 95.84}, "00X1110": {"fscore": 99.19, "precision": 99.185, "recall": 99.19999999999999}, "01X0010": {"fscore": 98.88499999999999, "precision": 98.89, "recall": 98.88}, "11X1110": {"fscore": 99.66499999999999, "precision": 99.69, "recall": 99.645}, "00X0110": {"fscore": 98.705, "precision": 98.555, "recall": 98.85499999999999}, "10X1010": {"fscore": 96.055, "precision": 95.82, "recall": 96.29499999999999}, "01X0000": {"fscore": 99.535, "precision": 99.515, "recall": 99.555}, "11X1100": {"fscore": 99.82, "precision": 99.84, "recall": 99.805}, "00X0100": {"fscore": 93.13, "precision": 92.45, "recall": 93.825}, "10X1000": {"fscore": 90.99000000000001, "precision": 89.61500000000001, "recall": 92.455}}