{"10X1011": {"fscore": 99.81296296296296, "precision": 99.80740740740741, "recall": 99.82148148148148}, "00X0111": {"fscore": 99.82259259259258, "precision": 99.81685185185185, "recall": 99.82907407407407}, "11X1111": {"fscore": 98.22777777777777, "precision": 98.15574074074074, "recall": 98.30685185185186}, "01X0011": {"fscore": 99.05407407407408, "precision": 99.01796296296297, "recall": 99.08333333333333}, "10X1001": {"fscore": 99.84962962962963, "precision": 99.84722222222221, "recall": 99.85444444444444}, "00X0101": {"fscore": 99.81759259259259, "precision": 99.80796296296296, "recall": 99.83074074074074}, "11X1101": {"fscore": 99.67888888888889, "precision": 99.605, "recall": 99.75148148148148}, "01X0001": {"fscore": 99.7825925925926, "precision": 99.76296296296296, "recall": 99.79685185185186}, "00X1101": {"fscore": 99.81222222222222, "precision": 99.79796296296297, "recall": 99.82666666666667}, "10X0001": {"fscore": 99.82074074074075, "precision": 99.80888888888889, "recall": 99.83648148148148}, "01X1001": {"fscore": 99.75092592592593, "precision": 99.73962962962963, "recall": 99.76222222222222}, "11X0101": {"fscore": 99.7425925925926, "precision": 99.70814814814815, "recall": 99.77759259259258}, "00X1111": {"fscore": 99.8087037037037, "precision": 99.7937037037037, "recall": 99.81944444444444}, "10X0011": {"fscore": 99.79888888888888, "precision": 99.78814814814814, "recall": 99.81222222222222}, "01X1011": {"fscore": 99.30314814814815, "precision": 99.28722222222221, "recall": 99.32388888888889}, "11X0111": {"fscore": 98.6575925925926, "precision": 98.59629629629629, "recall": 98.71907407407407}, "11X0011": {"fscore": 98.86462962962963, "precision": 98.82481481481481, "recall": 98.90481481481481}, "01X1111": {"fscore": 99.2337037037037, "precision": 99.21185185185185, "recall": 99.25148148148148}, "10X0111": {"fscore": 98.94777777777777, "precision": 98.09296296296296, "recall": 99.8488888888889}, "00X1011": {"fscore": 99.82166666666666, "precision": 99.81055555555555, "recall": 99.83203703703704}, "11X0001": {"fscore": 99.76777777777778, "precision": 99.75055555555555, "recall": 99.78555555555556}, "01X1101": {"fscore": 99.75722222222223, "precision": 99.73814814814814, "recall": 99.77666666666667}, "10X0101": {"fscore": 99.83944444444444, "precision": 99.83537037037037, "recall": 99.84296296296296}, "00X1001": {"fscore": 99.80611111111111, "precision": 99.7961111111111, "recall": 99.82425925925925}, "01X0101": {"fscore": 99.76851851851852, "precision": 99.74851851851852, "recall": 99.79148148148148}, "11X1001": {"fscore": 99.72907407407408, "precision": 99.70444444444445, "recall": 99.75407407407407}, "00X0001": {"fscore": 99.82629629629629, "precision": 99.81388888888888, "recall": 99.84314814814815}, "10X1101": {"fscore": 98.83, "precision": 98.82462962962963, "recall": 98.83981481481482}, "01X0111": {"fscore": 99.02796296296296, "precision": 99.00092592592593, "recall": 99.05518518518518}, "11X1011": {"fscore": 98.69018518518519, "precision": 98.63296296296296, "recall": 98.74425925925925}, "00X0011": {"fscore": 99.83129629629629, "precision": 99.82092592592592, "recall": 99.83592592592592}, "10X1111": {"fscore": 99.81962962962963, "precision": 99.81314814814814, "recall": 99.82722222222222}, "10X1100": {"fscore": 99.26148148148148, "precision": 99.25314814814814, "recall": 99.2674074074074}, "00X0000": {"fscore": 99.02722222222222, "precision": 98.98666666666666, "recall": 99.06592592592592}, "11X1000": {"fscore": 99.78759259259259, "precision": 99.77018518518518, "recall": 99.80555555555556}, "01X0100": {"fscore": 99.54851851851852, "precision": 99.46629629629629, "recall": 99.63407407407408}, "10X1110": {"fscore": 99.81481481481481, "precision": 99.80277777777778, "recall": 99.82814814814814}, "00X0010": {"fscore": 99.78685185185185, "precision": 99.76870370370371, "recall": 99.80722222222222}, "11X1010": {"fscore": 99.76148148148148, "precision": 99.73481481481481, "recall": 99.79537037037038}, "01X0110": {"fscore": 99.65907407407407, "precision": 99.61981481481482, "recall": 99.7024074074074}, "00X1010": {"fscore": 99.78814814814815, "precision": 99.77296296296296, "recall": 99.80314814814815}, "10X0110": {"fscore": 99.79722222222222, "precision": 99.78796296296296, "recall": 99.81055555555555}, "01X1110": {"fscore": 99.54685185185186, "precision": 99.48388888888888, "recall": 99.60814814814815}, "11X0010": {"fscore": 99.74685185185186, "precision": 99.7174074074074, "recall": 99.77777777777777}, "00X1000": {"fscore": 99.08481481481482, "precision": 99.05740740740741, "recall": 99.10592592592593}, "10X0100": {"fscore": 99.2912962962963, "precision": 99.27555555555556, "recall": 99.30444444444444}, "01X1100": {"fscore": 99.42092592592593, "precision": 99.30425925925925, "recall": 99.54277777777777}, "11X0000": {"fscore": 99.73611111111111, "precision": 99.71277777777777, "recall": 99.76203703703703}, "11X0100": {"fscore": 99.75518518518518, "precision": 99.73129629629629, "recall": 99.78277777777778}, "01X1000": {"fscore": 99.62648148148148, "precision": 99.56, "recall": 99.69074074074074}, "10X0000": {"fscore": 99.26222222222222, "precision": 99.2462962962963, "recall": 99.2812962962963}, "00X1100": {"fscore": 99.02314814814815, "precision": 98.9837037037037, "recall": 99.06574074074074}, "11X0110": {"fscore": 99.69888888888889, "precision": 99.65814814814814, "recall": 99.74092592592592}, "01X1010": {"fscore": 99.70685185185185, "precision": 99.67129629629629, "recall": 99.74407407407406}, "10X0010": {"fscore": 99.83203703703704, "precision": 99.82222222222222, "recall": 99.84148148148148}, "00X1110": {"fscore": 99.7974074074074, "precision": 99.7812962962963, "recall": 99.81277777777777}, "01X0010": {"fscore": 99.38555555555556, "precision": 99.32259259259258, "recall": 99.45055555555555}, "11X1110": {"fscore": 99.68277777777777, "precision": 99.63648148148148, "recall": 99.72759259259259}, "00X0110": {"fscore": 99.78833333333333, "precision": 99.77018518518518, "recall": 99.80777777777779}, "10X1010": {"fscore": 99.80777777777777, "precision": 99.795, "recall": 99.8212962962963}, "01X0000": {"fscore": 99.58925925925926, "precision": 99.52296296296296, "recall": 99.65962962962963}, "11X1100": {"fscore": 99.7974074074074, "precision": 99.77814814814815, "recall": 99.81407407407407}, "00X0100": {"fscore": 99.1337037037037, "precision": 99.10981481481481, "recall": 99.16518518518518}, "10X1000": {"fscore": 99.31981481481482, "precision": 99.30833333333332, "recall": 99.33277777777778}}