{"10X1011": {"fscore": 96.13111111111111, "precision": 96.64518518518518, "recall": 95.6362962962963}, "00X0111": {"fscore": 99.71351851851851, "precision": 99.72666666666666, "recall": 99.6975925925926}, "11X1111": {"fscore": 98.3887037037037, "precision": 98.41888888888889, "recall": 98.35888888888888}, "01X0011": {"fscore": 98.26, "precision": 98.27185185185185, "recall": 98.24777777777777}, "10X1001": {"fscore": 96.70666666666666, "precision": 96.86166666666666, "recall": 96.56}, "00X0101": {"fscore": 99.78666666666666, "precision": 99.8037037037037, "recall": 99.77425925925925}, "11X1101": {"fscore": 99.8062962962963, "precision": 99.83148148148148, "recall": 99.78037037037038}, "01X0001": {"fscore": 99.25018518518519, "precision": 99.27481481481482, "recall": 99.22944444444444}, "00X1101": {"fscore": 99.8075925925926, "precision": 99.82148148148148, "recall": 99.79388888888889}, "10X0001": {"fscore": 96.38166666666666, "precision": 96.40037037037037, "recall": 96.36648148148149}, "01X1001": {"fscore": 99.68222222222222, "precision": 99.69481481481482, "recall": 99.66203703703704}, "11X0101": {"fscore": 99.7437037037037, "precision": 99.76462962962962, "recall": 99.71518518518519}, "00X1111": {"fscore": 99.80462962962963, "precision": 99.82444444444444, "recall": 99.78703703703704}, "10X0011": {"fscore": 95.80833333333334, "precision": 95.82351851851851, "recall": 95.7974074074074}, "01X1011": {"fscore": 98.48962962962962, "precision": 98.50185185185185, "recall": 98.47685185185185}, "11X0111": {"fscore": 97.48351851851852, "precision": 97.50222222222223, "recall": 97.46407407407408}, "11X0011": {"fscore": 98.22111111111111, "precision": 98.24481481481482, "recall": 98.19685185185185}, "01X1111": {"fscore": 96.67074074074074, "precision": 96.67333333333333, "recall": 96.67518518518519}, "10X0111": {"fscore": 95.93185185185185, "precision": 95.99, "recall": 95.87055555555555}, "00X1011": {"fscore": 99.78425925925926, "precision": 99.8075925925926, "recall": 99.76574074074074}, "11X0001": {"fscore": 99.74777777777778, "precision": 99.76537037037038, "recall": 99.72537037037037}, "01X1101": {"fscore": 99.49907407407407, "precision": 99.52092592592592, "recall": 99.47481481481482}, "10X0101": {"fscore": 96.24055555555556, "precision": 96.42370370370371, "recall": 96.06351851851852}, "00X1001": {"fscore": 99.8237037037037, "precision": 99.83962962962963, "recall": 99.8075925925926}, "01X0101": {"fscore": 99.4724074074074, "precision": 99.48666666666666, "recall": 99.45833333333333}, "11X1001": {"fscore": 99.76333333333334, "precision": 99.78962962962963, "recall": 99.73462962962962}, "00X0001": {"fscore": 99.71351851851851, "precision": 99.71555555555555, "recall": 99.70351851851852}, "10X1101": {"fscore": 96.17759259259259, "precision": 96.23129629629629, "recall": 96.13}, "01X0111": {"fscore": 97.32000000000001, "precision": 97.29833333333333, "recall": 97.34092592592593}, "11X1011": {"fscore": 98.77407407407408, "precision": 98.82037037037037, "recall": 98.7337037037037}, "00X0011": {"fscore": 99.73796296296295, "precision": 99.74537037037037, "recall": 99.72203703703704}, "10X1111": {"fscore": 96.14537037037037, "precision": 96.06092592592593, "recall": 96.23537037037038}, "10X1100": {"fscore": 91.88666666666667, "precision": 91.26518518518519, "recall": 92.52777777777777}, "00X0000": {"fscore": 92.90037037037037, "precision": 91.73907407407408, "recall": 94.13203703703704}, "11X1000": {"fscore": 99.75259259259259, "precision": 99.76796296296297, "recall": 99.74092592592592}, "01X0100": {"fscore": 99.68851851851852, "precision": 99.68351851851851, "recall": 99.69092592592592}, "10X1110": {"fscore": 95.83166666666666, "precision": 95.77092592592592, "recall": 95.89259259259259}, "00X0010": {"fscore": 98.81907407407408, "precision": 98.69148148148147, "recall": 98.94407407407408}, "11X1010": {"fscore": 99.77018518518518, "precision": 99.79055555555556, "recall": 99.75074074074074}, "01X0110": {"fscore": 99.48277777777778, "precision": 99.49944444444444, "recall": 99.46333333333334}, "00X1010": {"fscore": 99.32037037037037, "precision": 99.32111111111111, "recall": 99.32314814814815}, "10X0110": {"fscore": 95.67592592592592, "precision": 95.54092592592592, "recall": 95.81407407407407}, "01X1110": {"fscore": 99.20555555555556, "precision": 99.2224074074074, "recall": 99.19092592592592}, "11X0010": {"fscore": 99.63407407407408, "precision": 99.63981481481481, "recall": 99.62574074074074}, "00X1000": {"fscore": 93.71314814814815, "precision": 93.32888888888888, "recall": 94.11351851851852}, "10X0100": {"fscore": 92.38648148148148, "precision": 92.2562962962963, "recall": 92.51185185185186}, "01X1100": {"fscore": 99.77833333333334, "precision": 99.79055555555556, "recall": 99.76759259259259}, "11X0000": {"fscore": 99.6411111111111, "precision": 99.6274074074074, "recall": 99.66055555555555}, "11X0100": {"fscore": 99.60925925925926, "precision": 99.5937037037037, "recall": 99.62296296296297}, "01X1000": {"fscore": 99.75166666666667, "precision": 99.76444444444445, "recall": 99.74277777777777}, "10X0000": {"fscore": 92.08462962962963, "precision": 91.93555555555555, "recall": 92.24888888888889}, "00X1100": {"fscore": 93.51944444444445, "precision": 92.74333333333334, "recall": 94.32518518518519}, "11X0110": {"fscore": 99.64166666666667, "precision": 99.64851851851851, "recall": 99.63907407407407}, "01X1010": {"fscore": 99.44259259259259, "precision": 99.45592592592592, "recall": 99.42481481481482}, "10X0010": {"fscore": 95.75518518518518, "precision": 95.61444444444444, "recall": 95.90111111111112}, "00X1110": {"fscore": 99.14555555555556, "precision": 99.07722222222222, "recall": 99.21037037037037}, "01X0010": {"fscore": 99.25833333333333, "precision": 99.27296296296296, "recall": 99.24296296296296}, "11X1110": {"fscore": 99.69944444444445, "precision": 99.7237037037037, "recall": 99.67648148148149}, "00X0110": {"fscore": 98.81759259259259, "precision": 98.7461111111111, "recall": 98.88944444444445}, "10X1010": {"fscore": 95.9112962962963, "precision": 95.80851851851851, "recall": 96.015}, "01X0000": {"fscore": 99.39388888888888, "precision": 99.39462962962963, "recall": 99.38981481481481}, "11X1100": {"fscore": 99.67370370370371, "precision": 99.68037037037037, "recall": 99.67018518518519}, "00X0100": {"fscore": 93.51296296296296, "precision": 93.08888888888889, "recall": 93.9524074074074}, "10X1000": {"fscore": 91.56444444444445, "precision": 91.01166666666667, "recall": 92.13277777777778}}