{"10X1011": {"fscore": 99.86666666666667, "precision": 99.86666666666667, "recall": 99.87333333333333}, "00X0111": {"fscore": 99.83333333333333, "precision": 99.82166666666667, "recall": 99.84166666666667}, "11X1111": {"fscore": 94.11, "precision": 93.89166666666667, "recall": 94.33166666666666}, "01X0011": {"fscore": 99.05666666666667, "precision": 99.04166666666667, "recall": 99.07}, "10X1001": {"fscore": 99.83666666666667, "precision": 99.825, "recall": 99.85000000000001}, "00X0101": {"fscore": 99.83833333333334, "precision": 99.82166666666666, "recall": 99.84666666666666}, "11X1101": {"fscore": 99.64, "precision": 99.585, "recall": 99.69333333333333}, "01X0001": {"fscore": 99.76333333333334, "precision": 99.73666666666666, "recall": 99.78166666666667}, "00X1101": {"fscore": 99.84, "precision": 99.83166666666666, "recall": 99.85}, "10X0001": {"fscore": 99.83666666666666, "precision": 99.83, "recall": 99.83833333333332}, "01X1001": {"fscore": 99.76833333333333, "precision": 99.74666666666667, "recall": 99.79}, "11X0101": {"fscore": 99.74333333333334, "precision": 99.72333333333334, "recall": 99.76833333333333}, "00X1111": {"fscore": 99.86833333333334, "precision": 99.85333333333334, "recall": 99.875}, "10X0011": {"fscore": 99.81, "precision": 99.80333333333333, "recall": 99.82000000000001}, "01X1011": {"fscore": 99.26833333333333, "precision": 99.265, "recall": 99.275}, "11X0111": {"fscore": 97.47833333333334, "precision": 97.34666666666666, "recall": 97.61166666666666}, "11X0011": {"fscore": 98.22166666666666, "precision": 98.08333333333333, "recall": 98.36333333333333}, "01X1111": {"fscore": 99.19333333333333, "precision": 99.17666666666666, "recall": 99.20333333333333}, "10X0111": {"fscore": 99.85000000000001, "precision": 99.84666666666666, "recall": 99.85000000000001}, "00X1011": {"fscore": 99.835, "precision": 99.825, "recall": 99.84833333333333}, "11X0001": {"fscore": 99.76, "precision": 99.74499999999999, "recall": 99.77000000000001}, "01X1101": {"fscore": 99.775, "precision": 99.75333333333333, "recall": 99.8}, "10X0101": {"fscore": 99.805, "precision": 99.79833333333333, "recall": 99.81666666666666}, "00X1001": {"fscore": 99.815, "precision": 99.80499999999999, "recall": 99.82833333333333}, "01X0101": {"fscore": 99.77666666666667, "precision": 99.75666666666667, "recall": 99.80333333333334}, "11X1001": {"fscore": 99.68166666666667, "precision": 99.66, "recall": 99.70666666666666}, "00X0001": {"fscore": 99.84666666666666, "precision": 99.835, "recall": 99.85833333333333}, "10X1101": {"fscore": 99.8, "precision": 99.79166666666667, "recall": 99.80833333333334}, "01X0111": {"fscore": 98.91166666666666, "precision": 98.86833333333334, "recall": 98.95666666666666}, "11X1011": {"fscore": 97.00166666666667, "precision": 96.82666666666667, "recall": 97.16833333333334}, "00X0011": {"fscore": 99.83166666666666, "precision": 99.81833333333333, "recall": 99.84333333333333}, "10X1111": {"fscore": 99.86666666666666, "precision": 99.85833333333333, "recall": 99.875}, "10X1100": {"fscore": 99.32333333333334, "precision": 99.30833333333334, "recall": 99.33666666666666}, "00X0000": {"fscore": 99.205, "precision": 99.1, "recall": 99.31333333333333}, "11X1000": {"fscore": 99.77833333333334, "precision": 99.75166666666667, "recall": 99.81}, "01X0100": {"fscore": 99.42666666666666, "precision": 99.30666666666667, "recall": 99.54666666666667}, "10X1110": {"fscore": 99.78333333333333, "precision": 99.755, "recall": 99.81333333333333}, "00X0010": {"fscore": 99.80166666666666, "precision": 99.78833333333333, "recall": 99.815}, "11X1010": {"fscore": 99.74333333333334, "precision": 99.70333333333333, "recall": 99.77833333333334}, "01X0110": {"fscore": 99.21166666666667, "precision": 99.09833333333334, "recall": 99.32166666666667}, "00X1010": {"fscore": 99.82333333333334, "precision": 99.80666666666666, "recall": 99.83833333333334}, "10X0110": {"fscore": 99.825, "precision": 99.81166666666667, "recall": 99.83500000000001}, "01X1110": {"fscore": 99.38166666666666, "precision": 99.305, "recall": 99.45333333333333}, "11X0010": {"fscore": 99.81166666666667, "precision": 99.78666666666666, "recall": 99.84}, "00X1000": {"fscore": 99.09333333333333, "precision": 99.07666666666667, "recall": 99.11333333333333}, "10X0100": {"fscore": 99.38166666666667, "precision": 99.36, "recall": 99.41}, "01X1100": {"fscore": 99.06833333333334, "precision": 98.92833333333333, "recall": 99.215}, "11X0000": {"fscore": 99.765, "precision": 99.735, "recall": 99.79833333333333}, "11X0100": {"fscore": 99.77666666666667, "precision": 99.74166666666666, "recall": 99.815}, "01X1000": {"fscore": 99.60833333333333, "precision": 99.53, "recall": 99.68666666666667}, "10X0000": {"fscore": 99.33, "precision": 99.30666666666667, "recall": 99.35166666666667}, "00X1100": {"fscore": 99.00833333333334, "precision": 98.97333333333333, "recall": 99.04166666666667}, "11X0110": {"fscore": 99.79, "precision": 99.76333333333334, "recall": 99.81833333333333}, "01X1010": {"fscore": 99.27166666666666, "precision": 99.16166666666666, "recall": 99.38666666666666}, "10X0010": {"fscore": 99.82833333333333, "precision": 99.81, "recall": 99.84333333333333}, "00X1110": {"fscore": 99.80666666666667, "precision": 99.78166666666667, "recall": 99.82499999999999}, "01X0010": {"fscore": 98.4, "precision": 98.30333333333333, "recall": 98.495}, "11X1110": {"fscore": 99.675, "precision": 99.62833333333333, "recall": 99.72833333333334}, "00X0110": {"fscore": 99.805, "precision": 99.79166666666666, "recall": 99.82000000000001}, "10X1010": {"fscore": 99.84, "precision": 99.825, "recall": 99.85166666666666}, "01X0000": {"fscore": 99.05333333333333, "precision": 98.78666666666668, "recall": 99.32666666666667}, "11X1100": {"fscore": 99.79666666666667, "precision": 99.77333333333334, "recall": 99.81666666666666}, "00X0100": {"fscore": 99.22333333333333, "precision": 99.20833333333333, "recall": 99.24666666666666}, "10X1000": {"fscore": 99.16833333333334, "precision": 99.145, "recall": 99.195}}