{"10X1011": {"fscore": 95.68333333333334, "precision": 95.75555555555556, "recall": 95.62888888888888}, "00X0111": {"fscore": 99.77055555555555, "precision": 99.78, "recall": 99.76277777777779}, "11X1111": {"fscore": 98.08611111111111, "precision": 98.11666666666667, "recall": 98.05666666666667}, "01X0011": {"fscore": 98.21000000000001, "precision": 98.21555555555555, "recall": 98.20333333333333}, "10X1001": {"fscore": 96.1, "precision": 95.725, "recall": 96.49000000000001}, "00X0101": {"fscore": 99.8, "precision": 99.81111111111112, "recall": 99.79277777777777}, "11X1101": {"fscore": 99.7388888888889, "precision": 99.77444444444444, "recall": 99.70111111111112}, "01X0001": {"fscore": 99.64055555555557, "precision": 99.65444444444445, "recall": 99.62833333333333}, "00X1101": {"fscore": 99.85277777777777, "precision": 99.86444444444444, "recall": 99.84166666666667}, "10X0001": {"fscore": 95.995, "precision": 95.63111111111111, "recall": 96.35944444444445}, "01X1001": {"fscore": 99.65666666666667, "precision": 99.66444444444444, "recall": 99.64611111111111}, "11X0101": {"fscore": 99.80111111111111, "precision": 99.81388888888888, "recall": 99.78555555555556}, "00X1111": {"fscore": 99.85388888888889, "precision": 99.86333333333333, "recall": 99.8411111111111}, "10X0011": {"fscore": 95.455, "precision": 95.55055555555555, "recall": 95.36222222222223}, "01X1011": {"fscore": 98.29888888888888, "precision": 98.29555555555555, "recall": 98.30055555555555}, "11X0111": {"fscore": 97.93055555555556, "precision": 97.95666666666666, "recall": 97.90222222222222}, "11X0011": {"fscore": 98.44333333333333, "precision": 98.48444444444445, "recall": 98.40055555555556}, "01X1111": {"fscore": 96.69222222222223, "precision": 96.67, "recall": 96.71555555555555}, "10X0111": {"fscore": 95.83555555555554, "precision": 95.78999999999999, "recall": 95.87166666666667}, "00X1011": {"fscore": 99.81277777777777, "precision": 99.83277777777778, "recall": 99.79722222222222}, "11X0001": {"fscore": 99.77333333333333, "precision": 99.78611111111111, "recall": 99.75611111111111}, "01X1101": {"fscore": 99.72722222222222, "precision": 99.74277777777777, "recall": 99.70444444444445}, "10X0101": {"fscore": 96.00166666666667, "precision": 95.91111111111111, "recall": 96.10055555555556}, "00X1001": {"fscore": 99.8411111111111, "precision": 99.8488888888889, "recall": 99.83277777777778}, "01X0101": {"fscore": 99.43722222222222, "precision": 99.45, "recall": 99.425}, "11X1001": {"fscore": 99.71, "precision": 99.74888888888889, "recall": 99.67388888888888}, "00X0001": {"fscore": 99.79055555555556, "precision": 99.79666666666667, "recall": 99.78055555555555}, "10X1101": {"fscore": 95.83277777777778, "precision": 95.66388888888889, "recall": 96.01}, "01X0111": {"fscore": 97.06, "precision": 97.035, "recall": 97.08277777777778}, "11X1011": {"fscore": 98.62222222222222, "precision": 98.67111111111112, "recall": 98.57111111111111}, "00X0011": {"fscore": 99.79388888888889, "precision": 99.80611111111111, "recall": 99.7761111111111}, "10X1111": {"fscore": 95.92611111111111, "precision": 95.77277777777778, "recall": 96.09611111111111}, "10X1100": {"fscore": 92.14, "precision": 91.70555555555555, "recall": 92.58333333333333}, "00X0000": {"fscore": 93.2911111111111, "precision": 92.44722222222222, "recall": 94.1661111111111}, "11X1000": {"fscore": 99.73777777777778, "precision": 99.74388888888889, "recall": 99.73277777777777}, "01X0100": {"fscore": 99.65555555555555, "precision": 99.64055555555555, "recall": 99.66277777777778}, "10X1110": {"fscore": 95.505, "precision": 95.21277777777777, "recall": 95.80777777777777}, "00X0010": {"fscore": 98.98722222222223, "precision": 98.92444444444445, "recall": 99.05222222222223}, "11X1010": {"fscore": 99.77055555555556, "precision": 99.79166666666666, "recall": 99.75222222222223}, "01X0110": {"fscore": 99.51833333333333, "precision": 99.52833333333332, "recall": 99.50999999999999}, "00X1010": {"fscore": 99.4011111111111, "precision": 99.38333333333334, "recall": 99.41944444444444}, "10X0110": {"fscore": 95.57777777777778, "precision": 95.46277777777777, "recall": 95.69222222222223}, "01X1110": {"fscore": 99.10666666666667, "precision": 99.11722222222222, "recall": 99.09277777777777}, "11X0010": {"fscore": 99.71222222222222, "precision": 99.71944444444445, "recall": 99.69722222222222}, "00X1000": {"fscore": 93.44944444444445, "precision": 92.53666666666666, "recall": 94.41055555555556}, "10X0100": {"fscore": 92.05944444444444, "precision": 91.60888888888888, "recall": 92.51555555555557}, "01X1100": {"fscore": 99.735, "precision": 99.73166666666667, "recall": 99.73277777777777}, "11X0000": {"fscore": 99.69333333333333, "precision": 99.69222222222221, "recall": 99.69166666666666}, "11X0100": {"fscore": 99.68777777777778, "precision": 99.68111111111111, "recall": 99.6888888888889}, "01X1000": {"fscore": 99.685, "precision": 99.69333333333333, "recall": 99.67833333333333}, "10X0000": {"fscore": 91.2838888888889, "precision": 90.32666666666667, "recall": 92.28666666666666}, "00X1100": {"fscore": 93.68833333333333, "precision": 92.92999999999999, "recall": 94.47555555555556}, "11X0110": {"fscore": 99.705, "precision": 99.71555555555555, "recall": 99.68722222222222}, "01X1010": {"fscore": 99.57777777777778, "precision": 99.58777777777777, "recall": 99.56444444444445}, "10X0010": {"fscore": 95.45555555555555, "precision": 95.15333333333334, "recall": 95.77333333333334}, "00X1110": {"fscore": 99.31666666666666, "precision": 99.29166666666667, "recall": 99.3411111111111}, "01X0010": {"fscore": 99.645, "precision": 99.65888888888888, "recall": 99.6288888888889}, "11X1110": {"fscore": 99.69833333333334, "precision": 99.72111111111111, "recall": 99.66944444444445}, "00X0110": {"fscore": 98.61277777777778, "precision": 98.40833333333333, "recall": 98.81833333333334}, "10X1010": {"fscore": 95.74388888888889, "precision": 95.43555555555555, "recall": 96.065}, "01X0000": {"fscore": 99.72166666666666, "precision": 99.71388888888889, "recall": 99.72944444444444}, "11X1100": {"fscore": 99.66111111111111, "precision": 99.66111111111111, "recall": 99.66055555555556}, "00X0100": {"fscore": 93.07888888888888, "precision": 92.05666666666667, "recall": 94.14722222222223}, "10X1000": {"fscore": 91.68333333333334, "precision": 91.195, "recall": 92.18833333333333}}