{"10X1011": {"fscore": 98.505, "precision": 98.39, "recall": 98.61500000000001}, "00X0111": {"fscore": 99.305, "precision": 99.31, "recall": 99.3}, "11X1111": {"fscore": 92.225, "precision": 91.36, "recall": 93.095}, "01X0011": {"fscore": 97.765, "precision": 97.265, "recall": 98.27}, "10X1001": {"fscore": 97.91499999999999, "precision": 98.25999999999999, "recall": 97.58}, "00X0101": {"fscore": 99.03, "precision": 99.105, "recall": 98.965}, "11X1101": {"fscore": 99.055, "precision": 98.85499999999999, "recall": 99.26}, "01X0001": {"fscore": 97.28, "precision": 97.155, "recall": 97.405}, "00X1101": {"fscore": 98.42, "precision": 98.52000000000001, "recall": 98.315}, "10X0001": {"fscore": 98.88, "precision": 99.13499999999999, "recall": 98.63}, "01X1001": {"fscore": 95.875, "precision": 95.89, "recall": 95.85499999999999}, "11X0101": {"fscore": 99.29499999999999, "precision": 99.14, "recall": 99.455}, "00X1111": {"fscore": 98.77000000000001, "precision": 98.775, "recall": 98.765}, "10X0011": {"fscore": 99.195, "precision": 98.965, "recall": 99.42}, "01X1011": {"fscore": 97.53, "precision": 96.87, "recall": 98.205}, "11X0111": {"fscore": 94.875, "precision": 94.25, "recall": 95.505}, "11X0011": {"fscore": 95.65, "precision": 94.78999999999999, "recall": 96.525}, "01X1111": {"fscore": 97.925, "precision": 97.745, "recall": 98.105}, "10X0111": {"fscore": 99.25999999999999, "precision": 99.14500000000001, "recall": 99.38}, "00X1011": {"fscore": 98.725, "precision": 98.63, "recall": 98.815}, "11X0001": {"fscore": 98.635, "precision": 98.775, "recall": 98.49}, "01X1101": {"fscore": 95.935, "precision": 95.805, "recall": 96.055}, "10X0101": {"fscore": 99.385, "precision": 99.275, "recall": 99.495}, "00X1001": {"fscore": 97.495, "precision": 97.525, "recall": 97.465}, "01X0101": {"fscore": 96.705, "precision": 96.525, "recall": 96.89500000000001}, "11X1001": {"fscore": 98.31, "precision": 98.425, "recall": 98.19}, "00X0001": {"fscore": 98.69999999999999, "precision": 98.655, "recall": 98.74000000000001}, "10X1101": {"fscore": 98.65, "precision": 98.545, "recall": 98.75999999999999}, "01X0111": {"fscore": 98.00999999999999, "precision": 97.77000000000001, "recall": 98.25}, "11X1011": {"fscore": 93.905, "precision": 93.03999999999999, "recall": 94.78}, "00X0011": {"fscore": 99.095, "precision": 98.95, "recall": 99.235}, "10X1111": {"fscore": 98.735, "precision": 98.63499999999999, "recall": 98.83}, "10X1100": {"fscore": 98.705, "precision": 98.63499999999999, "recall": 98.78}, "00X0000": {"fscore": 97.705, "precision": 97.69, "recall": 97.72}, "11X1000": {"fscore": 97.81, "precision": 97.67500000000001, "recall": 97.945}, "01X0100": {"fscore": 98.50999999999999, "precision": 98.3, "recall": 98.72999999999999}, "10X1110": {"fscore": 99.275, "precision": 99.22999999999999, "recall": 99.32}, "00X0010": {"fscore": 98.39, "precision": 98.19, "recall": 98.59}, "11X1010": {"fscore": 98.32, "precision": 98.19, "recall": 98.45}, "01X0110": {"fscore": 99.38499999999999, "precision": 99.25, "recall": 99.525}, "00X1010": {"fscore": 97.66, "precision": 97.375, "recall": 97.955}, "10X0110": {"fscore": 99.44999999999999, "precision": 99.42, "recall": 99.47999999999999}, "01X1110": {"fscore": 97.86000000000001, "precision": 97.4, "recall": 98.325}, "11X0010": {"fscore": 99.11, "precision": 98.995, "recall": 99.22}, "00X1000": {"fscore": 96.91, "precision": 96.77000000000001, "recall": 97.045}, "10X0100": {"fscore": 98.885, "precision": 98.86, "recall": 98.905}, "01X1100": {"fscore": 97.53999999999999, "precision": 97.1, "recall": 97.975}, "11X0000": {"fscore": 98.675, "precision": 98.72999999999999, "recall": 98.61500000000001}, "11X0100": {"fscore": 99.28999999999999, "precision": 99.22, "recall": 99.36}, "01X1000": {"fscore": 98.42, "precision": 98.14, "recall": 98.705}, "10X0000": {"fscore": 98.185, "precision": 98.21000000000001, "recall": 98.15}, "00X1100": {"fscore": 97.405, "precision": 97.03, "recall": 97.78}, "11X0110": {"fscore": 99.5, "precision": 99.47, "recall": 99.52000000000001}, "01X1010": {"fscore": 97.405, "precision": 96.84, "recall": 97.97999999999999}, "10X0010": {"fscore": 99.19999999999999, "precision": 99.25, "recall": 99.15}, "00X1110": {"fscore": 98.07, "precision": 97.735, "recall": 98.4}, "01X0010": {"fscore": 99.12, "precision": 98.985, "recall": 99.25}, "11X1110": {"fscore": 98.655, "precision": 98.615, "recall": 98.69}, "00X0110": {"fscore": 98.9, "precision": 98.655, "recall": 99.15}, "10X1010": {"fscore": 98.705, "precision": 98.72, "recall": 98.69}, "01X0000": {"fscore": 99.17500000000001, "precision": 99.11, "recall": 99.245}, "11X1100": {"fscore": 98.75999999999999, "precision": 98.735, "recall": 98.78}, "00X0100": {"fscore": 97.84, "precision": 97.58500000000001, "recall": 98.1}, "10X1000": {"fscore": 97.9, "precision": 97.96000000000001, "recall": 97.845}}