{"10X1011": {"fscore": 98.79240740740741, "precision": 98.6137037037037, "recall": 98.9675925925926}, "00X0111": {"fscore": 99.15425925925926, "precision": 99.11333333333333, "recall": 99.1888888888889}, "11X1111": {"fscore": 95.00537037037037, "precision": 94.4325925925926, "recall": 95.5875925925926}, "01X0011": {"fscore": 97.74425925925927, "precision": 97.39018518518519, "recall": 98.10185185185186}, "10X1001": {"fscore": 97.92388888888888, "precision": 97.2737037037037, "recall": 98.60481481481482}, "00X0101": {"fscore": 99.05259259259259, "precision": 99.03092592592593, "recall": 99.06833333333334}, "11X1101": {"fscore": 98.56166666666667, "precision": 98.34129629629629, "recall": 98.78851851851852}, "01X0001": {"fscore": 98.11592592592592, "precision": 98.015, "recall": 98.21796296296296}, "00X1101": {"fscore": 98.52111111111111, "precision": 98.56370370370371, "recall": 98.47648148148149}, "10X0001": {"fscore": 98.28703703703704, "precision": 97.55277777777778, "recall": 99.05481481481482}, "01X1001": {"fscore": 97.20537037037037, "precision": 97.19703703703703, "recall": 97.21685185185186}, "11X0101": {"fscore": 98.73166666666667, "precision": 98.41074074074074, "recall": 99.06277777777778}, "00X1111": {"fscore": 99.0037037037037, "precision": 98.945, "recall": 99.06166666666667}, "10X0011": {"fscore": 99.03092592592593, "precision": 98.88018518518518, "recall": 99.18444444444445}, "01X1011": {"fscore": 97.35111111111111, "precision": 97.05703703703703, "recall": 97.6487037037037}, "11X0111": {"fscore": 96.57685185185186, "precision": 96.28555555555555, "recall": 96.86611111111111}, "11X0011": {"fscore": 96.73222222222222, "precision": 96.41222222222223, "recall": 97.04944444444445}, "01X1111": {"fscore": 97.52314814814815, "precision": 97.26351851851852, "recall": 97.78648148148147}, "10X0111": {"fscore": 98.74148148148149, "precision": 98.49944444444445, "recall": 98.98037037037037}, "00X1011": {"fscore": 98.60018518518518, "precision": 98.44740740740741, "recall": 98.75759259259259}, "11X0001": {"fscore": 98.44796296296296, "precision": 98.35685185185186, "recall": 98.53888888888889}, "01X1101": {"fscore": 97.74388888888889, "precision": 97.61833333333334, "recall": 97.8712962962963}, "10X0101": {"fscore": 98.88203703703704, "precision": 98.66055555555556, "recall": 99.10018518518518}, "00X1001": {"fscore": 98.01870370370371, "precision": 97.99722222222222, "recall": 98.03796296296296}, "01X0101": {"fscore": 97.90907407407407, "precision": 97.7524074074074, "recall": 98.06462962962964}, "11X1001": {"fscore": 98.3037037037037, "precision": 98.38722222222222, "recall": 98.22703703703704}, "00X0001": {"fscore": 98.61592592592592, "precision": 98.55944444444444, "recall": 98.67851851851852}, "10X1101": {"fscore": 98.16518518518518, "precision": 97.37425925925926, "recall": 98.98222222222222}, "01X0111": {"fscore": 97.70037037037036, "precision": 97.44481481481482, "recall": 97.96333333333334}, "11X1011": {"fscore": 96.46388888888889, "precision": 96.1362962962963, "recall": 96.79962962962964}, "00X0011": {"fscore": 99.02277777777778, "precision": 98.84370370370371, "recall": 99.19833333333332}, "10X1111": {"fscore": 98.57462962962963, "precision": 98.31055555555555, "recall": 98.8362962962963}, "10X1100": {"fscore": 98.52092592592592, "precision": 98.45129629629629, "recall": 98.58925925925925}, "00X0000": {"fscore": 97.11092592592593, "precision": 96.74592592592593, "recall": 97.48370370370371}, "11X1000": {"fscore": 97.37222222222222, "precision": 97.26537037037038, "recall": 97.47907407407408}, "01X0100": {"fscore": 98.07666666666667, "precision": 97.7925925925926, "recall": 98.36333333333333}, "10X1110": {"fscore": 99.36574074074075, "precision": 99.33037037037037, "recall": 99.39703703703704}, "00X0010": {"fscore": 98.35888888888888, "precision": 98.16962962962963, "recall": 98.5488888888889}, "11X1010": {"fscore": 97.72148148148149, "precision": 97.54666666666667, "recall": 97.89925925925927}, "01X0110": {"fscore": 99.2387037037037, "precision": 99.11111111111111, "recall": 99.36574074074073}, "00X1010": {"fscore": 97.63777777777777, "precision": 97.31537037037037, "recall": 97.96277777777779}, "10X0110": {"fscore": 99.6025925925926, "precision": 99.5974074074074, "recall": 99.61}, "01X1110": {"fscore": 98.60814814814815, "precision": 98.36407407407407, "recall": 98.85018518518518}, "11X0010": {"fscore": 98.82592592592593, "precision": 98.76870370370371, "recall": 98.88814814814815}, "00X1000": {"fscore": 95.96925925925926, "precision": 95.55888888888889, "recall": 96.3861111111111}, "10X0100": {"fscore": 98.85611111111112, "precision": 98.79222222222222, "recall": 98.92277777777778}, "01X1100": {"fscore": 98.48111111111112, "precision": 98.24444444444444, "recall": 98.71537037037037}, "11X0000": {"fscore": 98.49351851851851, "precision": 98.44814814814815, "recall": 98.53574074074074}, "11X0100": {"fscore": 99.1337037037037, "precision": 99.03370370370371, "recall": 99.23629629629629}, "01X1000": {"fscore": 97.71777777777778, "precision": 97.42370370370371, "recall": 98.01685185185185}, "10X0000": {"fscore": 98.61166666666666, "precision": 98.60740740740741, "recall": 98.61333333333333}, "00X1100": {"fscore": 97.1824074074074, "precision": 96.72407407407408, "recall": 97.64703703703704}, "11X0110": {"fscore": 99.35740740740741, "precision": 99.2462962962963, "recall": 99.47037037037038}, "01X1010": {"fscore": 97.65648148148148, "precision": 97.31037037037036, "recall": 98.00666666666666}, "10X0010": {"fscore": 99.23148148148148, "precision": 99.24259259259259, "recall": 99.2237037037037}, "00X1110": {"fscore": 98.20407407407407, "precision": 97.79574074074074, "recall": 98.61777777777777}, "01X0010": {"fscore": 98.83148148148148, "precision": 98.77018518518518, "recall": 98.89518518518518}, "11X1110": {"fscore": 98.45203703703703, "precision": 98.28351851851852, "recall": 98.6211111111111}, "00X0110": {"fscore": 98.55222222222223, "precision": 98.16981481481481, "recall": 98.94148148148149}, "10X1010": {"fscore": 98.15796296296297, "precision": 97.4811111111111, "recall": 98.85555555555555}, "01X0000": {"fscore": 98.19500000000001, "precision": 97.98777777777778, "recall": 98.40537037037038}, "11X1100": {"fscore": 98.10111111111111, "precision": 97.95203703703704, "recall": 98.25222222222222}, "00X0100": {"fscore": 97.95518518518519, "precision": 97.7224074074074, "recall": 98.1874074074074}, "10X1000": {"fscore": 98.23037037037038, "precision": 98.21962962962964, "recall": 98.23833333333333}}