{"10X1011": {"fscore": 98.52746913580246, "precision": 98.4079012345679, "recall": 98.6491975308642}, "00X0111": {"fscore": 99.35808641975309, "precision": 99.30777777777777, "recall": 99.40962962962963}, "11X1111": {"fscore": 95.42845679012346, "precision": 94.98086419753086, "recall": 95.8791975308642}, "01X0011": {"fscore": 98.17808641975309, "precision": 97.8833950617284, "recall": 98.47395061728396}, "10X1001": {"fscore": 98.08796296296296, "precision": 97.97790123456791, "recall": 98.2116049382716}, "00X0101": {"fscore": 99.14753086419753, "precision": 99.17030864197531, "recall": 99.11944444444445}, "11X1101": {"fscore": 98.61055555555555, "precision": 98.45043209876543, "recall": 98.7695061728395}, "01X0001": {"fscore": 98.75197530864197, "precision": 98.645, "recall": 98.85932098765431}, "00X1101": {"fscore": 98.3737037037037, "precision": 98.4279012345679, "recall": 98.3154938271605}, "10X0001": {"fscore": 98.81567901234568, "precision": 98.62425925925926, "recall": 99.01827160493828}, "01X1001": {"fscore": 97.68179012345679, "precision": 97.82567901234567, "recall": 97.54228395061729}, "11X0101": {"fscore": 99.23722222222221, "precision": 99.05358024691358, "recall": 99.42759259259259}, "00X1111": {"fscore": 98.9979012345679, "precision": 98.965, "recall": 99.02722222222222}, "10X0011": {"fscore": 99.31697530864197, "precision": 99.18672839506173, "recall": 99.44481481481482}, "01X1011": {"fscore": 97.7537037037037, "precision": 97.55901234567901, "recall": 97.9529012345679}, "11X0111": {"fscore": 94.94561728395063, "precision": 94.53518518518518, "recall": 95.35870370370371}, "11X0011": {"fscore": 96.13740740740741, "precision": 95.80074074074074, "recall": 96.47314814814816}, "01X1111": {"fscore": 97.77438271604939, "precision": 97.5945061728395, "recall": 97.95216049382715}, "10X0111": {"fscore": 99.05382716049382, "precision": 98.82648148148148, "recall": 99.28679012345678}, "00X1011": {"fscore": 98.62672839506173, "precision": 98.56913580246913, "recall": 98.68586419753086}, "11X0001": {"fscore": 98.73932098765432, "precision": 98.74561728395062, "recall": 98.7362962962963}, "01X1101": {"fscore": 97.5212962962963, "precision": 97.40611111111112, "recall": 97.64376543209876}, "10X0101": {"fscore": 99.02401234567901, "precision": 98.75018518518519, "recall": 99.29339506172839}, "00X1001": {"fscore": 97.90623456790124, "precision": 97.96907407407407, "recall": 97.845987654321}, "01X0101": {"fscore": 98.48302469135803, "precision": 98.3308024691358, "recall": 98.62820987654321}, "11X1001": {"fscore": 98.33123456790123, "precision": 98.49574074074074, "recall": 98.16901234567901}, "00X0001": {"fscore": 98.79864197530864, "precision": 98.79981481481481, "recall": 98.79617283950617}, "10X1101": {"fscore": 98.34506172839505, "precision": 97.91141975308642, "recall": 98.79407407407408}, "01X0111": {"fscore": 98.24679012345679, "precision": 98.11160493827161, "recall": 98.38444444444445}, "11X1011": {"fscore": 96.05796296296296, "precision": 95.92543209876543, "recall": 96.19320987654321}, "00X0011": {"fscore": 99.28759259259259, "precision": 99.1579012345679, "recall": 99.4161111111111}, "10X1111": {"fscore": 97.71487654320988, "precision": 96.64685185185185, "recall": 98.83543209876544}, "10X1100": {"fscore": 98.83364197530864, "precision": 98.7770987654321, "recall": 98.88308641975308}, "00X0000": {"fscore": 96.9403086419753, "precision": 96.48864197530864, "recall": 97.40123456790124}, "11X1000": {"fscore": 97.36074074074074, "precision": 97.27845679012346, "recall": 97.43969135802469}, "01X0100": {"fscore": 97.83888888888889, "precision": 97.52753086419753, "recall": 98.15777777777778}, "10X1110": {"fscore": 99.29191358024691, "precision": 99.20012345679012, "recall": 99.38234567901235}, "00X0010": {"fscore": 98.44296296296297, "precision": 98.17320987654321, "recall": 98.7062962962963}, "11X1010": {"fscore": 97.8404938271605, "precision": 97.74555555555555, "recall": 97.93641975308643}, "01X0110": {"fscore": 99.35290123456791, "precision": 99.2437037037037, "recall": 99.45858024691358}, "00X1010": {"fscore": 97.57592592592593, "precision": 97.18845679012345, "recall": 97.9675925925926}, "10X0110": {"fscore": 99.58086419753087, "precision": 99.5558024691358, "recall": 99.61}, "01X1110": {"fscore": 98.79938271604938, "precision": 98.56469135802469, "recall": 99.0333950617284}, "11X0010": {"fscore": 98.97197530864197, "precision": 98.89623456790123, "recall": 99.04604938271605}, "00X1000": {"fscore": 96.07641975308643, "precision": 95.6662962962963, "recall": 96.49203703703704}, "10X0100": {"fscore": 98.99870370370371, "precision": 98.95074074074074, "recall": 99.0475925925926}, "01X1100": {"fscore": 98.17370370370371, "precision": 97.84481481481481, "recall": 98.50845679012346}, "11X0000": {"fscore": 98.50783950617284, "precision": 98.44604938271605, "recall": 98.56524691358024}, "11X0100": {"fscore": 99.31456790123457, "precision": 99.25456790123457, "recall": 99.37543209876543}, "01X1000": {"fscore": 96.2325925925926, "precision": 95.7879012345679, "recall": 96.67561728395061}, "10X0000": {"fscore": 98.68388888888889, "precision": 98.68913580246914, "recall": 98.68111111111111}, "00X1100": {"fscore": 96.5308024691358, "precision": 95.99802469135803, "recall": 97.07567901234567}, "11X0110": {"fscore": 99.39246913580247, "precision": 99.32543209876543, "recall": 99.46345679012346}, "01X1010": {"fscore": 98.04882716049383, "precision": 97.75679012345678, "recall": 98.33888888888889}, "10X0010": {"fscore": 99.13382716049382, "precision": 99.1641975308642, "recall": 99.10456790123456}, "00X1110": {"fscore": 97.71135802469136, "precision": 97.17191358024692, "recall": 98.25259259259259}, "01X0010": {"fscore": 99.03716049382716, "precision": 98.93339506172839, "recall": 99.14172839506173}, "11X1110": {"fscore": 98.454012345679, "precision": 98.34117283950617, "recall": 98.57037037037037}, "00X0110": {"fscore": 98.72074074074074, "precision": 98.3566049382716, "recall": 99.08382716049383}, "10X1010": {"fscore": 98.17932098765432, "precision": 97.87703703703704, "recall": 98.49185185185185}, "01X0000": {"fscore": 98.075, "precision": 97.88592592592592, "recall": 98.26845679012347}, "11X1100": {"fscore": 98.18037037037037, "precision": 98.07401234567902, "recall": 98.2874074074074}, "00X0100": {"fscore": 98.13506172839506, "precision": 97.85746913580246, "recall": 98.4158024691358}, "10X1000": {"fscore": 98.09679012345678, "precision": 98.11320987654321, "recall": 98.07611111111112}}