{"10X1011": {"fscore": 94.945, "precision": 95.27, "recall": 94.62666666666667}, "00X0111": {"fscore": 99.35666666666667, "precision": 99.37833333333333, "recall": 99.33333333333334}, "11X1111": {"fscore": 93.16833333333332, "precision": 93.35333333333332, "recall": 92.975}, "01X0011": {"fscore": 97.72, "precision": 97.82666666666667, "recall": 97.61166666666666}, "10X1001": {"fscore": 94.24166666666666, "precision": 94.13666666666667, "recall": 94.35166666666666}, "00X0101": {"fscore": 99.35333333333334, "precision": 99.42333333333333, "recall": 99.28666666666666}, "11X1101": {"fscore": 98.07166666666666, "precision": 98.26, "recall": 97.88666666666667}, "01X0001": {"fscore": 97.47166666666666, "precision": 97.64, "recall": 97.29833333333333}, "00X1101": {"fscore": 99.45666666666666, "precision": 99.53666666666666, "recall": 99.38}, "10X0001": {"fscore": 94.99000000000001, "precision": 95.01666666666667, "recall": 94.96333333333334}, "01X1001": {"fscore": 98.065, "precision": 98.23333333333333, "recall": 97.89}, "11X0101": {"fscore": 98.79166666666667, "precision": 98.84333333333333, "recall": 98.74166666666667}, "00X1111": {"fscore": 99.42, "precision": 99.57333333333334, "recall": 99.27333333333334}, "10X0011": {"fscore": 95.49166666666667, "precision": 95.77166666666668, "recall": 95.21166666666667}, "01X1011": {"fscore": 98.145, "precision": 98.43166666666667, "recall": 97.86333333333333}, "11X0111": {"fscore": 96.11500000000001, "precision": 96.21833333333333, "recall": 96.01333333333334}, "11X0011": {"fscore": 96.40333333333334, "precision": 96.45833333333333, "recall": 96.34833333333333}, "01X1111": {"fscore": 97.43333333333334, "precision": 97.69166666666666, "recall": 97.17666666666666}, "10X0111": {"fscore": 95.045, "precision": 95.28, "recall": 94.81}, "00X1011": {"fscore": 99.30666666666667, "precision": 99.50999999999999, "recall": 99.105}, "11X0001": {"fscore": 98.82000000000001, "precision": 98.82666666666667, "recall": 98.815}, "01X1101": {"fscore": 98.41333333333333, "precision": 98.57833333333333, "recall": 98.25333333333333}, "10X0101": {"fscore": 94.27666666666667, "precision": 94.205, "recall": 94.35333333333332}, "00X1001": {"fscore": 99.27333333333334, "precision": 99.33, "recall": 99.22333333333334}, "01X0101": {"fscore": 97.75666666666666, "precision": 97.86, "recall": 97.64833333333334}, "11X1001": {"fscore": 98.54166666666667, "precision": 98.71833333333333, "recall": 98.37}, "00X0001": {"fscore": 99.32166666666667, "precision": 99.29166666666667, "recall": 99.34666666666666}, "10X1101": {"fscore": 93.89666666666668, "precision": 94.24, "recall": 93.55}, "01X0111": {"fscore": 98.13833333333334, "precision": 98.22333333333333, "recall": 98.05166666666666}, "11X1011": {"fscore": 92.53999999999999, "precision": 92.785, "recall": 92.29833333333333}, "00X0011": {"fscore": 99.30666666666666, "precision": 99.30333333333333, "recall": 99.30499999999999}, "10X1111": {"fscore": 95.11833333333334, "precision": 95.43666666666667, "recall": 94.80166666666666}, "10X1100": {"fscore": 91.23833333333333, "precision": 91.14166666666667, "recall": 91.33333333333333}, "00X0000": {"fscore": 92.275, "precision": 91.98, "recall": 92.575}, "11X1000": {"fscore": 98.705, "precision": 98.67833333333333, "recall": 98.735}, "01X0100": {"fscore": 98.99833333333333, "precision": 99.04, "recall": 98.96000000000001}, "10X1110": {"fscore": 95.58166666666666, "precision": 95.67, "recall": 95.49666666666667}, "00X0010": {"fscore": 97.91833333333334, "precision": 97.85166666666666, "recall": 97.98333333333333}, "11X1010": {"fscore": 99.19333333333333, "precision": 99.24666666666667, "recall": 99.14166666666667}, "01X0110": {"fscore": 98.85833333333333, "precision": 98.86, "recall": 98.86333333333333}, "00X1010": {"fscore": 98.55, "precision": 98.43833333333333, "recall": 98.66666666666667}, "10X0110": {"fscore": 94.64333333333333, "precision": 94.54666666666667, "recall": 94.73833333333334}, "01X1110": {"fscore": 99.31166666666667, "precision": 99.35166666666667, "recall": 99.27166666666666}, "11X0010": {"fscore": 98.34166666666667, "precision": 98.46166666666666, "recall": 98.22333333333333}, "00X1000": {"fscore": 92.72333333333333, "precision": 92.37833333333333, "recall": 93.075}, "10X0100": {"fscore": 91.04166666666666, "precision": 91.14833333333334, "recall": 90.93666666666667}, "01X1100": {"fscore": 98.965, "precision": 98.99833333333333, "recall": 98.93333333333334}, "11X0000": {"fscore": 97.78666666666666, "precision": 97.75999999999999, "recall": 97.81}, "11X0100": {"fscore": 98.48833333333333, "precision": 98.51833333333335, "recall": 98.465}, "01X1000": {"fscore": 99.12333333333333, "precision": 99.13000000000001, "recall": 99.11833333333333}, "10X0000": {"fscore": 90.61333333333333, "precision": 90.51833333333333, "recall": 90.71}, "00X1100": {"fscore": 92.915, "precision": 92.47, "recall": 93.37166666666667}, "11X0110": {"fscore": 99.03, "precision": 99.075, "recall": 98.98833333333333}, "01X1010": {"fscore": 99.365, "precision": 99.44166666666666, "recall": 99.28333333333333}, "10X0010": {"fscore": 94.51, "precision": 94.62666666666667, "recall": 94.39666666666666}, "00X1110": {"fscore": 98.76333333333334, "precision": 98.65833333333333, "recall": 98.875}, "01X0010": {"fscore": 98.925, "precision": 98.95166666666667, "recall": 98.90333333333334}, "11X1110": {"fscore": 99.42166666666667, "precision": 99.42666666666666, "recall": 99.42}, "00X0110": {"fscore": 97.92, "precision": 97.775, "recall": 98.07166666666667}, "10X1010": {"fscore": 95.41499999999999, "precision": 95.66666666666667, "recall": 95.16833333333334}, "01X0000": {"fscore": 98.49833333333333, "precision": 98.49833333333333, "recall": 98.5}, "11X1100": {"fscore": 98.85000000000001, "precision": 98.79833333333333, "recall": 98.90333333333334}, "00X0100": {"fscore": 92.50166666666667, "precision": 92.15833333333333, "recall": 92.85333333333334}, "10X1000": {"fscore": 90.89333333333333, "precision": 90.97833333333334, "recall": 90.805}}