{"10X1011": {"fscore": 95.49499999999999, "precision": 95.92333333333333, "recall": 95.06555555555555}, "00X0111": {"fscore": 99.32222222222222, "precision": 99.34944444444444, "recall": 99.29111111111112}, "11X1111": {"fscore": 95.45611111111111, "precision": 95.61444444444444, "recall": 95.29833333333333}, "01X0011": {"fscore": 97.83, "precision": 97.94222222222223, "recall": 97.71055555555556}, "10X1001": {"fscore": 94.63055555555556, "precision": 94.67555555555556, "recall": 94.58722222222222}, "00X0101": {"fscore": 99.21444444444445, "precision": 99.31444444444445, "recall": 99.12222222222222}, "11X1101": {"fscore": 98.18388888888889, "precision": 98.35666666666667, "recall": 98.01222222222222}, "01X0001": {"fscore": 95.51388888888889, "precision": 95.61666666666667, "recall": 95.41277777777778}, "00X1101": {"fscore": 99.28555555555556, "precision": 99.38555555555556, "recall": 99.17999999999999}, "10X0001": {"fscore": 95.08666666666667, "precision": 95.17222222222222, "recall": 95.00111111111111}, "01X1001": {"fscore": 96.935, "precision": 97.11777777777777, "recall": 96.75}, "11X0101": {"fscore": 98.62388888888889, "precision": 98.66111111111111, "recall": 98.5838888888889}, "00X1111": {"fscore": 99.19333333333333, "precision": 99.38111111111111, "recall": 99.00777777777778}, "10X0011": {"fscore": 95.71055555555556, "precision": 96.07722222222222, "recall": 95.35055555555556}, "01X1011": {"fscore": 97.46833333333333, "precision": 97.73055555555555, "recall": 97.20777777777778}, "11X0111": {"fscore": 96.47833333333334, "precision": 96.54277777777777, "recall": 96.41777777777777}, "11X0011": {"fscore": 97.08777777777777, "precision": 97.15944444444445, "recall": 97.02277777777778}, "01X1111": {"fscore": 96.48111111111112, "precision": 96.76388888888889, "recall": 96.19888888888889}, "10X0111": {"fscore": 95.27166666666666, "precision": 95.48, "recall": 95.06666666666666}, "00X1011": {"fscore": 99.23555555555556, "precision": 99.53333333333333, "recall": 98.93833333333333}, "11X0001": {"fscore": 98.85000000000001, "precision": 98.82222222222222, "recall": 98.875}, "01X1101": {"fscore": 98.0911111111111, "precision": 98.2461111111111, "recall": 97.94111111111111}, "10X0101": {"fscore": 94.38888888888889, "precision": 94.40166666666667, "recall": 94.37444444444444}, "00X1001": {"fscore": 99.26444444444445, "precision": 99.33666666666667, "recall": 99.19777777777779}, "01X0101": {"fscore": 97.74222222222222, "precision": 97.84, "recall": 97.64944444444446}, "11X1001": {"fscore": 98.39055555555557, "precision": 98.54944444444445, "recall": 98.23333333333333}, "00X0001": {"fscore": 99.31055555555555, "precision": 99.34055555555555, "recall": 99.27888888888889}, "10X1101": {"fscore": 94.08555555555556, "precision": 94.30666666666666, "recall": 93.86666666666666}, "01X0111": {"fscore": 97.03277777777778, "precision": 97.14444444444445, "recall": 96.92388888888888}, "11X1011": {"fscore": 95.20666666666666, "precision": 95.42166666666667, "recall": 94.9961111111111}, "00X0011": {"fscore": 99.30222222222221, "precision": 99.38111111111111, "recall": 99.22166666666666}, "10X1111": {"fscore": 94.94277777777778, "precision": 95.26222222222222, "recall": 94.62722222222222}, "10X1100": {"fscore": 91.91277777777778, "precision": 91.93722222222222, "recall": 91.88777777777777}, "00X0000": {"fscore": 90.49166666666666, "precision": 90.17333333333333, "recall": 90.81833333333333}, "11X1000": {"fscore": 98.64166666666667, "precision": 98.56277777777777, "recall": 98.72166666666666}, "01X0100": {"fscore": 97.69611111111111, "precision": 97.85666666666667, "recall": 97.53666666666666}, "10X1110": {"fscore": 95.5338888888889, "precision": 95.64666666666666, "recall": 95.41888888888889}, "00X0010": {"fscore": 97.42944444444444, "precision": 97.42055555555555, "recall": 97.43444444444444}, "11X1010": {"fscore": 99.10111111111111, "precision": 99.18888888888888, "recall": 99.01388888888889}, "01X0110": {"fscore": 98.64944444444444, "precision": 98.69666666666666, "recall": 98.61111111111111}, "00X1010": {"fscore": 98.41, "precision": 98.25611111111111, "recall": 98.56888888888889}, "10X0110": {"fscore": 94.8711111111111, "precision": 94.93222222222222, "recall": 94.81277777777778}, "01X1110": {"fscore": 98.72722222222222, "precision": 98.75722222222223, "recall": 98.69722222222222}, "11X0010": {"fscore": 98.42055555555555, "precision": 98.53722222222221, "recall": 98.30777777777777}, "00X1000": {"fscore": 92.64111111111112, "precision": 92.32944444444445, "recall": 92.95833333333333}, "10X0100": {"fscore": 91.60055555555554, "precision": 91.78944444444444, "recall": 91.41555555555556}, "01X1100": {"fscore": 98.60833333333333, "precision": 98.64277777777778, "recall": 98.57444444444445}, "11X0000": {"fscore": 96.93555555555555, "precision": 97.01333333333334, "recall": 96.86333333333333}, "11X0100": {"fscore": 98.45611111111111, "precision": 98.52611111111112, "recall": 98.38166666666667}, "01X1000": {"fscore": 97.66111111111111, "precision": 97.66333333333334, "recall": 97.66277777777778}, "10X0000": {"fscore": 89.51777777777778, "precision": 89.4161111111111, "recall": 89.63}, "00X1100": {"fscore": 92.95166666666667, "precision": 92.55666666666667, "recall": 93.35722222222222}, "11X0110": {"fscore": 99.05333333333334, "precision": 99.08500000000001, "recall": 99.02277777777778}, "01X1010": {"fscore": 99.145, "precision": 99.21388888888889, "recall": 99.07111111111111}, "10X0010": {"fscore": 94.52, "precision": 94.60888888888888, "recall": 94.43222222222222}, "00X1110": {"fscore": 98.86111111111111, "precision": 98.86611111111111, "recall": 98.85833333333333}, "01X0010": {"fscore": 97.59833333333333, "precision": 97.67055555555555, "recall": 97.52777777777777}, "11X1110": {"fscore": 99.22722222222222, "precision": 99.2388888888889, "recall": 99.21333333333334}, "00X0110": {"fscore": 98.08666666666667, "precision": 98.08166666666666, "recall": 98.09388888888888}, "10X1010": {"fscore": 95.63833333333334, "precision": 95.89888888888889, "recall": 95.38277777777778}, "01X0000": {"fscore": 96.06611111111111, "precision": 96.15611111111112, "recall": 95.98}, "11X1100": {"fscore": 98.95666666666666, "precision": 98.96277777777777, "recall": 98.95444444444445}, "00X0100": {"fscore": 92.07722222222222, "precision": 91.79611111111112, "recall": 92.36777777777777}, "10X1000": {"fscore": 91.42444444444445, "precision": 91.51944444444445, "recall": 91.32166666666667}}