{"10X1011": {"fscore": 98.68722222222222, "precision": 98.52111111111111, "recall": 98.85277777777777}, "00X0111": {"fscore": 99.30277777777778, "precision": 99.33, "recall": 99.27666666666667}, "11X1111": {"fscore": 94.23611111111111, "precision": 93.55777777777777, "recall": 94.92277777777778}, "01X0011": {"fscore": 98.02277777777778, "precision": 97.76055555555556, "recall": 98.28555555555556}, "10X1001": {"fscore": 98.15166666666667, "precision": 98.4011111111111, "recall": 97.90444444444445}, "00X0101": {"fscore": 99.31777777777778, "precision": 99.33277777777778, "recall": 99.305}, "11X1101": {"fscore": 98.805, "precision": 98.66388888888889, "recall": 98.94555555555556}, "01X0001": {"fscore": 98.41777777777777, "precision": 98.395, "recall": 98.44388888888889}, "00X1101": {"fscore": 98.82333333333334, "precision": 98.88111111111111, "recall": 98.76944444444445}, "10X0001": {"fscore": 98.97111111111111, "precision": 99.16833333333334, "recall": 98.77444444444444}, "01X1001": {"fscore": 97.45611111111111, "precision": 97.6511111111111, "recall": 97.26055555555556}, "11X0101": {"fscore": 99.215, "precision": 99.06222222222222, "recall": 99.36833333333334}, "00X1111": {"fscore": 98.80111111111111, "precision": 98.815, "recall": 98.785}, "10X0011": {"fscore": 99.35277777777777, "precision": 99.24055555555556, "recall": 99.46333333333334}, "01X1011": {"fscore": 97.65333333333334, "precision": 97.5411111111111, "recall": 97.76611111111112}, "11X0111": {"fscore": 96.38055555555556, "precision": 96.11666666666666, "recall": 96.64833333333334}, "11X0011": {"fscore": 95.72666666666666, "precision": 95.29666666666667, "recall": 96.15833333333333}, "01X1111": {"fscore": 98.19944444444444, "precision": 98.06055555555555, "recall": 98.33944444444444}, "10X0111": {"fscore": 98.98444444444445, "precision": 98.82833333333333, "recall": 99.14111111111112}, "00X1011": {"fscore": 98.11055555555555, "precision": 97.95222222222222, "recall": 98.27277777777778}, "11X0001": {"fscore": 98.9738888888889, "precision": 99.02055555555556, "recall": 98.92666666666666}, "01X1101": {"fscore": 97.72166666666666, "precision": 97.665, "recall": 97.77388888888889}, "10X0101": {"fscore": 99.28611111111111, "precision": 99.20166666666667, "recall": 99.37055555555555}, "00X1001": {"fscore": 97.83611111111111, "precision": 97.90166666666667, "recall": 97.77388888888889}, "01X0101": {"fscore": 98.56722222222223, "precision": 98.44722222222222, "recall": 98.69388888888889}, "11X1001": {"fscore": 98.11111111111111, "precision": 98.48166666666667, "recall": 97.74111111111111}, "00X0001": {"fscore": 98.78777777777778, "precision": 98.75833333333333, "recall": 98.82555555555555}, "10X1101": {"fscore": 98.66555555555556, "precision": 98.57277777777777, "recall": 98.75666666666666}, "01X0111": {"fscore": 98.30111111111111, "precision": 98.17444444444445, "recall": 98.43}, "11X1011": {"fscore": 95.41166666666666, "precision": 95.05888888888889, "recall": 95.7688888888889}, "00X0011": {"fscore": 99.12833333333333, "precision": 98.97111111111111, "recall": 99.285}, "10X1111": {"fscore": 98.74388888888889, "precision": 98.60166666666667, "recall": 98.88888888888889}, "10X1100": {"fscore": 98.44277777777778, "precision": 98.38388888888889, "recall": 98.49777777777777}, "00X0000": {"fscore": 97.56277777777778, "precision": 97.56777777777778, "recall": 97.56111111111112}, "11X1000": {"fscore": 96.87666666666667, "precision": 96.88611111111112, "recall": 96.86722222222222}, "01X0100": {"fscore": 99.03999999999999, "precision": 98.90777777777778, "recall": 99.17}, "10X1110": {"fscore": 99.42722222222223, "precision": 99.39111111111112, "recall": 99.46111111111111}, "00X0010": {"fscore": 97.96666666666667, "precision": 97.79888888888888, "recall": 98.13666666666667}, "11X1010": {"fscore": 97.92444444444445, "precision": 97.88, "recall": 97.96777777777778}, "01X0110": {"fscore": 98.9061111111111, "precision": 98.74333333333333, "recall": 99.07722222222222}, "00X1010": {"fscore": 96.92333333333333, "precision": 96.59611111111111, "recall": 97.25833333333334}, "10X0110": {"fscore": 99.59777777777778, "precision": 99.60222222222222, "recall": 99.59}, "01X1110": {"fscore": 98.66444444444444, "precision": 98.40222222222222, "recall": 98.93055555555556}, "11X0010": {"fscore": 98.82777777777777, "precision": 98.84611111111111, "recall": 98.80444444444444}, "00X1000": {"fscore": 95.74777777777777, "precision": 95.42666666666666, "recall": 96.07833333333333}, "10X0100": {"fscore": 98.83833333333334, "precision": 98.80666666666667, "recall": 98.86833333333333}, "01X1100": {"fscore": 98.28333333333333, "precision": 98.03333333333333, "recall": 98.53611111111111}, "11X0000": {"fscore": 98.39055555555555, "precision": 98.41444444444444, "recall": 98.36722222222222}, "11X0100": {"fscore": 99.11111111111111, "precision": 99.05111111111111, "recall": 99.16888888888889}, "01X1000": {"fscore": 96.38333333333334, "precision": 95.91111111111111, "recall": 96.86055555555555}, "10X0000": {"fscore": 98.275, "precision": 98.32222222222222, "recall": 98.23}, "00X1100": {"fscore": 97.09722222222221, "precision": 96.73222222222222, "recall": 97.46111111111111}, "11X0110": {"fscore": 99.46222222222222, "precision": 99.39888888888889, "recall": 99.52111111111111}, "01X1010": {"fscore": 97.77944444444445, "precision": 97.41111111111111, "recall": 98.15}, "10X0010": {"fscore": 99.23444444444445, "precision": 99.30777777777777, "recall": 99.16111111111111}, "00X1110": {"fscore": 98.21222222222222, "precision": 97.85722222222222, "recall": 98.57333333333334}, "01X0010": {"fscore": 98.80444444444444, "precision": 98.74055555555556, "recall": 98.86555555555555}, "11X1110": {"fscore": 98.62611111111111, "precision": 98.63055555555556, "recall": 98.61333333333333}, "00X0110": {"fscore": 98.79666666666667, "precision": 98.52944444444444, "recall": 99.06444444444445}, "10X1010": {"fscore": 98.46388888888889, "precision": 98.45333333333333, "recall": 98.46666666666667}, "01X0000": {"fscore": 97.545, "precision": 97.25333333333333, "recall": 97.84611111111111}, "11X1100": {"fscore": 98.47333333333333, "precision": 98.40611111111112, "recall": 98.53666666666666}, "00X0100": {"fscore": 98.11555555555556, "precision": 97.93722222222222, "recall": 98.29222222222222}, "10X1000": {"fscore": 97.61111111111111, "precision": 97.6388888888889, "recall": 97.585}}