{"10X1011": {"fscore": 94.95388888888888, "precision": 95.3825925925926, "recall": 94.53061728395062}, "00X0111": {"fscore": 99.2758024691358, "precision": 99.39438271604938, "recall": 99.16345679012346}, "11X1111": {"fscore": 93.91512345679013, "precision": 94.19160493827161, "recall": 93.64203703703704}, "01X0011": {"fscore": 98.09222222222222, "precision": 98.23358024691359, "recall": 97.9545061728395}, "10X1001": {"fscore": 94.00783950617284, "precision": 94.24395061728394, "recall": 93.77635802469136}, "00X0101": {"fscore": 99.1516049382716, "precision": 99.23716049382716, "recall": 99.06358024691359}, "11X1101": {"fscore": 98.12932098765432, "precision": 98.30851851851851, "recall": 97.95024691358024}, "01X0001": {"fscore": 96.94598765432099, "precision": 96.99407407407408, "recall": 96.90141975308642}, "00X1101": {"fscore": 99.27283950617284, "precision": 99.38283950617284, "recall": 99.16}, "10X0001": {"fscore": 94.40185185185184, "precision": 94.53802469135802, "recall": 94.26012345679013}, "01X1001": {"fscore": 97.73722222222221, "precision": 97.89419753086419, "recall": 97.58111111111111}, "11X0101": {"fscore": 98.82376543209877, "precision": 98.80456790123456, "recall": 98.83487654320987}, "00X1111": {"fscore": 99.11814814814815, "precision": 99.3879012345679, "recall": 98.84753086419754}, "10X0011": {"fscore": 95.11228395061728, "precision": 95.5896913580247, "recall": 94.64672839506173}, "01X1011": {"fscore": 97.48092592592593, "precision": 97.69006172839507, "recall": 97.27641975308642}, "11X0111": {"fscore": 95.91203703703704, "precision": 95.89586419753087, "recall": 95.92975308641975}, "11X0011": {"fscore": 96.7441975308642, "precision": 96.79438271604938, "recall": 96.69253086419752}, "01X1111": {"fscore": 97.25790123456791, "precision": 97.49487654320987, "recall": 97.01765432098766}, "10X0111": {"fscore": 95.30018518518519, "precision": 95.78, "recall": 94.82407407407408}, "00X1011": {"fscore": 99.18506172839506, "precision": 99.36703703703704, "recall": 99.00981481481482}, "11X0001": {"fscore": 99.07000000000001, "precision": 99.02802469135803, "recall": 99.10944444444445}, "01X1101": {"fscore": 98.0679012345679, "precision": 98.27512345679013, "recall": 97.8579012345679}, "10X0101": {"fscore": 93.58876543209877, "precision": 93.95018518518519, "recall": 93.23049382716049}, "00X1001": {"fscore": 99.19604938271604, "precision": 99.22074074074075, "recall": 99.17197530864198}, "01X0101": {"fscore": 98.38691358024691, "precision": 98.51777777777778, "recall": 98.25660493827161}, "11X1001": {"fscore": 98.22783950617284, "precision": 98.39882716049382, "recall": 98.05703703703703}, "00X0001": {"fscore": 99.01117283950617, "precision": 99.06006172839506, "recall": 98.96543209876543}, "10X1101": {"fscore": 93.82172839506173, "precision": 94.05074074074074, "recall": 93.5962962962963}, "01X0111": {"fscore": 97.75586419753087, "precision": 97.92604938271604, "recall": 97.58932098765432}, "11X1011": {"fscore": 94.20296296296297, "precision": 94.4624074074074, "recall": 93.94401234567901}, "00X0011": {"fscore": 99.10913580246913, "precision": 99.20012345679012, "recall": 99.01574074074074}, "10X1111": {"fscore": 94.51141975308643, "precision": 94.9758024691358, "recall": 94.0508024691358}, "10X1100": {"fscore": 90.64475308641975, "precision": 90.71969135802469, "recall": 90.56641975308642}, "00X0000": {"fscore": 91.22685185185185, "precision": 91.01481481481481, "recall": 91.44648148148148}, "11X1000": {"fscore": 98.52351851851851, "precision": 98.47141975308642, "recall": 98.57240740740741}, "01X0100": {"fscore": 97.92179012345679, "precision": 98.08518518518518, "recall": 97.76185185185186}, "10X1110": {"fscore": 95.53598765432099, "precision": 95.89518518518518, "recall": 95.17876543209876}, "00X0010": {"fscore": 97.55104938271604, "precision": 97.59228395061729, "recall": 97.5116049382716}, "11X1010": {"fscore": 99.21456790123457, "precision": 99.26320987654321, "recall": 99.17043209876543}, "01X0110": {"fscore": 98.67216049382715, "precision": 98.75962962962963, "recall": 98.58567901234568}, "00X1010": {"fscore": 98.35, "precision": 98.19956790123457, "recall": 98.50543209876544}, "10X0110": {"fscore": 94.73012345679012, "precision": 95.07691358024691, "recall": 94.38475308641975}, "01X1110": {"fscore": 98.69746913580246, "precision": 98.77191358024692, "recall": 98.6196913580247}, "11X0010": {"fscore": 98.71006172839506, "precision": 98.83746913580246, "recall": 98.58086419753087}, "00X1000": {"fscore": 92.57123456790123, "precision": 92.35993827160493, "recall": 92.78537037037037}, "10X0100": {"fscore": 90.86228395061728, "precision": 91.12327160493827, "recall": 90.60283950617284}, "01X1100": {"fscore": 98.15314814814815, "precision": 98.23586419753087, "recall": 98.06716049382716}, "11X0000": {"fscore": 97.93283950617284, "precision": 97.89592592592592, "recall": 97.9737037037037}, "11X0100": {"fscore": 98.46845679012345, "precision": 98.56845679012346, "recall": 98.37240740740741}, "01X1000": {"fscore": 98.30345679012345, "precision": 98.29481481481481, "recall": 98.31253086419753}, "10X0000": {"fscore": 90.00864197530865, "precision": 90.03512345679012, "recall": 89.98666666666666}, "00X1100": {"fscore": 92.66685185185185, "precision": 92.28296296296297, "recall": 93.05524691358025}, "11X0110": {"fscore": 99.10481481481482, "precision": 99.18388888888889, "recall": 99.02141975308642}, "01X1010": {"fscore": 97.81055555555555, "precision": 97.86709876543209, "recall": 97.75679012345678}, "10X0010": {"fscore": 94.41888888888889, "precision": 94.6632098765432, "recall": 94.18024691358025}, "00X1110": {"fscore": 98.69567901234568, "precision": 98.64956790123456, "recall": 98.74648148148148}, "01X0010": {"fscore": 98.27314814814815, "precision": 98.32672839506172, "recall": 98.2241975308642}, "11X1110": {"fscore": 99.40524691358026, "precision": 99.49876543209876, "recall": 99.31925925925925}, "00X0110": {"fscore": 97.93851851851852, "precision": 97.90796296296297, "recall": 97.96932098765431}, "10X1010": {"fscore": 94.7975925925926, "precision": 94.93098765432099, "recall": 94.66141975308642}, "01X0000": {"fscore": 97.1229012345679, "precision": 97.18179012345679, "recall": 97.06666666666666}, "11X1100": {"fscore": 98.74074074074075, "precision": 98.76475308641974, "recall": 98.71938271604938}, "00X0100": {"fscore": 91.74191358024692, "precision": 91.68179012345679, "recall": 91.8053086419753}, "10X1000": {"fscore": 90.23827160493828, "precision": 90.11771604938271, "recall": 90.3612962962963}}