{"10X1011": {"fscore": 95.16499999999999, "precision": 95.34, "recall": 94.99000000000001}, "00X0111": {"fscore": 99.3, "precision": 99.265, "recall": 99.34}, "11X1111": {"fscore": 93.82499999999999, "precision": 93.97, "recall": 93.675}, "01X0011": {"fscore": 97.75, "precision": 97.78, "recall": 97.725}, "10X1001": {"fscore": 94.715, "precision": 94.93, "recall": 94.505}, "00X0101": {"fscore": 99.33, "precision": 99.39, "recall": 99.28}, "11X1101": {"fscore": 98.225, "precision": 98.36, "recall": 98.09}, "01X0001": {"fscore": 98.625, "precision": 98.65, "recall": 98.595}, "00X1101": {"fscore": 99.47, "precision": 99.49000000000001, "recall": 99.45}, "10X0001": {"fscore": 95.71000000000001, "precision": 95.92, "recall": 95.50999999999999}, "01X1001": {"fscore": 97.755, "precision": 97.88, "recall": 97.62}, "11X0101": {"fscore": 98.755, "precision": 98.7, "recall": 98.805}, "00X1111": {"fscore": 99.45, "precision": 99.53, "recall": 99.37}, "10X0011": {"fscore": 95.555, "precision": 95.64500000000001, "recall": 95.465}, "01X1011": {"fscore": 97.545, "precision": 97.815, "recall": 97.28}, "11X0111": {"fscore": 95.605, "precision": 95.555, "recall": 95.65}, "11X0011": {"fscore": 96.39, "precision": 96.375, "recall": 96.405}, "01X1111": {"fscore": 97.44, "precision": 97.745, "recall": 97.13999999999999}, "10X0111": {"fscore": 95.705, "precision": 95.98, "recall": 95.43}, "00X1011": {"fscore": 99.37, "precision": 99.47, "recall": 99.265}, "11X0001": {"fscore": 99.18, "precision": 99.09, "recall": 99.265}, "01X1101": {"fscore": 98.35, "precision": 98.45500000000001, "recall": 98.25}, "10X0101": {"fscore": 94.16, "precision": 94.185, "recall": 94.13}, "00X1001": {"fscore": 99.41, "precision": 99.39, "recall": 99.43}, "01X0101": {"fscore": 98.25, "precision": 98.34, "recall": 98.155}, "11X1001": {"fscore": 98.33500000000001, "precision": 98.455, "recall": 98.22}, "00X0001": {"fscore": 99.405, "precision": 99.345, "recall": 99.46000000000001}, "10X1101": {"fscore": 93.87, "precision": 94.18, "recall": 93.56}, "01X0111": {"fscore": 97.88499999999999, "precision": 97.97999999999999, "recall": 97.785}, "11X1011": {"fscore": 92.63, "precision": 92.785, "recall": 92.475}, "00X0011": {"fscore": 99.19999999999999, "precision": 99.11, "recall": 99.285}, "10X1111": {"fscore": 95.755, "precision": 95.91, "recall": 95.595}, "10X1100": {"fscore": 90.775, "precision": 90.505, "recall": 91.04}, "00X0000": {"fscore": 91.965, "precision": 91.67, "recall": 92.265}, "11X1000": {"fscore": 98.435, "precision": 98.32499999999999, "recall": 98.545}, "01X0100": {"fscore": 98.41499999999999, "precision": 98.41, "recall": 98.42}, "10X1110": {"fscore": 95.66499999999999, "precision": 95.91, "recall": 95.42}, "00X0010": {"fscore": 97.785, "precision": 97.515, "recall": 98.06}, "11X1010": {"fscore": 99.1, "precision": 99.13, "recall": 99.07499999999999}, "01X0110": {"fscore": 97.875, "precision": 97.85, "recall": 97.9}, "00X1010": {"fscore": 98.42, "precision": 98.285, "recall": 98.56}, "10X0110": {"fscore": 94.91999999999999, "precision": 94.95, "recall": 94.89500000000001}, "01X1110": {"fscore": 99.015, "precision": 99.075, "recall": 98.955}, "11X0010": {"fscore": 98.92500000000001, "precision": 98.975, "recall": 98.88}, "00X1000": {"fscore": 92.13, "precision": 91.685, "recall": 92.58500000000001}, "10X0100": {"fscore": 90.82499999999999, "precision": 90.885, "recall": 90.77000000000001}, "01X1100": {"fscore": 98.155, "precision": 98.185, "recall": 98.12}, "11X0000": {"fscore": 97.74000000000001, "precision": 97.6, "recall": 97.87}, "11X0100": {"fscore": 98.61500000000001, "precision": 98.61500000000001, "recall": 98.61500000000001}, "01X1000": {"fscore": 98.75999999999999, "precision": 98.74000000000001, "recall": 98.785}, "10X0000": {"fscore": 91.03999999999999, "precision": 91.035, "recall": 91.05}, "00X1100": {"fscore": 91.925, "precision": 91.3, "recall": 92.565}, "11X0110": {"fscore": 99.03999999999999, "precision": 99.015, "recall": 99.065}, "01X1010": {"fscore": 99.155, "precision": 99.195, "recall": 99.11}, "10X0010": {"fscore": 94.52000000000001, "precision": 94.38, "recall": 94.66}, "00X1110": {"fscore": 98.42, "precision": 98.16499999999999, "recall": 98.685}, "01X0010": {"fscore": 98.755, "precision": 98.725, "recall": 98.78999999999999}, "11X1110": {"fscore": 99.29499999999999, "precision": 99.31, "recall": 99.27000000000001}, "00X0110": {"fscore": 97.97, "precision": 97.645, "recall": 98.305}, "10X1010": {"fscore": 94.765, "precision": 94.5, "recall": 95.035}, "01X0000": {"fscore": 98.13499999999999, "precision": 98.025, "recall": 98.25}, "11X1100": {"fscore": 98.27000000000001, "precision": 98.10499999999999, "recall": 98.44}, "00X0100": {"fscore": 91.805, "precision": 91.255, "recall": 92.37}, "10X1000": {"fscore": 90.75, "precision": 90.685, "recall": 90.825}}