{"10X1011": {"fscore": 95.72166666666666, "precision": 96.17777777777778, "recall": 95.27185185185185}, "00X0111": {"fscore": 99.3274074074074, "precision": 99.43314814814815, "recall": 99.22037037037038}, "11X1111": {"fscore": 95.23537037037038, "precision": 95.40481481481481, "recall": 95.06611111111111}, "01X0011": {"fscore": 98.03666666666666, "precision": 98.18074074074075, "recall": 97.89351851851852}, "10X1001": {"fscore": 94.37351851851852, "precision": 94.47185185185185, "recall": 94.27907407407407}, "00X0101": {"fscore": 99.18481481481481, "precision": 99.24148148148149, "recall": 99.13074074074075}, "11X1101": {"fscore": 98.28796296296296, "precision": 98.44555555555556, "recall": 98.13074074074075}, "01X0001": {"fscore": 97.74796296296296, "precision": 97.76222222222222, "recall": 97.73425925925926}, "00X1101": {"fscore": 99.27851851851852, "precision": 99.32851851851852, "recall": 99.22}, "10X0001": {"fscore": 94.66555555555556, "precision": 94.77407407407406, "recall": 94.56037037037038}, "01X1001": {"fscore": 97.56166666666667, "precision": 97.63259259259259, "recall": 97.48333333333333}, "11X0101": {"fscore": 98.9012962962963, "precision": 98.9037037037037, "recall": 98.89462962962963}, "00X1111": {"fscore": 99.21444444444444, "precision": 99.4337037037037, "recall": 99.00259259259259}, "10X0011": {"fscore": 95.61685185185185, "precision": 96.03907407407408, "recall": 95.20018518518519}, "01X1011": {"fscore": 97.51277777777779, "precision": 97.74018518518518, "recall": 97.28925925925925}, "11X0111": {"fscore": 96.12611111111111, "precision": 96.1575925925926, "recall": 96.08925925925925}, "11X0011": {"fscore": 96.94259259259259, "precision": 96.98314814814815, "recall": 96.9075925925926}, "01X1111": {"fscore": 96.95370370370371, "precision": 97.18462962962963, "recall": 96.72296296296297}, "10X0111": {"fscore": 95.27055555555555, "precision": 95.59, "recall": 94.95222222222222}, "00X1011": {"fscore": 99.20518518518519, "precision": 99.46111111111111, "recall": 98.94944444444444}, "11X0001": {"fscore": 98.89, "precision": 98.82407407407408, "recall": 98.95833333333333}, "01X1101": {"fscore": 98.3437037037037, "precision": 98.45537037037037, "recall": 98.2337037037037}, "10X0101": {"fscore": 93.60629629629629, "precision": 93.63055555555556, "recall": 93.58148148148148}, "00X1001": {"fscore": 99.24814814814815, "precision": 99.28222222222223, "recall": 99.21592592592593}, "01X0101": {"fscore": 98.43074074074075, "precision": 98.46333333333334, "recall": 98.39981481481482}, "11X1001": {"fscore": 98.15351851851852, "precision": 98.23648148148148, "recall": 98.07111111111111}, "00X0001": {"fscore": 99.05351851851852, "precision": 99.08018518518519, "recall": 99.0262962962963}, "10X1101": {"fscore": 93.50518518518518, "precision": 93.62222222222222, "recall": 93.38888888888889}, "01X0111": {"fscore": 97.4675925925926, "precision": 97.59814814814814, "recall": 97.33796296296296}, "11X1011": {"fscore": 95.3488888888889, "precision": 95.54722222222222, "recall": 95.15203703703703}, "00X0011": {"fscore": 99.2074074074074, "precision": 99.34037037037037, "recall": 99.07722222222222}, "10X1111": {"fscore": 95.20425925925926, "precision": 95.5174074074074, "recall": 94.8924074074074}, "10X1100": {"fscore": 90.89425925925926, "precision": 90.98907407407407, "recall": 90.79925925925926}, "00X0000": {"fscore": 90.40055555555556, "precision": 90.05444444444444, "recall": 90.75944444444444}, "11X1000": {"fscore": 98.51055555555556, "precision": 98.39425925925926, "recall": 98.62722222222223}, "01X0100": {"fscore": 98.06537037037037, "precision": 98.09555555555556, "recall": 98.03555555555556}, "10X1110": {"fscore": 95.79796296296297, "precision": 96.14555555555556, "recall": 95.45629629629629}, "00X0010": {"fscore": 97.61314814814814, "precision": 97.58685185185185, "recall": 97.64481481481481}, "11X1010": {"fscore": 99.1037037037037, "precision": 99.12962962962963, "recall": 99.0812962962963}, "01X0110": {"fscore": 97.39648148148147, "precision": 97.43888888888888, "recall": 97.35703703703703}, "00X1010": {"fscore": 98.28999999999999, "precision": 98.1287037037037, "recall": 98.4562962962963}, "10X0110": {"fscore": 94.91037037037037, "precision": 95.21074074074075, "recall": 94.61425925925926}, "01X1110": {"fscore": 98.8624074074074, "precision": 98.87574074074074, "recall": 98.84907407407408}, "11X0010": {"fscore": 98.30018518518519, "precision": 98.43240740740741, "recall": 98.1725925925926}, "00X1000": {"fscore": 91.98370370370371, "precision": 91.47981481481482, "recall": 92.4961111111111}, "10X0100": {"fscore": 90.69685185185185, "precision": 90.9598148148148, "recall": 90.43851851851852}, "01X1100": {"fscore": 98.84944444444444, "precision": 98.8575925925926, "recall": 98.84148148148148}, "11X0000": {"fscore": 96.80851851851851, "precision": 96.67777777777778, "recall": 96.94111111111111}, "11X0100": {"fscore": 98.17537037037037, "precision": 98.24537037037038, "recall": 98.09722222222223}, "01X1000": {"fscore": 98.37037037037037, "precision": 98.32444444444445, "recall": 98.41759259259258}, "10X0000": {"fscore": 89.40592592592593, "precision": 89.41537037037037, "recall": 89.39999999999999}, "00X1100": {"fscore": 92.28055555555555, "precision": 91.82888888888888, "recall": 92.73574074074074}, "11X0110": {"fscore": 99.04444444444445, "precision": 99.06166666666667, "recall": 99.02425925925927}, "01X1010": {"fscore": 97.89166666666667, "precision": 97.95129629629629, "recall": 97.83037037037036}, "10X0010": {"fscore": 94.72666666666666, "precision": 95.08962962962963, "recall": 94.37074074074074}, "00X1110": {"fscore": 98.63703703703703, "precision": 98.5887037037037, "recall": 98.68944444444445}, "01X0010": {"fscore": 97.67944444444444, "precision": 97.80018518518519, "recall": 97.5625925925926}, "11X1110": {"fscore": 99.36574074074075, "precision": 99.3762962962963, "recall": 99.35777777777778}, "00X0110": {"fscore": 97.62555555555556, "precision": 97.40388888888889, "recall": 97.84796296296295}, "10X1010": {"fscore": 95.16277777777778, "precision": 95.32296296296296, "recall": 95.00425925925926}, "01X0000": {"fscore": 97.35870370370371, "precision": 97.36537037037037, "recall": 97.35}, "11X1100": {"fscore": 98.68222222222222, "precision": 98.64425925925926, "recall": 98.71814814814815}, "00X0100": {"fscore": 91.60574074074074, "precision": 91.34537037037038, "recall": 91.87592592592593}, "10X1000": {"fscore": 90.25481481481482, "precision": 90.26314814814815, "recall": 90.24388888888889}}