{"10X1011": {"fscore": 99.05166666666666, "precision": 98.89333333333333, "recall": 99.20833333333333}, "00X0111": {"fscore": 99.27833333333334, "precision": 99.31, "recall": 99.25}, "11X1111": {"fscore": 91.57833333333333, "precision": 90.69333333333333, "recall": 92.47833333333334}, "01X0011": {"fscore": 98.39833333333334, "precision": 98.16166666666666, "recall": 98.63666666666667}, "10X1001": {"fscore": 98.175, "precision": 98.50333333333333, "recall": 97.85333333333334}, "00X0101": {"fscore": 99.12333333333333, "precision": 99.15833333333333, "recall": 99.095}, "11X1101": {"fscore": 98.935, "precision": 98.70166666666667, "recall": 99.16666666666667}, "01X0001": {"fscore": 98.29333333333334, "precision": 98.205, "recall": 98.38166666666666}, "00X1101": {"fscore": 98.75, "precision": 98.77333333333334, "recall": 98.72833333333334}, "10X0001": {"fscore": 98.95333333333333, "precision": 99.115, "recall": 98.79333333333334}, "01X1001": {"fscore": 97.13833333333334, "precision": 97.19333333333333, "recall": 97.08166666666666}, "11X0101": {"fscore": 99.385, "precision": 99.23666666666666, "recall": 99.535}, "00X1111": {"fscore": 98.99333333333334, "precision": 98.965, "recall": 99.015}, "10X0011": {"fscore": 99.38833333333334, "precision": 99.23166666666667, "recall": 99.54}, "01X1011": {"fscore": 98.14, "precision": 97.77333333333333, "recall": 98.50833333333333}, "11X0111": {"fscore": 93.61166666666666, "precision": 93.03, "recall": 94.205}, "11X0011": {"fscore": 93.75, "precision": 92.92999999999999, "recall": 94.585}, "01X1111": {"fscore": 98.20833333333333, "precision": 98.06166666666667, "recall": 98.35833333333333}, "10X0111": {"fscore": 99.32333333333332, "precision": 99.22500000000001, "recall": 99.42333333333333}, "00X1011": {"fscore": 99.00166666666667, "precision": 98.90666666666667, "recall": 99.09833333333333}, "11X0001": {"fscore": 98.93166666666667, "precision": 98.92166666666667, "recall": 98.94}, "01X1101": {"fscore": 97.705, "precision": 97.655, "recall": 97.75166666666667}, "10X0101": {"fscore": 99.46833333333333, "precision": 99.425, "recall": 99.51166666666667}, "00X1001": {"fscore": 98.14833333333333, "precision": 98.185, "recall": 98.11166666666666}, "01X0101": {"fscore": 98.33166666666666, "precision": 98.22166666666666, "recall": 98.44166666666666}, "11X1001": {"fscore": 98.34333333333333, "precision": 98.415, "recall": 98.26333333333334}, "00X0001": {"fscore": 99.01333333333334, "precision": 98.995, "recall": 99.03666666666668}, "10X1101": {"fscore": 99.05666666666667, "precision": 98.95833333333333, "recall": 99.16}, "01X0111": {"fscore": 98.43333333333332, "precision": 98.27333333333334, "recall": 98.59}, "11X1011": {"fscore": 93.385, "precision": 92.80666666666666, "recall": 93.96666666666667}, "00X0011": {"fscore": 99.275, "precision": 99.18333333333334, "recall": 99.365}, "10X1111": {"fscore": 99.07166666666667, "precision": 98.955, "recall": 99.18666666666667}, "10X1100": {"fscore": 98.71833333333333, "precision": 98.66166666666666, "recall": 98.77333333333333}, "00X0000": {"fscore": 98.17833333333333, "precision": 98.15333333333334, "recall": 98.20333333333333}, "11X1000": {"fscore": 98.24, "precision": 98.14833333333334, "recall": 98.33166666666666}, "01X0100": {"fscore": 98.73, "precision": 98.59333333333333, "recall": 98.86999999999999}, "10X1110": {"fscore": 99.43166666666667, "precision": 99.40333333333332, "recall": 99.45333333333333}, "00X0010": {"fscore": 98.76, "precision": 98.60666666666667, "recall": 98.92}, "11X1010": {"fscore": 98.59333333333333, "precision": 98.47, "recall": 98.72333333333333}, "01X0110": {"fscore": 98.83833333333332, "precision": 98.66, "recall": 99.02166666666668}, "00X1010": {"fscore": 97.85, "precision": 97.54833333333333, "recall": 98.155}, "10X0110": {"fscore": 99.59333333333333, "precision": 99.61666666666666, "recall": 99.57}, "01X1110": {"fscore": 98.24333333333334, "precision": 97.88666666666667, "recall": 98.60166666666667}, "11X0010": {"fscore": 99.08333333333333, "precision": 98.94833333333334, "recall": 99.21333333333334}, "00X1000": {"fscore": 97.69333333333333, "precision": 97.65, "recall": 97.735}, "10X0100": {"fscore": 99.035, "precision": 99.03, "recall": 99.035}, "01X1100": {"fscore": 97.75999999999999, "precision": 97.44, "recall": 98.07833333333333}, "11X0000": {"fscore": 98.98166666666667, "precision": 98.95333333333333, "recall": 99.01166666666667}, "11X0100": {"fscore": 99.29333333333334, "precision": 99.23333333333333, "recall": 99.34666666666666}, "01X1000": {"fscore": 96.91, "precision": 96.46333333333334, "recall": 97.36166666666666}, "10X0000": {"fscore": 98.605, "precision": 98.59666666666666, "recall": 98.61}, "00X1100": {"fscore": 97.56166666666667, "precision": 97.28666666666666, "recall": 97.83333333333333}, "11X0110": {"fscore": 99.57666666666667, "precision": 99.55666666666666, "recall": 99.59333333333333}, "01X1010": {"fscore": 97.35833333333333, "precision": 96.94333333333334, "recall": 97.78}, "10X0010": {"fscore": 99.37333333333333, "precision": 99.39333333333333, "recall": 99.35333333333334}, "00X1110": {"fscore": 98.20666666666666, "precision": 97.84166666666667, "recall": 98.57000000000001}, "01X0010": {"fscore": 98.97333333333333, "precision": 98.82166666666666, "recall": 99.11666666666666}, "11X1110": {"fscore": 99.18833333333333, "precision": 99.14166666666667, "recall": 99.23}, "00X0110": {"fscore": 98.57000000000001, "precision": 98.21833333333333, "recall": 98.93333333333334}, "10X1010": {"fscore": 98.86166666666666, "precision": 98.83, "recall": 98.89}, "01X0000": {"fscore": 96.965, "precision": 96.6, "recall": 97.33833333333334}, "11X1100": {"fscore": 98.82, "precision": 98.74833333333333, "recall": 98.89}, "00X0100": {"fscore": 98.26666666666667, "precision": 98.13166666666666, "recall": 98.39666666666666}, "10X1000": {"fscore": 98.17333333333333, "precision": 98.17666666666668, "recall": 98.175}}