{"01X0010": 3.122572084117884, "11X1110": 3.0624368854088218, "00X0110": 2.8630193631333754, "10X1010": 2.9613864263337257, "01X0000": 3.114158386553231, "11X1100": 3.132723640949764, "00X0100": 2.860515064862638, "10X1000": 2.8684248549283686, "11X0100": 3.127900942945545, "01X1000": 3.1170256854154745, "10X0000": 2.8669699913507025, "00X1100": 2.8656810160511044, "11X0110": 3.058223733980617, "01X1010": 3.1301416104827293, "10X0010": 2.956410653388188, "00X1110": 2.8678566229976243, "00X1010": 2.9777374057065042, "10X0110": 2.84842830478566, "01X1110": 3.0204960820147164, "11X0010": 3.1666582867542155, "00X1000": 2.8730373241416967, "10X0100": 2.85577495444742, "01X1100": 3.1141572630102483, "11X0000": 3.134662720078542, "10X1100": 2.8626683438126053, "00X0000": 2.8709199476270397, "11X1000": 3.1381366006204034, "01X0100": 3.10909092901104, "10X1110": 2.855550470370803, "00X0010": 2.972368220603219, "11X1010": 3.1757727919803806, "01X0110": 3.016978277474206, "01X0101": 3.1261183504796017, "11X1001": 3.154950843631169, "00X0001": 3.0124341316160432, "10X1101": 2.952717753279468, "01X0111": 3.0240924977324513, "11X1011": 3.145872394950878, "00X0011": 3.00946421374591, "10X1111": 2.8549735005500096, "11X0011": 3.1353586151307766, "01X1111": 3.031285793506921, "10X0111": 2.8494522303435446, "00X1011": 3.0169535496074205, "11X0001": 3.146910765069791, "01X1101": 3.130101377993588, "10X0101": 2.943794464484661, "00X1001": 3.014798900274403, "00X1101": 3.007821245763703, "10X0001": 2.9576025629053264, "01X1001": 3.1490329748921275, "11X0101": 3.1310302325890094, "00X1111": 2.908839434757704, "10X0011": 2.953088502126029, "01X1011": 3.1448909791968274, "11X0111": 3.027590708610595, "10X1011": 2.960715239573583, "00X0111": 2.9026545674132076, "11X1111": 3.0355427636055623, "01X0011": 3.13576404337577, "10X1001": 2.958363716321639, "00X0101": 2.997998470516003, "11X1101": 3.14046376364305, "01X0001": 3.1462239406131696}