{"01X0010": 9.416245907546934, "11X1110": 9.887216877674625, "00X0110": 9.079420180078337, "10X1010": 9.08346593563897, "01X0000": 9.268091410001443, "11X1100": 9.896802900174222, "00X0100": 8.594406059058283, "10X1000": 8.527825509915509, "11X0100": 9.910481099669884, "01X1000": 9.276952178084255, "10X0000": 8.525190200703864, "00X1100": 8.588691142940927, "11X0110": 9.88868984595538, "01X1010": 9.443442523648095, "10X0010": 9.087373117356131, "00X1110": 9.087505495825104, "00X1010": 9.278378333292945, "10X0110": 8.918475091844057, "01X1110": 9.3348993337835, "11X0010": 10.056197290508468, "00X1000": 8.480050307575521, "10X0100": 8.6726926774645, "01X1100": 9.449253590763885, "11X0000": 9.752744674933805, "10X1100": 8.644626716006652, "00X0000": 8.473287102309829, "11X1000": 9.75233306198514, "01X0100": 9.456949977903802, "10X1110": 8.889211694013621, "00X0010": 9.259722350052229, "11X1010": 10.073235858817082, "01X0110": 9.330181190985757, "01X0101": 8.958920326593296, "11X1001": 9.31127785346291, "00X0001": 9.58784710763393, "10X1101": 8.90912871166412, "01X0111": 8.443509108135814, "11X1011": 8.712791076346837, "00X0011": 9.749001373262093, "10X1111": 8.552268168433166, "11X0011": 8.7076728043029, "01X1111": 8.450446488534759, "10X0111": 8.57288256649808, "00X1011": 9.764689273629628, "11X0001": 9.320961233743127, "01X1101": 8.961662593364533, "10X0101": 8.941835706557416, "00X1001": 9.591580725537476, "00X1101": 9.613655022343028, "10X0001": 9.021798369650025, "01X1001": 8.94724523757823, "11X0101": 9.296407818421905, "00X1111": 9.388388493190664, "10X0011": 8.947592867467515, "01X1011": 8.77091579876409, "11X0111": 8.425477196966547, "10X1011": 8.94040675158722, "00X0111": 9.388468047562593, "11X1111": 8.414306606960988, "01X0011": 8.739338901758412, "10X1001": 9.00261510730071, "00X0101": 9.621915112904468, "11X1101": 9.27667083881535, "01X0001": 8.921431275585025}