{"01X0010": 2.980268059771147, "11X1110": 2.9442658704578055, "00X0110": 2.9261043499807964, "10X1010": 2.9608527455192393, "01X0000": 2.951826146342948, "11X1100": 2.976748775447515, "00X0100": 2.956132402214324, "10X1000": 2.933082996563114, "11X0100": 2.974868448169137, "01X1000": 2.9516088821357567, "10X0000": 2.9333374798865917, "00X1100": 2.9574489284564764, "11X0110": 2.9445388091923554, "01X1010": 2.979456646282479, "10X0010": 2.9616679273377926, "00X1110": 2.9252003438531218, "00X1010": 2.96085275871026, "10X0110": 2.9261043327596172, "01X1110": 2.944266043191111, "11X0010": 2.980267928669297, "00X1000": 2.9330830095655154, "10X0100": 2.9561323916752826, "01X1100": 2.9767489933736426, "11X0000": 2.9518260214896337, "10X1100": 2.9574489170490046, "00X0000": 2.9333374854899077, "11X1000": 2.9516087484874705, "01X0100": 2.9748687111586003, "10X1110": 2.925200341120442, "00X0010": 2.961667939902468, "11X1010": 2.979456508407924, "01X0110": 2.944539070202018, "01X0101": 2.9758944537114287, "11X1001": 2.9519054382841237, "00X0001": 2.9316301041567643, "10X1101": 2.957560400010762, "01X0111": 2.9444525115794358, "11X1011": 2.9815262705202064, "00X0011": 2.961139994334652, "10X1111": 2.92554537671146, "11X0011": 2.9806215766976445, "01X1111": 2.945011702479115, "10X0111": 2.9248989528422644, "00X1011": 2.9621416194671273, "11X0001": 2.9504684513233683, "01X1101": 2.977094712784629, "10X0101": 2.9562604205296457, "00X1001": 2.9327466544253835, "00X1101": 2.957560412819873, "10X0001": 2.9316300919658085, "01X1001": 2.9519054724925224, "11X0101": 2.9758942208833923, "00X1111": 2.925545387856818, "10X0011": 2.9611399963321317, "01X1011": 2.9815263498947484, "11X0111": 2.9444523148372683, "10X1011": 2.962141621629746, "00X0111": 2.9248989603673583, "11X1111": 2.9450114841552617, "01X0011": 2.980621630849156, "10X1001": 2.9327466642956064, "00X0101": 2.9562604291327275, "11X1101": 2.9770944416354244, "01X0001": 2.950468582437973}