{"01X0010": 3.090892759954609, "11X1110": 3.0397468123543288, "00X0110": 2.843275317339577, "10X1010": 2.9390436346009823, "01X0000": 3.0849739060985946, "11X1100": 3.109097731717329, "00X0100": 2.840789739822913, "10X1000": 2.846927134939726, "11X0100": 3.1040710700348715, "01X1000": 3.0899421192901, "10X0000": 2.8445981839764634, "00X1100": 2.8478561551718733, "11X0110": 3.0341004212044016, "01X1010": 3.101741496190109, "10X0010": 2.9314506586427322, "00X1110": 2.850209932088105, "00X1010": 2.954728481138762, "10X0110": 2.8295553512240637, "01X1110": 2.9956384938011174, "11X0010": 3.138922708642065, "00X1000": 2.851464569563716, "10X0100": 2.8376220066714453, "01X1100": 3.088491540381761, "11X0000": 3.1068391275170013, "10X1100": 2.8437504383715764, "00X0000": 2.8482081451467036, "11X1000": 3.1120899742242956, "01X0100": 3.0840604003757024, "10X1110": 2.8384700382864865, "00X0010": 2.947516940938068, "11X1010": 3.147944476447427, "01X0110": 2.9910500235586976, "01X0101": 3.103316576878881, "11X1001": 3.127723617349639, "00X0001": 2.99041263055382, "10X1101": 2.9318148348832507, "01X0111": 3.0019271809779813, "11X1011": 3.1182862055609863, "00X0011": 2.9866418675081325, "10X1111": 2.836334265318208, "11X0011": 3.108271815081837, "01X1111": 3.0090011978672013, "10X0111": 2.8295757335186362, "00X1011": 2.99361589049298, "11X0001": 3.1202381754187565, "01X1101": 3.1047057179345323, "10X0101": 2.9246016272905697, "00X1001": 2.9928699942489163, "00X1101": 2.987500230921326, "10X0001": 2.934967916339715, "01X1001": 3.1216077020425335, "11X0101": 3.1071568231174966, "00X1111": 2.890668502345652, "10X0011": 2.9297625713339173, "01X1011": 3.1161155547786565, "11X0111": 3.0053916853062654, "10X1011": 2.9368492261492376, "00X0111": 2.884108092463556, "11X1111": 3.0133552766516454, "01X0011": 3.107572100855044, "10X1001": 2.9395231087835505, "00X0101": 2.9797450642176884, "11X1101": 3.1146834074440584, "01X0001": 3.1191104957211646}