{"01X0010": 3.1335576118619772, "11X1110": 3.0748370282140014, "00X0110": 2.8750815874171254, "10X1010": 2.9747554017463624, "01X0000": 3.1212930770505976, "11X1100": 3.1447628886072323, "00X0100": 2.8712041330400107, "10X1000": 2.8787683993674786, "11X0100": 3.139215155204033, "01X1000": 3.126138722257264, "10X0000": 2.8757074195176933, "00X1100": 2.874841244365932, "11X0110": 3.0686177986780567, "01X1010": 3.1429859831409868, "10X0010": 2.968505909038611, "00X1110": 2.880834752828126, "00X1010": 2.9906740995139236, "10X0110": 2.860738767339183, "01X1110": 3.0324245802460403, "11X0010": 3.1785469245026063, "00X1000": 2.8820035663400443, "10X0100": 2.86759373131226, "01X1100": 3.125095487065236, "11X0000": 3.142566861982022, "10X1100": 2.8717075937252226, "00X0000": 2.879016713772466, "11X1000": 3.1471962495115346, "01X0100": 3.119059838783769, "10X1110": 2.868427909627383, "00X0010": 2.9849489984103634, "11X1010": 3.1878083539803352, "01X0110": 3.0287120610207383, "01X0101": 3.135064180401767, "11X1001": 3.1652447533626256, "00X0001": 3.022515386364745, "10X1101": 2.9612497043617267, "01X0111": 3.031961074514836, "11X1011": 3.1584071368362787, "00X0011": 3.023011484774041, "10X1111": 2.863712619065147, "11X0011": 3.1473143160335924, "01X1111": 3.0387322612052454, "10X0111": 2.8585611966119386, "00X1011": 3.030600862138163, "11X0001": 3.156291546668128, "01X1101": 3.1380305258697483, "10X0101": 2.9543281297411124, "00X1001": 3.0279174334472456, "00X1101": 3.0161742882045637, "10X0001": 2.9674958136823086, "01X1001": 3.1591824684017835, "11X0101": 3.1409945357798383, "00X1111": 2.91815481934111, "10X0011": 2.966462867580355, "01X1011": 3.156785945576938, "11X0111": 3.036052202449982, "10X1011": 2.974047619281695, "00X0111": 2.9123109144555155, "11X1111": 3.0437579236553622, "01X0011": 3.147431017560209, "10X1001": 2.9734290018142726, "00X0101": 3.0094254518279913, "11X1101": 3.1491136601331933, "01X0001": 3.1554333339479497}