{"01X0010": 9.435558256012246, "11X1110": 9.83737524626472, "00X0110": 9.053079110010234, "10X1010": 9.09539902080365, "01X0000": 9.242392013172925, "11X1100": 9.880565378902986, "00X0100": 8.568833054076048, "10X1000": 8.519006745619496, "11X0100": 9.894138430463789, "01X1000": 9.250884533720736, "10X0000": 8.530059274534775, "11X0110": 9.856309902399342, "01X1010": 9.427819748995418, "10X0010": 9.135055201164036, "00X1110": 9.041459688360746, "00X1010": 9.273863674068224, "10X0110": 8.926262013926202, "01X1110": 9.289239319322949, "11X0010": 10.076621511261486, "00X1000": 8.45465270049749, "10X0100": 8.666836017781527, "01X1100": 9.42714979234972, "11X0000": 9.732890104819484, "10X1100": 8.644159691951153, "00X0000": 8.461022144546039, "11X1000": 9.725470143336215, "01X0100": 9.422616859747059, "10X1110": 8.888628662460981, "00X0010": 9.283661664961475, "11X1010": 10.058802107313245, "01X0110": 9.298319672863357, "00X1100": 8.920310122826628, "01X0101": 8.925121840843499, "11X1001": 9.26564660093035, "00X0001": 9.563207590602925, "10X1101": 8.913420430570389, "01X0111": 8.409524686981975, "11X1011": 8.679585019692322, "00X0011": 9.799336257756213, "10X1111": 8.55097359680305, "11X0011": 8.67648046587081, "01X1111": 8.412155291246027, "10X0111": 8.578763893723945, "00X1011": 9.79974340320107, "11X0001": 9.264556204848322, "01X1101": 8.954574126950007, "10X0101": 8.931531849740159, "00X1001": 9.594898140242043, "00X1101": 9.605002507234271, "10X0001": 9.00086626270689, "01X1001": 8.919272736986048, "11X0101": 9.236053428627013, "00X1111": 9.375166397243097, "10X0011": 8.976138966416837, "01X1011": 8.760577561015193, "11X0111": 8.36262114273494, "10X1011": 8.946598576315079, "00X0111": 9.386520141929541, "11X1111": 8.362013546865398, "01X0011": 8.744132341308372, "10X1001": 8.989502919461458, "00X0101": 9.590829917153519, "11X1101": 9.244302270440016, "01X0001": 8.88202652545287}