{"01X0010": 3.1039100678824045, "11X1110": 3.053185933407015, "00X0110": 2.8531403422581043, "10X1010": 2.9480557417643727, "01X0000": 3.1018036250223027, "11X1100": 3.123816832862702, "00X0100": 2.8484090188872218, "10X1000": 2.8563319127617266, "11X0100": 3.1175292280074034, "01X1000": 3.1061065093252935, "10X0000": 2.8542799247800197, "00X1100": 2.856795395555724, "11X0110": 3.044735104799992, "01X1010": 3.1151501136221147, "10X0010": 2.9409309112186435, "00X1110": 2.8632129436685774, "00X1010": 2.963800577041126, "10X0110": 2.8388807322071745, "01X1110": 3.0088002023724236, "11X0010": 3.149448813888317, "00X1000": 2.8617756759089703, "10X0100": 2.844406611364451, "01X1100": 3.1047697479642036, "11X0000": 3.121546040175903, "10X1100": 2.852632984174323, "00X0000": 2.8586441296355227, "11X1000": 3.1260644809394105, "01X0100": 3.098273627994099, "10X1110": 2.8511444249145343, "00X0010": 2.9567760209384533, "11X1010": 3.1600425242428853, "01X0110": 3.0043255572123293, "01X0101": 3.1125226207732766, "11X1001": 3.1417223551685023, "00X0001": 2.9995006206764536, "10X1101": 2.943198019399082, "01X0111": 3.0118273156570816, "11X1011": 3.1297953588101004, "00X0011": 2.9941062125384335, "10X1111": 2.8497866636249696, "11X0011": 3.11795341238856, "01X1111": 3.0243722033798295, "10X0111": 2.8398185520283694, "00X1011": 3.0030015111720525, "11X0001": 3.131734149422783, "01X1101": 3.1173943809384412, "10X0101": 2.9332362453464227, "00X1001": 3.0048187881802724, "00X1101": 2.9997812813067917, "10X0001": 2.9437984859488484, "01X1001": 3.1348771155757023, "11X0101": 3.1185251798593296, "00X1111": 2.904768344737509, "10X0011": 2.9372899527795777, "01X1011": 3.127851524133923, "11X0111": 3.015925806971425, "10X1011": 2.946059867583041, "00X0111": 2.894140490359725, "11X1111": 3.0277902890567407, "01X0011": 3.1170130771908493, "10X1001": 2.9501051006523555, "00X0101": 2.989516194855527, "11X1101": 3.1292704375829477, "01X0001": 3.1299246573499353}