{"01X0010": 2.9782407223471057, "11X1110": 2.94753164045034, "00X0110": 2.9252901651881906, "10X1010": 2.9605326566216332, "01X0000": 2.9527955143890074, "11X1100": 2.9797171756363587, "00X0100": 2.9538245115575172, "10X1000": 2.9340757559872093, "11X0100": 2.974793591094132, "01X1000": 2.9541510889627336, "10X0000": 2.93264910461441, "00X1100": 2.9586627107913195, "11X0110": 2.945557431446155, "01X1010": 2.9807999628466613, "10X0010": 2.957970649079101, "00X1110": 2.9268984388871795, "00X1010": 2.9605326626203783, "10X0110": 2.9252901503708104, "01X1110": 2.947532021675811, "11X0010": 2.9782405499962525, "00X1000": 2.9340757607876307, "10X0100": 2.95382450851176, "01X1100": 2.9797175721433513, "11X0000": 2.9527953568452423, "10X1100": 2.9586626847197453, "00X0000": 2.9326491215271626, "11X1000": 2.954151007509326, "01X0100": 2.974793715585112, "10X1110": 2.9268984098991533, "00X0010": 2.9579706609393885, "11X1010": 2.9807998188263696, "01X0110": 2.9455577623236255, "01X0101": 2.978599738422571, "11X1001": 2.9549168330179265, "00X0001": 2.932032857179332, "10X1101": 2.957111124376337, "01X0111": 2.9490036755405713, "11X1011": 2.982358500800872, "00X0011": 2.961130613613419, "10X1111": 2.9266021427924227, "11X0011": 2.9823981753140236, "01X1111": 2.9480362432853813, "10X0111": 2.927475927380416, "00X1011": 2.9611759511297255, "11X0001": 2.952832337283156, "01X1101": 2.978805861881792, "10X0101": 2.9569063818342403, "00X1001": 2.933997949813791, "00X1101": 2.9571111728482413, "10X0001": 2.9320328456586124, "01X1001": 2.954917043945943, "11X0101": 2.978599305846399, "00X1111": 2.926602185770209, "10X0011": 2.961130590448301, "01X1011": 2.98235874353659, "11X0111": 2.949003261259329, "10X1011": 2.9611759197865246, "00X0111": 2.9274759537662036, "11X1111": 2.948035810655169, "01X0011": 2.9823984066893843, "10X1001": 2.9339979225636585, "00X0101": 2.9569064127843183, "11X1101": 2.978805388421817, "01X0001": 2.952832460705114}