{"01X0010": 2.962537604978869, "11X1110": 2.9321057010527065, "00X0110": 2.913649931833251, "10X1010": 2.946406311533039, "01X0000": 2.9359749360435408, "11X1100": 2.9632526334315896, "00X0100": 2.93967951232419, "10X1000": 2.9190562881984485, "11X0100": 2.95719154024224, "01X1000": 2.9359301304432135, "10X0000": 2.9193748723947603, "00X1100": 2.9456814378357308, "11X0110": 2.9302392238493624, "01X1010": 2.963252104813674, "10X0010": 2.9459885389027916, "00X1110": 2.914858327539001, "00X1010": 2.9464063111697048, "10X0110": 2.9136499171647965, "01X1110": 2.932106057469401, "11X0010": 2.962537438244427, "00X1000": 2.919056286519813, "10X0100": 2.939679522085739, "01X1100": 2.9632530094460985, "11X0000": 2.9359747817171664, "10X1100": 2.9456814140026575, "00X0000": 2.9193748813243685, "11X1000": 2.9359300761210347, "01X0100": 2.957191566378986, "10X1110": 2.9148583051062067, "00X0010": 2.945988543408751, "11X1010": 2.963252006764863, "01X0110": 2.930239570349058, "01X0101": 2.9617873427527077, "11X1001": 2.935478006587899, "00X0001": 2.9162904182836487, "10X1101": 2.9440458306849484, "01X0111": 2.9310905972973655, "11X1011": 2.9634132623937224, "00X0011": 2.9457369454180924, "10X1111": 2.9139163353478303, "11X0011": 2.963123328672874, "01X1111": 2.9318094329913786, "10X0111": 2.9134502587712774, "00X1011": 2.94588237631126, "11X0001": 2.9333594585744986, "01X1101": 2.962034993744664, "10X0101": 2.9440184812841506, "00X1001": 2.9181600558512955, "00X1101": 2.944045866201809, "10X0001": 2.9162904198889583, "01X1001": 2.935478162933178, "11X0101": 2.961786916513889, "00X1111": 2.9139163687745, "10X0011": 2.9457369369822963, "01X1011": 2.9634134479908267, "11X0111": 2.931090222274598, "10X1011": 2.9458823627210693, "00X0111": 2.913450281226173, "11X1111": 2.931809024654842, "01X0011": 2.963123493793537, "10X1001": 2.918160045638422, "00X0101": 2.9440185110806283, "11X1101": 2.9620345467041753, "01X0001": 2.9333595199892883}