{"01X0010": 9.342075581644977, "11X1110": 9.820911536786307, "00X0110": 9.010623026713912, "10X1010": 9.018273182211631, "01X0000": 9.18825000352074, "11X1100": 9.829880720469086, "00X0100": 8.53196180803754, "10X1000": 8.422783556439512, "11X0100": 9.831279816779714, "01X1000": 9.176571327943602, "10X0000": 8.45188235164483, "00X1100": 8.521782289563948, "11X0110": 9.808143366048713, "01X1010": 9.338339451810278, "10X0010": 9.037941206023376, "00X1110": 9.015073388386506, "00X1010": 9.203726547140903, "10X0110": 8.845156591074735, "01X1110": 9.238974035912095, "11X0010": 9.996336897211204, "00X1000": 8.413722359789766, "10X0100": 8.58531797643115, "01X1100": 9.348524220904629, "11X0000": 9.702733531488096, "10X1100": 8.554160460580754, "00X0000": 8.430573815546136, "11X1000": 9.695093499256297, "01X0100": 9.346386066596537, "10X1110": 8.825193304726518, "00X0010": 9.206749810400197, "11X1010": 9.99942809732929, "01X0110": 9.229564212533827, "01X0101": 8.833494844225328, "11X1001": 9.209265119723408, "00X0001": 9.49264856870943, "10X1101": 8.813909801585307, "01X0111": 8.33534599198714, "11X1011": 8.613931329984638, "00X0011": 9.717079704269763, "10X1111": 8.503539551220113, "11X0011": 8.613852459978059, "01X1111": 8.35508629531858, "10X0111": 8.520333141469123, "00X1011": 9.72290748069773, "11X0001": 9.226816427128973, "01X1101": 8.852595561820003, "10X0101": 8.847140000253635, "00X1001": 9.498265123186812, "00X1101": 9.53475579693876, "10X0001": 8.925903351742587, "01X1001": 8.833903147253217, "11X0101": 9.156289728500273, "00X1111": 9.35757327967989, "10X0011": 8.89067193446689, "01X1011": 8.672994634247326, "11X0111": 8.308664639448008, "10X1011": 8.863538537535911, "00X0111": 9.34754818942275, "11X1111": 8.31949018937155, "01X0011": 8.654581097413502, "10X1001": 8.893578330326623, "00X0101": 9.527516493556295, "11X1101": 9.158151846304424, "01X0001": 8.808511609874582}