{"01X0010": 2.9499271412849746, "11X1110": 2.9178218816893002, "00X0110": 2.8966700436208503, "10X1010": 2.931428372470434, "01X0000": 2.9227365679968464, "11X1100": 2.9478137824157313, "00X0100": 2.923132819352765, "10X1000": 2.9048346197430015, "11X0100": 2.941629823439194, "01X1000": 2.9229233945734263, "10X0000": 2.904509261283804, "00X1100": 2.9292451311551613, "11X0110": 2.915048031125302, "01X1010": 2.9492964472447802, "10X0010": 2.931546897947125, "00X1110": 2.8994398225940197, "00X1010": 2.93142837147132, "10X0110": 2.8966700275516297, "01X1110": 2.9178222702020813, "11X0010": 2.9499269702828244, "00X1000": 2.904834619720913, "10X0100": 2.92313282591682, "01X1100": 2.9478141306882115, "11X0000": 2.9227363977623186, "10X1100": 2.929245111502452, "00X0000": 2.904509267194602, "11X1000": 2.922923314495045, "01X0100": 2.9416298180607745, "10X1110": 2.899439798627774, "00X0010": 2.9315469026214274, "11X1010": 2.949296416590558, "01X0110": 2.915048399385094, "01X0101": 2.94799922683484, "11X1001": 2.922088945673549, "00X0001": 2.902206920558295, "10X1101": 2.9294998160735286, "01X0111": 2.917583737766343, "11X1011": 2.9505283143156706, "00X0011": 2.9316819144665556, "10X1111": 2.8988817957788746, "11X0011": 2.950231408569544, "01X1111": 2.917927392772439, "10X0111": 2.8986294933835293, "00X1011": 2.931883334942, "11X0001": 2.9213113431439277, "01X1101": 2.948770210336686, "10X0101": 2.928898143604919, "00X1001": 2.9037193027882875, "00X1101": 2.9294998598424007, "10X0001": 2.9022069214128283, "01X1001": 2.922089038262027, "11X0101": 2.9479988032567634, "00X1111": 2.898881835836001, "10X0011": 2.9316819040553472, "01X1011": 2.950528463966441, "11X0111": 2.917583329003892, "10X1011": 2.9318833208610173, "00X0111": 2.8986295224052103, "11X1111": 2.9179269704288435, "01X0011": 2.950231531512909, "10X1001": 2.9037192965430028, "00X0101": 2.9288981710634445, "11X1101": 2.9487697318673094, "01X0001": 2.9213115206174294}