{"01X0010": 9.295455731552211, "11X1110": 9.706856084702633, "00X0110": 8.946300490506516, "10X1010": 8.953355347166864, "01X0000": 9.140801533656035, "11X1100": 9.746505679939908, "00X0100": 8.472674498975696, "10X1000": 8.396471318747416, "11X0100": 9.750452994361961, "01X1000": 9.142064084883557, "10X0000": 8.40103286962605, "00X1100": 8.484022380939216, "11X0110": 9.7213548975491, "01X1010": 9.292884214297889, "10X0010": 8.9649002443144, "00X1110": 8.93354236782284, "00X1010": 9.132737515817622, "10X0110": 8.78245507931188, "01X1110": 9.133119946239614, "11X0010": 9.937556767172822, "00X1000": 8.362520673373842, "10X0100": 8.50923384691156, "01X1100": 9.288500859423301, "11X0000": 9.62815461663374, "10X1100": 8.5018636744173, "00X0000": 8.356216848743845, "11X1000": 9.628229969526593, "01X0100": 9.284348055005168, "10X1110": 8.754049293923202, "00X0010": 9.13408957787392, "11X1010": 9.92897089824288, "01X0110": 9.145826220460428, "01X0101": 8.780975000883604, "11X1001": 9.137906893913888, "00X0001": 9.430262892520627, "10X1101": 8.753238129038094, "01X0111": 8.279922064105746, "11X1011": 8.55737870720673, "00X0011": 9.630859337492335, "10X1111": 8.421987790242166, "11X0011": 8.560129823015401, "01X1111": 8.28235194640817, "10X0111": 8.452425597710008, "00X1011": 9.638844662079117, "11X0001": 9.13789514813405, "01X1101": 8.794932484723638, "10X0101": 8.778535184544914, "00X1001": 9.440510244455712, "00X1101": 9.458926272600355, "10X0001": 8.854631743514155, "01X1001": 8.7814631888915, "11X0101": 9.101247920298665, "00X1111": 9.260592622290924, "10X0011": 8.820943983986965, "01X1011": 8.624463117934749, "11X0111": 8.259921185495532, "10X1011": 8.793884848432807, "00X0111": 9.274907698122426, "11X1111": 8.245948223787709, "01X0011": 8.602016709629076, "10X1001": 8.83568419491992, "00X0101": 9.467754027826576, "11X1101": 9.111100277614849, "01X0001": 8.753658122177928}