{"01X0010": 9.412238583853902, "11X1110": 9.838843794358432, "00X0110": 9.014812070846641, "10X1010": 9.04350391106026, "01X0000": 9.232044559129559, "11X1100": 9.851616267125195, "00X0100": 8.530046864179976, "10X1000": 8.486723175514125, "11X0100": 9.869741845287864, "01X1000": 9.229605551033337, "10X0000": 8.487275570687153, "00X1100": 8.551131648926546, "11X0110": 9.85565240892468, "01X1010": 9.411546916090561, "10X0010": 9.062671330619759, "00X1110": 9.017353914795892, "00X1010": 9.217161171331739, "10X0110": 8.850059306911323, "01X1110": 9.28578720275738, "11X0010": 10.05553351529707, "00X1000": 8.446336389336208, "10X0100": 8.59811433933788, "01X1100": 9.410992100492237, "11X0000": 9.729433583886301, "10X1100": 8.600346524213865, "00X0000": 8.440194761670803, "11X1000": 9.707040305476111, "01X0100": 9.408082943045756, "10X1110": 8.832240144137312, "00X0010": 9.216818266352277, "11X1010": 10.041868913394357, "01X0110": 9.28882144790873, "01X0101": 8.861498443043345, "11X1001": 9.2302901229517, "00X0001": 9.559646730361806, "10X1101": 8.858508331454113, "01X0111": 8.364496300091218, "11X1011": 8.65705107778852, "00X0011": 9.741763153293999, "10X1111": 8.517087460731535, "11X0011": 8.650712671598974, "01X1111": 8.383170558058893, "10X0111": 8.531808794675655, "00X1011": 9.750191166945692, "11X0001": 9.23720968603092, "01X1101": 8.885957052427365, "10X0101": 8.878864679312034, "00X1001": 9.565329267346954, "00X1101": 9.592839748449107, "10X0001": 8.96960828666078, "01X1001": 8.896017443243625, "11X0101": 9.166876704271544, "00X1111": 9.380964055858975, "10X0011": 8.905808872349992, "01X1011": 8.730548851526484, "11X0111": 8.344870751837822, "10X1011": 8.889306703293416, "00X0111": 9.366492657772447, "11X1111": 8.35218760805181, "01X0011": 8.70659378542343, "10X1001": 8.948506100593942, "00X0101": 9.580715140133382, "11X1101": 9.177657244669687, "01X0001": 8.862200975516792}