{"01X0010": 2.9920465205571967, "11X1110": 2.9579157248422105, "00X0110": 2.937333132977416, "10X1010": 2.975335782565253, "01X0000": 2.961971231266288, "11X1100": 2.9910802766669415, "00X0100": 2.969342875110959, "10X1000": 2.9447098629088178, "11X0100": 2.9880569444879574, "01X1000": 2.962916723780746, "10X0000": 2.9437273590637956, "00X1100": 2.9720003170018523, "11X0110": 2.9557850890718633, "01X1010": 2.9934784412977566, "10X0010": 2.9737173319583055, "00X1110": 2.939103358623456, "00X1010": 2.9753357834124183, "10X0110": 2.9373331152444377, "01X1110": 2.957916142700589, "11X0010": 2.992046334965312, "00X1000": 2.9447098563273078, "10X0100": 2.9693428582200987, "01X1100": 2.9910806515462136, "11X0000": 2.961971052910137, "10X1100": 2.9720003010193135, "00X0000": 2.9437273646317865, "11X1000": 2.962916710019723, "01X0100": 2.9880573262951877, "10X1110": 2.9391033319705837, "00X0010": 2.973717338000763, "11X1010": 2.9934783822186444, "01X0110": 2.9557854911225423, "01X0101": 2.9909236446957994, "11X1001": 2.9624874929216904, "00X0001": 2.9425944789031813, "10X1101": 2.9717091676905394, "01X0111": 2.9575724402580947, "11X1011": 2.994437353519273, "00X0011": 2.9747085721248405, "10X1111": 2.938306782248488, "11X0011": 2.9936307993059224, "01X1111": 2.9579270897955054, "10X0111": 2.9380115771497346, "00X1011": 2.9754259026988192, "11X0001": 2.9607504576351764, "01X1101": 2.9914807384290842, "10X0101": 2.9713022421089166, "00X1001": 2.9438144355752582, "00X1101": 2.9717092065410475, "10X0001": 2.942594482976575, "01X1001": 2.9624875449037544, "11X0101": 2.9909231955435738, "00X1111": 2.938306820548193, "10X0011": 2.9747085679089795, "01X1011": 2.9944374781477503, "11X0111": 2.9575720271810666, "10X1011": 2.9754258959674345, "00X0111": 2.9380116000681733, "11X1111": 2.9579266431050426, "01X0011": 2.9936309060500257, "10X1001": 2.9438144363235215, "00X0101": 2.971302269011705, "11X1101": 2.9914802507649574, "01X0001": 2.960750643783487}