{"01X0010": 3.1164477724222537, "11X1110": 3.063842912163452, "00X0110": 2.8692472553948702, "10X1010": 2.9630104856674873, "01X0000": 3.1052534788884794, "11X1100": 3.1342255495015303, "00X0100": 2.863078970572226, "10X1000": 2.8715865623355468, "11X0100": 3.128579047423756, "01X1000": 3.116756732240848, "10X0000": 2.8683012349103443, "00X1100": 2.87029055525956, "11X0110": 3.0568823770047753, "01X1010": 3.1259197087831363, "10X0010": 2.9529622781882683, "00X1110": 2.8697945066182555, "00X1010": 2.980710308344138, "10X0110": 2.8527164171675055, "01X1110": 3.020289486643244, "11X0010": 3.1610533957580014, "00X1000": 2.875591019688563, "10X0100": 2.859706606534667, "01X1100": 3.114689478595369, "11X0000": 3.132749389255176, "10X1100": 2.8678198155304235, "00X0000": 2.8716958740095735, "11X1000": 3.13841316450329, "01X0100": 3.1092726256415455, "10X1110": 2.8582775462270824, "00X0010": 2.971340251257285, "11X1010": 3.171613350711266, "01X0110": 3.0159797936284436, "01X0101": 3.1186523411593963, "11X1001": 3.1475432211161047, "00X0001": 3.0138293299747962, "10X1101": 2.9524948071651655, "01X0111": 3.022355721714125, "11X1011": 3.1406761984317737, "00X0011": 3.0087163699059563, "10X1111": 2.85756739804345, "11X0011": 3.1286107508724017, "01X1111": 3.029685603867093, "10X0111": 2.8518405997214598, "00X1011": 3.0183227137722275, "11X0001": 3.1426180623853948, "01X1101": 3.1238535088478363, "10X0101": 2.9424822389318086, "00X1001": 3.0166348463197092, "00X1101": 3.008366991254837, "10X0001": 2.9577726115091885, "01X1001": 3.1457171789297034, "11X0101": 3.1240378333674794, "00X1111": 2.9129567264300604, "10X0011": 2.950957804463161, "01X1011": 3.1398918305715013, "11X0111": 3.024271839135386, "10X1011": 2.9604363758369923, "00X0111": 2.906591147984056, "11X1111": 3.0327337279993225, "01X0011": 3.1288167564713714, "10X1001": 2.959706714594433, "00X0101": 2.9981765740780997, "11X1101": 3.1340286545638696, "01X0001": 3.1418231536447756}