{"01X0010": 2.950118246806925, "11X1110": 2.931600756589109, "00X0110": 2.821331550784168, "10X1010": 2.8646577108725073, "01X0000": 2.9578675997069106, "11X1100": 2.9668335243145814, "00X0100": 2.77257127563179, "10X1000": 2.7769294720369664, "11X0100": 2.9602197310194427, "01X1000": 2.9596054601394144, "10X0000": 2.7790365817631812, "00X1100": 2.779336387406035, "11X0110": 2.923645617464988, "01X1010": 2.954782427086298, "10X0010": 2.86520943591617, "00X1110": 2.8271903846511877, "00X1010": 2.887957008826945, "10X0110": 2.800071010173885, "01X1110": 2.8916643926286922, "11X0010": 2.9932277122728497, "00X1000": 2.7885054380158607, "10X0100": 2.763678758969699, "01X1100": 2.947579964290175, "11X0000": 2.9754601848812143, "10X1100": 2.767645466512461, "00X0000": 2.7885009505898752, "11X1000": 2.978284139249948, "01X0100": 2.940973508928477, "10X1110": 2.8049471274823565, "00X0010": 2.8862770717890562, "11X1010": 2.997599471419191, "01X0110": 2.8861759158600586, "01X0101": 2.928836621914273, "11X1001": 2.9769019767126537, "00X0001": 2.953830678449841, "10X1101": 2.8644791091524873, "01X0111": 2.8747774805616384, "11X1011": 2.992619664861217, "00X0011": 2.9611449894765336, "10X1111": 2.817574871969403, "11X0011": 2.9796035579301394, "01X1111": 2.8828022762831416, "10X0111": 2.8108067625940336, "00X1011": 2.973781331169798, "11X0001": 2.973276877477965, "01X1101": 2.926508055253711, "10X0101": 2.8600129995698835, "00X1001": 2.958019520301394, "00X1101": 2.9226281504941696, "10X0001": 2.896010753717482, "01X1001": 2.9684255656248575, "11X0101": 2.9334513976611705, "00X1111": 2.8739432821172555, "10X0011": 2.9031467751956415, "01X1011": 2.9835534269787694, "11X0111": 2.88444512731981, "10X1011": 2.915086203417917, "00X0111": 2.867002997161301, "11X1111": 2.891898096674966, "01X0011": 2.9688200017891124, "10X1001": 2.9008460505433553, "00X0101": 2.9175726113583753, "11X1101": 2.9383901573999784, "01X0001": 2.966551343328801}