{"01X0010": 9.297930470575354, "11X1110": 9.987857469760751, "00X0110": 9.260164485520173, "10X1010": 9.127761397678983, "01X0000": 9.105344493366026, "11X1100": 9.984311388579655, "00X0100": 8.679000022901489, "10X1000": 8.584081991303588, "11X0100": 10.00441377611697, "01X1000": 9.124222468231338, "10X0000": 8.58792701430271, "00X1100": 8.699553316300385, "11X0110": 10.000686865687499, "01X1010": 9.31569058364375, "10X0010": 9.1506262582325, "00X1110": 9.26757862696471, "00X1010": 9.381416407778953, "10X0110": 8.982596076532607, "01X1110": 9.31064458264253, "11X0010": 10.145777439858854, "00X1000": 8.604656477519676, "10X0100": 8.665238907579681, "01X1100": 9.31836137674192, "11X0000": 9.910423675209898, "10X1100": 8.652424754809353, "00X0000": 8.595604022311868, "11X1000": 9.88406539999638, "01X0100": 9.303160877635563, "10X1110": 8.948914116291675, "00X0010": 9.371747777655973, "11X1010": 10.139482358222288, "01X0110": 9.303426217616735, "01X0101": 8.943100393942153, "11X1001": 9.385598016947473, "00X0001": 9.737673468828415, "10X1101": 8.924592047026453, "01X0111": 8.456452522548968, "11X1011": 8.751790695680484, "00X0011": 9.889936944752542, "10X1111": 8.585114640209792, "11X0011": 8.753332889348407, "01X1111": 8.469501719910998, "10X0111": 8.603011000300647, "00X1011": 9.903179821084349, "11X0001": 9.406547094231827, "01X1101": 8.95586367759247, "10X0101": 8.947265613639889, "00X1001": 9.742697768693123, "00X1101": 9.704357181290113, "10X0001": 9.141809557898753, "01X1001": 9.007788940068174, "11X0101": 9.26324409434375, "00X1111": 9.56188222137813, "10X0011": 9.008373869224542, "01X1011": 8.77414890751471, "11X0111": 8.481619521404268, "10X1011": 9.000279305978125, "00X0111": 9.543376332114931, "11X1111": 8.482896300197012, "01X0011": 8.751567974432957, "10X1001": 9.127301637382306, "00X0101": 9.696020741971491, "11X1101": 9.265878181553155, "01X0001": 8.976837374647854}