{"01X0010": 2.965068770736342, "11X1110": 2.9450467078253686, "00X0110": 2.831921414280326, "10X1010": 2.8756146478582734, "01X0000": 2.9641742036374192, "11X1100": 2.979057825411898, "00X0100": 2.780218936765028, "10X1000": 2.78791203487347, "11X0100": 2.972682556942417, "01X1000": 2.9715982014626965, "10X0000": 2.788292659695883, "00X1100": 2.7852780160936, "11X0110": 2.9383915163238026, "01X1010": 2.9675683563761828, "10X0010": 2.873803526453842, "00X1110": 2.8332103835262687, "00X1010": 2.9000880718958637, "10X0110": 2.8091943613994648, "01X1110": 2.9057517771052517, "11X0010": 3.0066471732248212, "00X1000": 2.797376684287615, "10X0100": 2.77310936769909, "01X1100": 2.959601489355428, "11X0000": 2.987185225385931, "10X1100": 2.775904675772872, "00X0000": 2.796456071625368, "11X1000": 2.9903882775298043, "01X0100": 2.9539394281517994, "10X1110": 2.8120629156400696, "00X0010": 2.896632923682704, "11X1010": 3.009882691744636, "01X0110": 2.90099244117253, "01X0101": 2.939986197076754, "11X1001": 2.9855427731949455, "00X0001": 2.9653393272098967, "10X1101": 2.8718669193070374, "01X0111": 2.888785930368356, "11X1011": 3.0051089651676204, "00X0011": 2.971902191120519, "10X1111": 2.8257054717034276, "11X0011": 2.992091076235683, "01X1111": 2.8949848211987765, "10X0111": 2.820220088762879, "00X1011": 2.9851304370102483, "11X0001": 2.9852033853043594, "01X1101": 2.9376874843527507, "10X0101": 2.8683095471919726, "00X1001": 2.9673243625642183, "00X1101": 2.9299992393054906, "10X0001": 2.906509561033486, "01X1001": 2.981375887001402, "11X0101": 2.9435558260980237, "00X1111": 2.8836131500136997, "10X0011": 2.9127192061425293, "01X1011": 2.99777662358773, "11X0111": 2.8970798977667025, "10X1011": 2.924930978045391, "00X0111": 2.878135288117832, "11X1111": 2.903042572743418, "01X0011": 2.9830501949410424, "10X1001": 2.908933182739703, "00X0101": 2.9268277136658862, "11X1101": 2.9476750457033924, "01X0001": 2.9796223443232144}