{"01X0010": 2.92718663154459, "11X1110": 2.9045775881174896, "00X0110": 2.899886804501665, "10X1010": 2.913973786428084, "01X0000": 2.9097845604482706, "11X1100": 2.9205320078869326, "00X0100": 2.91621178657714, "10X1000": 2.902234400219184, "11X0100": 2.92195637014869, "01X1000": 2.9088080780028926, "10X0000": 2.904221793944251, "00X1100": 2.9129995676389546, "11X0110": 2.908105674635549, "01X1010": 2.9240103564101725, "10X0010": 2.916027062312242, "00X1110": 2.8932361226786227, "00X1010": 2.9135986932993205, "10X0110": 2.9000814848518788, "01X1110": 2.903055225941345, "11X0010": 2.9276152078118174, "00X1000": 2.901955128657658, "10X0100": 2.9165247577984084, "01X1100": 2.918785048612804, "11X0000": 2.91050134669173, "10X1100": 2.9137483670292736, "00X0000": 2.9040070576233727, "11X1000": 2.9096585105282236, "01X0100": 2.921175374342414, "10X1110": 2.8938418707620306, "00X0010": 2.9157741204800223, "11X1010": 2.924954080454248, "01X0110": 2.907551270853785, "01X0101": 2.92175301167652, "11X1001": 2.9115049069655847, "00X0001": 2.908806337671127, "10X1101": 2.918411491626145, "01X0111": 2.9034051930629374, "11X1011": 2.9281502330225226, "00X0011": 2.9240845832473203, "10X1111": 2.898234555687244, "11X0011": 2.9271871385292307, "01X1111": 2.9010254743149577, "10X0111": 2.90226324811604, "00X1011": 2.925345087760438, "11X0001": 2.910268207265375, "01X1101": 2.918377372371231, "10X0101": 2.9224532731629593, "00X1001": 2.911183390906484, "00X1101": 2.9176195965473317, "10X0001": 2.9091243383513983, "01X1001": 2.910673886321159, "11X0101": 2.9225837686954117, "00X1111": 2.897625964457255, "10X0011": 2.9244139804550415, "01X1011": 2.927322535446505, "11X0111": 2.9041560425843, "10X1011": 2.9256514296073934, "00X0111": 2.9019892613957983, "11X1111": 2.9025132994514156, "01X0011": 2.926324579592342, "10X1001": 2.911484182565255, "00X0101": 2.9221276060722903, "11X1101": 2.9201397559056996, "01X0001": 2.909623020388871}