{"01X0010": 2.9432457410310753, "11X1110": 2.9246548304032918, "00X0110": 2.919080431696181, "10X1010": 2.9324870551450983, "01X0000": 2.927342366555381, "11X1100": 2.9420197479482315, "00X0100": 2.925558725182561, "10X1000": 2.9187466608858545, "11X0100": 2.9413429175093135, "01X1000": 2.9266554267087654, "10X0000": 2.9210030285314152, "00X1100": 2.932568981517586, "11X0110": 2.9272411161170755, "01X1010": 2.94288166093021, "10X0010": 2.932606176357359, "00X1110": 2.912781822558436, "00X1010": 2.9320656184296103, "10X0110": 2.9193402517919695, "01X1110": 2.9230985910638534, "11X0010": 2.9437674651428596, "00X1000": 2.9183926689675594, "10X0100": 2.926221753997609, "01X1100": 2.940170713792274, "11X0000": 2.928221641740626, "10X1100": 2.9333712762339146, "00X0000": 2.920691511565742, "11X1000": 2.9276234629951263, "01X0100": 2.940487094937061, "10X1110": 2.9134117275027185, "00X0010": 2.9322568379441507, "11X1010": 2.9438828512004482, "01X0110": 2.926600840920391, "01X0101": 2.9412622991111466, "11X1001": 2.930377323285256, "00X0001": 2.924926540893109, "10X1101": 2.9370616533802103, "01X0111": 2.922731190526223, "11X1011": 2.945966579549778, "00X0011": 2.9399741942645807, "10X1111": 2.9164358701678728, "11X0011": 2.944708815872587, "01X1111": 2.9204967503283115, "10X0111": 2.9204239836045325, "00X1011": 2.9415159622151097, "11X0001": 2.9283626561166196, "01X1101": 2.9389729914358673, "10X0101": 2.940406762125701, "00X1001": 2.927474158501941, "00X1101": 2.9362423302607423, "10X0001": 2.9253597425168083, "01X1001": 2.9293930692773245, "11X0101": 2.942166503028566, "00X1111": 2.9157869667293195, "10X0011": 2.9404154673463045, "01X1011": 2.944966136033728, "11X0111": 2.923514949459006, "10X1011": 2.9419489571473942, "00X0111": 2.9201083366715954, "11X1111": 2.922040551421684, "01X0011": 2.943694951732688, "10X1001": 2.9278826025832316, "00X0101": 2.9400250778799566, "11X1101": 2.9407793841128225, "01X0001": 2.9273323142072014}