{"01X0010": 2.9403068878357255, "11X1110": 2.9140097362581328, "00X0110": 2.807078130663526, "10X1010": 2.8518009623625833, "01X0000": 2.9464970680257174, "11X1100": 2.9527987829482933, "00X0100": 2.7611532748459426, "10X1000": 2.7662022119970717, "11X0100": 2.9482723438191356, "01X1000": 2.9473248360512607, "10X0000": 2.76701707400532, "00X1100": 2.766829556078033, "11X0110": 2.9092592675228994, "01X1010": 2.9431673823163176, "10X0010": 2.852263177401393, "00X1110": 2.8118250414433246, "00X1010": 2.875228144199837, "10X0110": 2.7854599911643554, "01X1110": 2.8767037703871057, "11X0010": 2.9827448534039127, "00X1000": 2.776143297136807, "10X0100": 2.75220601737565, "01X1100": 2.9349163320910785, "11X0000": 2.963106347785832, "10X1100": 2.7570425193344716, "00X0000": 2.775878303563347, "11X1000": 2.96458422210356, "01X0100": 2.93018507005115, "10X1110": 2.7895080656651157, "00X0010": 2.874254800368594, "11X1010": 2.9843684399655297, "01X0110": 2.871933493122463, "01X0101": 2.9189446127031315, "11X1001": 2.9601293580622836, "00X0001": 2.940754117513812, "10X1101": 2.852512322480184, "01X0111": 2.862712531394969, "11X1011": 2.9781172256864386, "00X0011": 2.9494969362047048, "10X1111": 2.8027469330803365, "11X0011": 2.9674241377597133, "01X1111": 2.8681476876223195, "10X0111": 2.797544848323848, "00X1011": 2.959616546955453, "11X0001": 2.9592348594328532, "01X1101": 2.9154747311321794, "10X0101": 2.8492592332103293, "00X1001": 2.9434110378450105, "00X1101": 2.9089751208447012, "10X0001": 2.8832287237981724, "01X1001": 2.9550510540484263, "11X0101": 2.9213377178444926, "00X1111": 2.8588551903272377, "10X0011": 2.89155690827629, "01X1011": 2.969363409459196, "11X0111": 2.871440711700365, "10X1011": 2.9010191252487116, "00X0111": 2.854368928600585, "11X1111": 2.8768717292528025, "01X0011": 2.957424957056934, "10X1001": 2.887914655030997, "00X0101": 2.9063609408022995, "11X1101": 2.9233589262187847, "01X0001": 2.9535958687477923}