{"01X0010": 2.96110755630347, "11X1110": 2.9365664163908214, "00X0110": 2.932007808930299, "10X1010": 2.9483235504094347, "01X0000": 2.942895988945763, "11X1100": 2.9551530739643375, "00X0100": 2.944261996207093, "10X1000": 2.935180924288858, "11X0100": 2.958375693281, "01X1000": 2.942299689071066, "10X0000": 2.936414495595033, "00X1100": 2.946547073956409, "11X0110": 2.9420101709929103, "01X1010": 2.959978698795177, "10X0010": 2.9484500712723243, "00X1110": 2.930775219859761, "00X1010": 2.947903152743539, "10X0110": 2.9322817031060184, "01X1110": 2.935291790718429, "11X0010": 2.9613615847609935, "00X1000": 2.9347812518698535, "10X0100": 2.944764246710626, "01X1100": 2.953572491703567, "11X0000": 2.943493929170437, "10X1100": 2.9473994235364307, "00X0000": 2.9360873456725893, "11X1000": 2.942929160747789, "01X0100": 2.9579936395419058, "10X1110": 2.924689044024042, "00X0010": 2.948083857179917, "11X1010": 2.9606101624447456, "01X0110": 2.9416427148129136, "01X0101": 2.9555897593283484, "11X1001": 2.945851213237894, "00X0001": 2.9407333895676175, "10X1101": 2.957116304127697, "01X0111": 2.9359928056349682, "11X1011": 2.963325016558727, "00X0011": 2.954698907789391, "10X1111": 2.9274183560288467, "11X0011": 2.960902614956784, "01X1111": 2.9329909277408452, "10X0111": 2.932496222108765, "00X1011": 2.9574668893499134, "11X0001": 2.942871501421485, "01X1101": 2.9567218202751926, "10X0101": 2.9554939357983403, "00X1001": 2.943000086189182, "00X1101": 2.9567035462927183, "10X0001": 2.941131360293561, "01X1001": 2.945069972877061, "11X0101": 2.956240756048783, "00X1111": 2.9266285005634707, "10X0011": 2.9552378086649416, "01X1011": 2.962569240816773, "11X0111": 2.936553741936664, "10X1011": 2.9579853586449723, "00X0111": 2.9321189225854782, "11X1111": 2.934391361581709, "01X0011": 2.96011304013272, "10X1001": 2.943519043896412, "00X0101": 2.95507822829451, "11X1101": 2.9573615768700856, "01X0001": 2.9422942073060585}