{"01X0010": 2.9556173926291844, "11X1110": 2.9394872157146423, "00X0110": 2.93162196999426, "10X1010": 2.9454340913143087, "01X0000": 2.94015062658422, "11X1100": 2.9549398939738745, "00X0100": 2.9410280816107113, "10X1000": 2.9336492099597216, "11X0100": 2.955613863104433, "01X1000": 2.940971738946022, "10X0000": 2.934295484335723, "00X1100": 2.9459476674174736, "11X0110": 2.941413731717894, "01X1010": 2.9560535922354885, "10X0010": 2.943835309355549, "00X1110": 2.9266690954422927, "00X1010": 2.944841107432153, "10X0110": 2.9320871443304, "01X1110": 2.937921539881586, "11X0010": 2.9561271549899626, "00X1000": 2.9331224324828566, "10X0100": 2.9419392481317646, "01X1100": 2.9530970557986542, "11X0000": 2.9410152043157654, "10X1100": 2.9469077030746282, "00X0000": 2.933804191210286, "11X1000": 2.941972183240569, "01X0100": 2.9547586878898517, "10X1110": 2.927477195707569, "00X0010": 2.9433154468846965, "11X1010": 2.9570691309604387, "01X0110": 2.940787197883509, "01X0101": 2.9479767987569305, "11X1001": 2.9446938612019533, "00X0001": 2.9391212970884855, "10X1101": 2.9523398048878065, "01X0111": 2.9359893434832984, "11X1011": 2.959155185744788, "00X0011": 2.9523318777139655, "10X1111": 2.9310976470482872, "11X0011": 2.957454469776012, "01X1111": 2.934209392876184, "10X0111": 2.9341295474118185, "00X1011": 2.9548752284938065, "11X0001": 2.9420416008072277, "01X1101": 2.952466068512048, "10X0101": 2.954358923405415, "00X1001": 2.942643718269983, "00X1101": 2.951355161456741, "10X0001": 2.93975763941339, "01X1001": 2.9437166219119733, "11X0101": 2.9497598737697803, "00X1111": 2.9302774778652925, "10X0011": 2.952975458244872, "01X1011": 2.958186112453822, "11X0111": 2.9309166359188854, "10X1011": 2.9554871282830857, "00X0111": 2.93360101746239, "11X1111": 2.9357330271917665, "01X0011": 2.9564328459524, "10X1001": 2.94324521667183, "00X0101": 2.953775870265983, "11X1101": 2.9542467291252814, "01X0001": 2.9410040428163016}