{"01X0010": 2.9698942522123435, "11X1110": 2.949267172157273, "00X0110": 2.9441342792762333, "10X1010": 2.9630081313699925, "01X0000": 2.952852314088263, "11X1100": 2.967868035342492, "00X0100": 2.9649852725001185, "10X1000": 2.94709585216764, "11X0100": 2.969915564306566, "01X1000": 2.9535474041211174, "10X0000": 2.947950185938729, "00X1100": 2.960720433561633, "11X0110": 2.9523240968871587, "01X1010": 2.9724437740103054, "10X0010": 2.962047411963193, "00X1110": 2.938033835218562, "00X1010": 2.962402951067711, "10X0110": 2.9445761938115558, "01X1110": 2.947607024211938, "11X0010": 2.9708420265986293, "00X1000": 2.9465537568039357, "10X0100": 2.965423546451505, "01X1100": 2.965957066610594, "11X0000": 2.9537452760744802, "10X1100": 2.961735455977773, "00X0000": 2.9474850762188947, "11X1000": 2.954568443637233, "01X0100": 2.9692331901117055, "10X1110": 2.938855563859403, "00X0010": 2.9615283412195605, "11X1010": 2.9735109027735556, "01X0110": 2.951638823230705, "01X0101": 2.969111516531281, "11X1001": 2.9561175044173975, "00X0001": 2.9542876077145883, "10X1101": 2.9655121686511334, "01X0111": 2.9478585249993587, "11X1011": 2.974468449861213, "00X0011": 2.9714274426201834, "10X1111": 2.9433639697569016, "11X0011": 2.9733006264668376, "01X1111": 2.945126633699996, "10X0111": 2.9478069116693284, "00X1011": 2.9725750795359107, "11X0001": 2.9535885789629015, "01X1101": 2.9645203798032496, "10X0101": 2.97078054413788, "00X1001": 2.9562035329466614, "00X1101": 2.964436583883244, "10X0001": 2.954922478249665, "01X1001": 2.955068079378441, "11X0101": 2.9700603041312927, "00X1111": 2.9425065911455937, "10X0011": 2.9720707600146765, "01X1011": 2.973441064501327, "11X0111": 2.9487232663547878, "10X1011": 2.973205459887448, "00X0111": 2.947280850090772, "11X1111": 2.9467297536215717, "01X0011": 2.9722458905965157, "10X1001": 2.9568344282660477, "00X0101": 2.9701935811465603, "11X1101": 2.96642200976852, "01X0001": 2.952762917462782}