{"01X0010": 9.302448056575848, "11X1110": 10.042053696133168, "00X0110": 9.34856247373842, "10X1010": 9.192512156621497, "01X0000": 9.156260468622948, "11X1100": 10.052876149817632, "00X0100": 8.735460402852354, "10X1000": 8.64261916888536, "11X0100": 10.068598938262285, "01X1000": 9.180327112305555, "10X0000": 8.638692595646747, "00X1100": 8.725707075259471, "11X0110": 10.045391412916091, "01X1010": 9.339175902256919, "10X0010": 9.198921050643872, "00X1110": 9.357718579330214, "00X1010": 9.454634032489492, "10X0110": 9.073572960748958, "01X1110": 9.379029744812978, "11X0010": 10.163002029221072, "00X1000": 8.650019980525958, "10X0100": 8.744639688112901, "01X1100": 9.387058224388152, "11X0000": 9.952840447697456, "10X1100": 8.71354810880428, "00X0000": 8.650335906522495, "11X1000": 9.943320919452614, "01X0100": 9.387682032322962, "10X1110": 9.037328629808751, "00X0010": 9.433479929570058, "11X1010": 10.172478139707785, "01X0110": 9.370446522656874, "01X0101": 9.045227065978725, "11X1001": 9.45849991009398, "00X0001": 9.774336074294748, "10X1101": 8.963548632589799, "01X0111": 8.529011167347619, "11X1011": 8.785391703523688, "00X0011": 9.900035939070921, "10X1111": 8.622749363181462, "11X0011": 8.778935512315606, "01X1111": 8.537210033683696, "10X0111": 8.656523444203145, "00X1011": 9.921242602008148, "11X0001": 9.477231327739897, "01X1101": 9.040808929521003, "10X0101": 9.002518837421917, "00X1001": 9.768834270974892, "00X1101": 9.73872720747027, "10X0001": 9.18332622379891, "01X1001": 9.051930148087187, "11X0101": 9.380467488981957, "00X1111": 9.589305035554428, "10X0011": 9.052916545485814, "01X1011": 8.797260956067714, "11X0111": 8.53491583338964, "10X1011": 9.047162471303, "00X0111": 9.58608088867783, "11X1111": 8.520793925264753, "01X0011": 8.758488939513038, "10X1001": 9.167271485960232, "00X0101": 9.75263115719768, "11X1101": 9.35326740860855, "01X0001": 9.03050341306825}