{"01X0010": 9.168166892912575, "11X1110": 9.840705986788269, "00X0110": 9.215345302893867, "10X1010": 9.055466571969937, "01X0000": 9.01585417357778, "11X1100": 9.90175428881625, "00X0100": 8.603528077391257, "10X1000": 8.493660035075704, "11X0100": 9.908050758164805, "01X1000": 9.043281292134687, "10X0000": 8.495030318268977, "00X1100": 8.608573961359419, "11X0110": 9.85922588875273, "01X1010": 9.190773210560604, "10X0010": 9.068773732894746, "00X1110": 9.200694107618975, "00X1010": 9.314675258331246, "10X0110": 8.918871275313741, "01X1110": 9.147418204747654, "11X0010": 10.021315666024256, "00X1000": 8.51997515929422, "10X0100": 8.562089197304157, "01X1100": 9.216810745590976, "11X0000": 9.812294431113564, "10X1100": 8.550172320991166, "00X0000": 8.51129128480789, "11X1000": 9.82109528981344, "01X0100": 9.201198821260508, "10X1110": 8.88345646361686, "00X0010": 9.313418896584942, "11X1010": 10.015442254581592, "01X0110": 9.14835158179357, "01X0101": 8.842625668056735, "11X1001": 9.314732170821333, "00X0001": 9.635490402791808, "10X1101": 8.801141702194988, "01X0111": 8.335345505883414, "11X1011": 8.645409717959616, "00X0011": 9.797184386756518, "10X1111": 8.477693489188159, "11X0011": 8.641824660904655, "01X1111": 8.33428095487956, "10X0111": 8.511895905087464, "00X1011": 9.8009399888528, "11X0001": 9.31107802599757, "01X1101": 8.856976710665592, "10X0101": 8.8220365011659, "00X1001": 9.643838365872014, "00X1101": 9.573400713449152, "10X0001": 9.001877711597192, "01X1001": 8.90178348722549, "11X0101": 9.181875981320271, "00X1111": 9.434907627972738, "10X0011": 8.914616308586666, "01X1011": 8.646843234555934, "11X0111": 8.360208966857984, "10X1011": 8.890738677962666, "00X0111": 9.453772865430082, "11X1111": 8.348669322797793, "01X0011": 8.628642785924677, "10X1001": 8.990691468246684, "00X0101": 9.591027183750208, "11X1101": 9.19074427462319, "01X0001": 8.869676560107266}