{"01X0010": 2.971739781659015, "11X1110": 2.941625132050437, "00X0110": 2.8290981125678263, "10X1010": 2.87812398678661, "01X0000": 2.9734739651186777, "11X1100": 2.9774596674005323, "00X0100": 2.783860514716083, "10X1000": 2.7899839138701727, "11X0100": 2.975439651005833, "01X1000": 2.972390028274017, "10X0000": 2.7910386025047655, "00X1100": 2.7880355814656506, "11X0110": 2.937468547899766, "01X1010": 2.9713466837366753, "10X0010": 2.88037525784466, "00X1110": 2.8330914902430315, "00X1010": 2.9002280063733616, "10X0110": 2.8082262257288377, "01X1110": 2.90458569417859, "11X0010": 3.011913447589224, "00X1000": 2.800339355660586, "10X0100": 2.7752011165857944, "01X1100": 2.9601206519315726, "11X0000": 2.9906573691927876, "10X1100": 2.7794764817631963, "00X0000": 2.8002546143955374, "11X1000": 2.990113527431343, "01X0100": 2.956994163129409, "10X1110": 2.812227063232131, "00X0010": 2.90057451801762, "11X1010": 3.012597991839775, "01X0110": 2.9007664565168856, "01X0101": 2.9430841853209233, "11X1001": 2.9853794177355395, "00X0001": 2.9646583231512755, "10X1101": 2.873596745305088, "01X0111": 2.8874419584292315, "11X1011": 3.0065156819452294, "00X0011": 2.9736509691257176, "10X1111": 2.8249674238970233, "11X0011": 2.9926445089383575, "01X1111": 2.8934320486171865, "10X0111": 2.819937999266079, "00X1011": 2.9843299717074645, "11X0001": 2.9859035022812552, "01X1101": 2.9396241511619468, "10X0101": 2.8714186538778788, "00X1001": 2.9655912717922543, "00X1101": 2.9312200146023972, "10X0001": 2.9082920765039493, "01X1001": 2.9805160811381413, "11X0101": 2.945810822346374, "00X1111": 2.8806791371650715, "10X0011": 2.9165720958623034, "01X1011": 2.9982840153409933, "11X0111": 2.8915560855817577, "10X1011": 2.926705884286913, "00X0111": 2.8754649545889106, "11X1111": 2.901521528422316, "01X0011": 2.9858087818873345, "10X1001": 2.9082997027398543, "00X0101": 2.927369472851976, "11X1101": 2.9472631165307526, "01X0001": 2.9804751195559573}