{"01X0010": 9.333086037828906, "11X1110": 9.983180851842981, "00X0110": 9.289529908898079, "10X1010": 9.202866920859478, "01X0000": 9.145991134639207, "11X1100": 10.043295084528053, "00X0100": 8.705502832284564, "10X1000": 8.63643332804746, "11X0100": 10.049287360250752, "01X1000": 9.174040488308997, "10X0000": 8.65070758803571, "11X0110": 9.996501348286893, "01X1010": 9.341977083845805, "10X0010": 9.250642030449976, "00X1110": 9.28285242529347, "00X1010": 9.451973362396464, "10X0110": 9.075229196939137, "01X1110": 9.319807932645354, "11X0010": 10.167895439858967, "00X1000": 8.628938565220597, "10X0100": 8.754520960829362, "01X1100": 9.371241485690703, "11X0000": 9.93263871064736, "10X1100": 8.73279940306979, "00X0000": 8.631537685895971, "11X1000": 9.918495559050887, "01X0100": 9.342732261296458, "10X1110": 9.032822830144216, "00X0010": 9.453942219528129, "11X1010": 10.141789228525207, "01X0110": 9.311877570507946, "00X1100": 9.052095015118057, "01X0101": 9.008132357129295, "11X1001": 9.403803426357563, "00X0001": 9.75940884669631, "10X1101": 8.993456594039099, "01X0111": 8.501957055921169, "11X1011": 8.75923921338341, "00X0011": 9.967586163204157, "10X1111": 8.6235313661568, "11X0011": 8.76181346214695, "01X1111": 8.507322287885588, "10X0111": 8.66832358704778, "00X1011": 9.966259524489036, "11X0001": 9.407364615785056, "01X1101": 9.047163502067114, "10X0101": 9.015488162007607, "00X1001": 9.79749483052184, "00X1101": 9.743642402227305, "10X0001": 9.185250501442809, "01X1001": 9.041941743451018, "11X0101": 9.305340824757343, "00X1111": 9.565878620665824, "10X0011": 9.093698478306063, "01X1011": 8.810380487518337, "11X0111": 8.468808241868608, "10X1011": 9.04630980378078, "00X0111": 9.575840312797045, "11X1111": 8.474488306687832, "01X0011": 8.795390773464803, "10X1001": 9.171683439531996, "00X0101": 9.721822246646878, "11X1101": 9.318117452195294, "01X0001": 8.99972214296056}