{"01X0010": 9.24196922280117, "11X1110": 10.006602349772052, "00X0110": 9.270717569814654, "10X1010": 9.119764531682842, "01X0000": 9.069585088690847, "11X1100": 9.998105257816805, "00X0100": 8.653950444289446, "10X1000": 8.51933587754596, "11X0100": 9.984394523369964, "01X1000": 9.094933109712473, "10X0000": 8.542901034175877, "00X1100": 8.660736961842787, "11X0110": 9.986410144808133, "01X1010": 9.263578572373984, "10X0010": 9.137005373816173, "00X1110": 9.280055485641558, "00X1010": 9.385878228532786, "10X0110": 8.99541469313629, "01X1110": 9.292540926735725, "11X0010": 10.115179473303463, "00X1000": 8.578577612501682, "10X0100": 8.642681096523443, "01X1100": 9.289763135161325, "11X0000": 9.897944690083845, "10X1100": 8.614716630006189, "00X0000": 8.579491759541364, "11X1000": 9.89958047980246, "01X0100": 9.259294909469197, "10X1110": 8.975468431534008, "00X0010": 9.384530267687571, "11X1010": 10.128040589284252, "01X0110": 9.268996480444809, "01X0101": 8.913543274616982, "11X1001": 9.380631020260612, "00X0001": 9.695467943749538, "10X1101": 8.87291479644164, "01X0111": 8.442281846817757, "11X1011": 8.729104057803049, "00X0011": 9.895671143091564, "10X1111": 8.589399703065284, "11X0011": 8.735001836818245, "01X1111": 8.456867104131746, "10X0111": 8.614569292761718, "00X1011": 9.892577171219717, "11X0001": 9.390364699486902, "01X1101": 8.932926349169485, "10X0101": 8.915445920612814, "00X1001": 9.699927256897269, "00X1101": 9.675403650169168, "10X0001": 9.096589769144181, "01X1001": 8.94290993567671, "11X0101": 9.24588607961626, "00X1111": 9.562212824756388, "10X0011": 9.015674189019379, "01X1011": 8.712020324379651, "11X0111": 8.455270612475129, "10X1011": 8.983689474299558, "00X0111": 9.559271355383832, "11X1111": 8.466291257763205, "01X0011": 8.701445659671748, "10X1001": 9.05799502639824, "00X0101": 9.671261298846801, "11X1101": 9.261343334869492, "01X0001": 8.915514222299485}