{"01X0010": 2.9814778965260236, "11X1110": 2.9509835421512363, "00X0110": 2.842403107127224, "10X1010": 2.893219066527076, "01X0000": 2.983023825936412, "11X1100": 2.98948096120699, "00X0100": 2.795117613920863, "10X1000": 2.802846632348529, "11X0100": 2.984517541912968, "01X1000": 2.9849272779104927, "10X0000": 2.803494044513006, "00X1100": 2.7973719262475445, "11X0110": 2.945507564404533, "01X1010": 2.9838652540484656, "10X0010": 2.8947113273222156, "00X1110": 2.846884489703245, "00X1010": 2.913673660074207, "10X0110": 2.822102828937278, "01X1110": 2.914633404021439, "11X0010": 3.0238549865157003, "00X1000": 2.810260129558542, "10X0100": 2.7871772321931476, "01X1100": 2.972703070957104, "11X0000": 2.999376379242182, "10X1100": 2.789785592245529, "00X0000": 2.8106689008263706, "11X1000": 3.0014556289796217, "01X0100": 2.966831774186071, "10X1110": 2.8265496396473413, "00X0010": 2.913357836281869, "11X1010": 3.0247767504129373, "01X0110": 2.909481084523894, "01X0101": 2.9558729402912713, "11X1001": 2.999533770515097, "00X0001": 2.9781986804028566, "10X1101": 2.8876977812766107, "01X0111": 2.897753872122274, "11X1011": 3.0197450824439604, "00X0011": 2.9900223815650095, "10X1111": 2.838155011510162, "11X0011": 3.0076466996003814, "01X1111": 2.903544282857073, "10X0111": 2.833113593442193, "00X1011": 3.0006903404316017, "11X0001": 2.996120189221752, "01X1101": 2.952225067015739, "10X0101": 2.8852451105284302, "00X1001": 2.9832502183574237, "00X1101": 2.9451320850119442, "10X0001": 2.9207855815139965, "01X1001": 2.994672843019523, "11X0101": 2.9621090781963675, "00X1111": 2.8936794985432925, "10X0011": 2.9324945744198736, "01X1011": 3.0116568669686288, "11X0111": 2.9058841870256713, "10X1011": 2.942957108938136, "00X0111": 2.888705249565378, "11X1111": 2.9119935716434755, "01X0011": 2.9991337653870054, "10X1001": 2.926190142924466, "00X0101": 2.942196679062253, "11X1101": 2.960727496192865, "01X0001": 2.9919010114622404}