{"01X0010": 2.9213048270903275, "11X1110": 2.9067472350795747, "00X0110": 2.8987105177818946, "10X1010": 2.90107212005125, "01X0000": 2.9154762471022737, "11X1100": 2.9236771310147462, "00X0100": 2.9065872257548806, "10X1000": 2.8908906466244177, "11X0100": 2.917250851255861, "01X1000": 2.9221053737057994, "10X0000": 2.8844900593771055, "00X1100": 2.909245812678616, "11X0110": 2.903537395500204, "01X1010": 2.925640079960629, "10X0010": 2.89332487927224, "00X1110": 2.8982518533419297, "00X1010": 2.91531563722953, "10X0110": 2.882757880901134, "01X1110": 2.90396198036448, "11X0010": 2.9229815612578496, "00X1000": 2.9066662847567875, "10X0100": 2.8898206082862545, "01X1100": 2.9206072123600078, "11X0000": 2.917187060813993, "10X1100": 2.893914604772851, "00X0000": 2.90109068006146, "11X1000": 2.924604232271178, "01X0100": 2.915924263915323, "10X1110": 2.8836285553335044, "00X0010": 2.9086081186239516, "11X1010": 2.9289968577752656, "01X0110": 2.902312055181855, "01X0101": 2.9300827945143353, "11X1001": 2.910531322911262, "00X0001": 2.9174621308152755, "10X1101": 2.9129969177646085, "01X0111": 2.9127385445917895, "11X1011": 2.9144454496132552, "00X0011": 2.9266274175485503, "10X1111": 2.902777600383067, "11X0011": 2.9218678662298085, "01X1111": 2.9000057947170728, "10X0111": 2.9171096173152455, "00X1011": 2.9200306837477927, "11X0001": 2.9193998489720085, "01X1101": 2.9177220551136185, "10X0101": 2.927045645609696, "00X1001": 2.9105275858947914, "00X1101": 2.917245275410769, "10X0001": 2.913929382508395, "01X1001": 2.910305950227959, "11X0101": 2.9260251661980847, "00X1111": 2.906710201126736, "10X0011": 2.9239061504272383, "01X1011": 2.914043693593439, "11X0111": 2.908985222852933, "10X1011": 2.9168862446555153, "00X0111": 2.9214068578075914, "11X1111": 2.897319758840732, "01X0011": 2.9209022648516205, "10X1001": 2.9065829825526572, "00X0101": 2.9318386742785565, "11X1101": 2.915165518302169, "01X0001": 2.919121626403321}