{"01X0010": 2.9398397490736325, "11X1110": 2.9320017842372486, "00X0110": 2.919633545819227, "10X1010": 2.9204123740367365, "01X0000": 2.932347073750263, "11X1100": 2.9473321784362643, "00X0100": 2.916021781971243, "10X1000": 2.906784433986064, "11X0100": 2.938186363644892, "01X1000": 2.938062939051546, "10X0000": 2.901512748826038, "00X1100": 2.930734037043372, "11X0110": 2.9273989853429416, "01X1010": 2.9453404304920094, "10X0010": 2.9128650214047793, "00X1110": 2.9200731354914655, "00X1010": 2.935302862955681, "10X0110": 2.903069050950432, "01X1110": 2.9299267023398303, "11X0010": 2.941720614635528, "00X1000": 2.9227723480621384, "10X0100": 2.8990227451278443, "01X1100": 2.944931929796768, "11X0000": 2.9342330910097334, "10X1100": 2.9142167060912016, "00X0000": 2.9177231372388848, "11X1000": 2.940485285590495, "01X0100": 2.9375687533457713, "10X1110": 2.904275438014632, "00X0010": 2.928173784301261, "11X1010": 2.9486495144316307, "01X0110": 2.9266899381696625, "01X0101": 2.9485723431418447, "11X1001": 2.930200416504676, "00X0001": 2.9326901882145373, "10X1101": 2.9320551269292108, "01X0111": 2.933050835290261, "11X1011": 2.934210134934757, "00X0011": 2.946367759274578, "10X1111": 2.9222405038438635, "11X0011": 2.942143382044162, "01X1111": 2.9211662289365457, "10X0111": 2.93568715421441, "00X1011": 2.938342845935037, "11X0001": 2.937221637073395, "01X1101": 2.93913327160253, "10X0101": 2.9442845756114795, "00X1001": 2.9258768090313567, "00X1101": 2.9365817768168885, "10X0001": 2.9291237491007562, "01X1001": 2.9283773467584524, "11X0101": 2.94553944130303, "00X1111": 2.925978564484881, "10X0011": 2.9435770416166456, "01X1011": 2.9333377981480373, "11X0111": 2.929612181223818, "10X1011": 2.9354323251294043, "00X0111": 2.9398778253277813, "11X1111": 2.9191890182906834, "01X0011": 2.9412039404914427, "10X1001": 2.922184266333909, "00X0101": 2.9495899932972494, "11X1101": 2.938114560229568, "01X0001": 2.935197363933187}