{"01X0010": 9.405172655118852, "11X1110": 10.132646155101298, "00X0110": 9.471204750547411, "10X1010": 9.29858082362445, "01X0000": 9.261588152697053, "11X1100": 10.148017950508716, "00X0100": 8.838089029771332, "10X1000": 8.76102383503648, "11X0100": 10.164831867161677, "01X1000": 9.283663280411956, "10X0000": 8.756607648827199, "00X1100": 8.833478632633849, "11X0110": 10.138260699618979, "01X1010": 9.440457286402982, "10X0010": 9.310724471994968, "00X1110": 9.484663917575297, "00X1010": 9.561063996198605, "10X0110": 9.160668056025834, "01X1110": 9.493063301940783, "11X0010": 10.258473130105909, "00X1000": 8.791561125637097, "10X0100": 8.797550285128084, "01X1100": 9.465981333414572, "11X0000": 10.086766372930962, "10X1100": 8.763631068180889, "00X0000": 8.794638802819488, "11X1000": 10.07041055541054, "01X0100": 9.464313635803439, "10X1110": 9.11904265403437, "00X0010": 9.538767356556304, "11X1010": 10.264346524422594, "01X0110": 9.485022384104827, "01X0101": 9.159300400886185, "11X1001": 9.574877359974646, "00X0001": 9.898989812342766, "10X1101": 9.053983399722638, "01X0111": 8.676253327654814, "11X1011": 8.916653605612673, "00X0011": 10.01635301111478, "10X1111": 8.757134815392494, "11X0011": 8.914146130328014, "01X1111": 8.68224867062103, "10X0111": 8.797421779966797, "00X1011": 10.038568635052314, "11X0001": 9.591431988591287, "01X1101": 9.157586462807078, "10X0101": 9.090931376606175, "00X1001": 9.892429567778244, "00X1101": 9.843152451283348, "10X0001": 9.300020807973691, "01X1001": 9.162747008903747, "11X0101": 9.474796450052164, "00X1111": 9.726164978545997, "10X0011": 9.183416603707432, "01X1011": 8.902339815588885, "11X0111": 8.702326970831436, "10X1011": 9.175226187834026, "00X0111": 9.718900173979925, "11X1111": 8.687146070551096, "01X0011": 8.865748944666642, "10X1001": 9.292450600062768, "00X0101": 9.858312982978568, "11X1101": 9.451075502972689, "01X0001": 9.138053726398939}