{"01X0010": 9.394510635598968, "11X1110": 10.075840836455374, "00X0110": 9.377243217576385, "10X1010": 9.225642740254244, "01X0000": 9.206979370211169, "11X1100": 10.072312258075666, "00X0100": 8.764593821539759, "10X1000": 8.697402355659307, "11X0100": 10.091607201472225, "01X1000": 9.230919228794878, "10X0000": 8.695951284823312, "00X1100": 8.788734985469691, "11X0110": 10.085192101319702, "01X1010": 9.413420488813504, "10X0010": 9.250693140754258, "00X1110": 9.386660970358223, "00X1010": 9.49443083525999, "10X0110": 9.057033073051631, "01X1110": 9.413907187101413, "11X0010": 10.228882669037903, "00X1000": 8.745592129562127, "10X0100": 8.709055985275675, "01X1100": 9.38725298964215, "11X0000": 10.04183983911523, "10X1100": 8.698207232495552, "00X0000": 8.733160248533785, "11X1000": 10.011778180901082, "01X0100": 9.365764979690674, "10X1110": 9.02097501664276, "00X0010": 9.485314785487201, "11X1010": 10.221901936834994, "01X0110": 9.401996594877314, "01X0101": 9.052631836383785, "11X1001": 9.499220200459687, "00X0001": 9.84193880205958, "10X1101": 8.998434996630309, "01X0111": 8.596490078434641, "11X1011": 8.888938574179134, "00X0011": 10.002311116285828, "10X1111": 8.707121190412932, "11X0011": 8.891029018924822, "01X1111": 8.611865351184894, "10X0111": 8.734042357313452, "00X1011": 10.024291902945604, "11X0001": 9.52198044830592, "01X1101": 9.072942369497524, "10X0101": 9.028546036729004, "00X1001": 9.85006783853748, "00X1101": 9.792828843287833, "10X0001": 9.254620803869239, "01X1001": 9.112010870688302, "11X0101": 9.353214118367472, "00X1111": 9.70201031291706, "10X0011": 9.135792848959428, "01X1011": 8.880610307354644, "11X0111": 8.648980900691884, "10X1011": 9.124553297028159, "00X0111": 9.672166176948128, "11X1111": 8.648345505539087, "01X0011": 8.856749108142347, "10X1001": 9.236367382200708, "00X0101": 9.777300095262706, "11X1101": 9.355670920740732, "01X0001": 9.075274258818652}