{"01X0010": 2.954258649600903, "11X1110": 2.949855059958225, "00X0110": 2.846493444291617, "10X1010": 2.8761797881987454, "01X0000": 2.9651376241707874, "11X1100": 2.97313710583908, "00X0100": 2.7736720237077623, "10X1000": 2.7890695003464883, "11X0100": 2.9700904797304335, "01X1000": 2.9653619547269447, "10X0000": 2.7922086710240634, "00X1100": 2.7754248116790654, "11X0110": 2.946986081383005, "01X1010": 2.9564313586196644, "10X0010": 2.881282820808141, "00X1110": 2.850251636936035, "00X1010": 2.889790836846055, "10X0110": 2.831188576418974, "01X1110": 2.909638066124015, "11X0010": 3.001392087209532, "00X1000": 2.786630887070246, "10X0100": 2.7744308542185068, "01X1100": 2.9529989277570143, "11X0000": 2.985399391520473, "10X1100": 2.7751277901890945, "00X0000": 2.787498509324103, "11X1000": 2.985460290252586, "01X0100": 2.948335986653047, "10X1110": 2.8309382035137345, "00X0010": 2.889225365123025, "11X1010": 3.0008080574768226, "01X0110": 2.9055887535621356, "01X0101": 2.947367110209387, "11X1001": 2.9636334316722177, "00X0001": 2.962087380202423, "10X1101": 2.8694618951444015, "01X0111": 2.8987526817583618, "11X1011": 2.9769451929503647, "00X0011": 2.9614564199488154, "10X1111": 2.842331024190197, "11X0011": 2.977004755372966, "01X1111": 2.8986063398157573, "10X0111": 2.843542152345637, "00X1011": 2.961569841085317, "11X0001": 2.9785260170704237, "01X1101": 2.936669246081956, "10X0101": 2.877753468427782, "00X1001": 2.956106864237295, "00X1101": 2.931780387479367, "10X0001": 2.904309552467729, "01X1001": 2.964040649076061, "11X0101": 2.955040305408563, "00X1111": 2.897981663386722, "10X0011": 2.906620671330609, "01X1011": 2.96195231478898, "11X0111": 2.9142460694507504, "10X1011": 2.905719159402249, "00X0111": 2.8989480798819067, "11X1111": 2.9130390316588644, "01X0011": 2.960753721054531, "10X1001": 2.89569875207584, "00X0101": 2.9378936463458043, "11X1101": 2.938452407578163, "01X0001": 2.970967552715136}