{"01X0010": 9.344808032004941, "11X1110": 10.088320369377385, "00X0110": 9.410284884722078, "10X1010": 9.215993660202566, "01X0000": 9.177864749196285, "11X1100": 10.078752263225415, "00X0100": 8.757401975916512, "10X1000": 8.62742236656111, "11X0100": 10.073018849294042, "01X1000": 9.206272808057967, "10X0000": 8.655540899202187, "00X1100": 8.76215372941465, "11X0110": 10.067976948050323, "01X1010": 9.363256781542958, "10X0010": 9.24008494586888, "00X1110": 9.418726016420354, "00X1010": 9.516852733544848, "10X0110": 9.07689963522762, "01X1110": 9.407782351497467, "11X0010": 10.191029841662061, "00X1000": 8.722669683362481, "10X0100": 8.69598201492855, "01X1100": 9.37589179516199, "11X0000": 10.01920159234399, "10X1100": 8.661552089285792, "00X0000": 8.72682394024659, "11X1000": 10.020205875967996, "01X0100": 9.34456848222988, "10X1110": 9.050349618040844, "00X0010": 9.515188853524332, "11X1010": 10.208111272928713, "01X0110": 9.38899929503932, "01X0101": 9.0218974083971, "11X1001": 9.505878047017223, "00X0001": 9.801730210702404, "10X1101": 8.963307514215284, "01X0111": 8.574544570505118, "11X1011": 8.859119707399461, "00X0011": 10.018007926319559, "10X1111": 8.718354206723385, "11X0011": 8.863500835935358, "01X1111": 8.590390740254351, "10X0111": 8.75009180472916, "00X1011": 10.022278582733232, "11X0001": 9.515072902902396, "01X1101": 9.047665780773999, "10X0101": 9.003588976240833, "00X1001": 9.811793707641472, "00X1101": 9.763551505895443, "10X0001": 9.220062901146466, "01X1001": 9.052050152984835, "11X0101": 9.34963660905592, "00X1111": 9.705761297652185, "10X0011": 9.146204228922937, "01X1011": 8.810042981648994, "11X0111": 8.617219089229462, "10X1011": 9.113001527664718, "00X0111": 9.697861168289231, "11X1111": 8.623317263069858, "01X0011": 8.797061552797018, "10X1001": 9.184267038955895, "00X0101": 9.758258828204719, "11X1101": 9.362384425417083, "01X0001": 9.020452874814739}