{"01X0010": 2.965270439916228, "11X1110": 2.956030750905721, "00X0110": 2.9474181655872798, "10X1010": 2.953045966039438, "01X0000": 2.959342600978289, "11X1100": 2.9749744500779114, "00X0100": 2.95794282328793, "10X1000": 2.9406595636710535, "11X0100": 2.966997273750395, "01X1000": 2.968352341612528, "10X0000": 2.9335620734207897, "00X1100": 2.960997691180313, "11X0110": 2.952412331611429, "01X1010": 2.9743838296485494, "10X0010": 2.9450996104678557, "00X1110": 2.946980280461154, "00X1010": 2.9653501154913564, "10X0110": 2.9328681908250536, "01X1110": 2.9537804269903694, "11X0010": 2.9675211658586305, "00X1000": 2.9539754985941857, "10X0100": 2.942951567215532, "01X1100": 2.9726727090020697, "11X0000": 2.960896678359415, "10X1100": 2.9471507647502353, "00X0000": 2.9473475655261385, "11X1000": 2.970643435371122, "01X0100": 2.9667755386660595, "10X1110": 2.9334122447279807, "00X0010": 2.95803771806419, "11X1010": 2.9773033387501693, "01X0110": 2.9517347164944754, "01X0101": 2.9764951566690376, "11X1001": 2.955950245452975, "00X0001": 2.9646112493715435, "10X1101": 2.961940530356527, "01X0111": 2.960922214508961, "11X1011": 2.9611720110150586, "00X0011": 2.9756786915616074, "10X1111": 2.9487287364673254, "11X0011": 2.9688423846854572, "01X1111": 2.9482178573870126, "10X0111": 2.9631682995566373, "00X1011": 2.9677367476465473, "11X0001": 2.961659350724045, "01X1101": 2.9647716157596795, "10X0101": 2.9757075846962917, "00X1001": 2.957854579304387, "00X1101": 2.9664393440992134, "10X0001": 2.9613291693165738, "01X1001": 2.953487087325554, "11X0101": 2.9724282775413657, "00X1111": 2.9530401381946736, "10X0011": 2.97300874194989, "01X1011": 2.960034743069259, "11X0111": 2.9557587523424522, "10X1011": 2.964998979131512, "00X0111": 2.9680047457221255, "11X1111": 2.9443037225729864, "01X0011": 2.9674720726006423, "10X1001": 2.954511228255801, "00X0101": 2.9810174987541003, "11X1101": 2.9625856273399958, "01X0001": 2.9595527093098823}