{"01X0010": 9.270188990069755, "11X1110": 9.931094945324096, "00X0110": 9.340233494333612, "10X1010": 9.153721448394041, "01X0000": 9.122792006523685, "11X1100": 9.993087365241138, "00X0100": 8.70251638982909, "10X1000": 8.60679752203154, "11X0100": 9.999933898635524, "01X1000": 9.156732946024732, "10X0000": 8.608941366956227, "00X1100": 8.707670676056317, "11X0110": 9.94997922254019, "01X1010": 9.292399560379051, "10X0010": 9.169611917219052, "00X1110": 9.328164911900306, "00X1010": 9.434819375818527, "10X0110": 9.000172929890727, "01X1110": 9.252798935899616, "11X0010": 10.10836217501918, "00X1000": 8.674775248354312, "10X0100": 8.608724972502138, "01X1100": 9.286610546804688, "11X0000": 9.947855468287012, "10X1100": 8.595119542006742, "00X0000": 8.65683540530781, "11X1000": 9.959621775658722, "01X0100": 9.269325906083626, "10X1110": 8.961010005138181, "00X0010": 9.428523727916104, "11X1010": 10.106290489824175, "01X0110": 9.257304420008925, "01X0101": 8.958023546253937, "11X1001": 9.443170596903407, "00X0001": 9.742674926362366, "10X1101": 8.888587676699046, "01X0111": 8.477308445463818, "11X1011": 8.782246601717, "00X0011": 9.9146958748528, "10X1111": 8.603715999181327, "11X0011": 8.778833955693376, "01X1111": 8.474356494717256, "10X0111": 8.646351737575571, "00X1011": 9.91969386238203, "11X0001": 9.441213900486556, "01X1101": 8.970830805324518, "10X0101": 8.91747953778837, "00X1001": 9.757241348044374, "00X1101": 9.66241411727714, "10X0001": 9.13246690597609, "01X1001": 9.01188496155623, "11X0101": 9.288704180662709, "00X1111": 9.579722803886066, "10X0011": 9.044842506636392, "01X1011": 8.748392559791164, "11X0111": 8.519216462172697, "10X1011": 9.019801326900073, "00X0111": 9.59852468644379, "11X1111": 8.505631456673775, "01X0011": 8.728992089175566, "10X1001": 9.118576748295048, "00X0101": 9.678156222574186, "11X1101": 9.291312968297765, "01X0001": 8.976434160060258}