{"01X0010": 2.9505330963308207, "11X1110": 2.9465991057130143, "00X0110": 2.9320441271097932, "10X1010": 2.9318145092412946, "01X0000": 2.9434532481798716, "11X1100": 2.9594274337118622, "00X0100": 2.9317068603741006, "10X1000": 2.919910823543549, "11X0100": 2.9522715489038722, "01X1000": 2.9508527575202033, "10X0000": 2.913351006368777, "00X1100": 2.943267711781333, "11X0110": 2.941366092107953, "01X1010": 2.9569448862429653, "10X0010": 2.9221955797194425, "00X1110": 2.933055998927606, "00X1010": 2.9461504568455155, "10X0110": 2.9149674640508154, "01X1110": 2.944292629417454, "11X0010": 2.9520129586232957, "00X1000": 2.935786448717895, "10X0100": 2.914795887468704, "01X1100": 2.9568708280613922, "11X0000": 2.944999836390319, "10X1100": 2.9271157809038435, "00X0000": 2.9297404556485276, "11X1000": 2.9530981653424737, "01X0100": 2.951510513092649, "10X1110": 2.917043873857214, "00X0010": 2.9372653431095737, "11X1010": 2.960027574298441, "01X0110": 2.9404922796586423, "01X0101": 2.955999861027701, "11X1001": 2.944878646589167, "00X0001": 2.9494421130219513, "10X1101": 2.947989994034083, "01X0111": 2.9479173407290356, "11X1011": 2.948065999042363, "00X0011": 2.956621069136119, "10X1111": 2.9364741861747508, "11X0011": 2.9537154497694766, "01X1111": 2.937183163747873, "10X0111": 2.9484028989546847, "00X1011": 2.9509178725251775, "11X0001": 2.950646937186178, "01X1101": 2.9535923842093514, "10X0101": 2.9586173502044875, "00X1001": 2.9436218537574943, "00X1101": 2.9519596941832313, "10X0001": 2.9462953476658034, "01X1001": 2.9434725926820566, "11X0101": 2.953583273663761, "00X1111": 2.9402856147559784, "10X0011": 2.9540202193038354, "01X1011": 2.946641658714194, "11X0111": 2.937683826181617, "10X1011": 2.9481936510200115, "00X0111": 2.952665059820749, "11X1111": 2.9343523894838395, "01X0011": 2.952075959514923, "10X1001": 2.9403856845659972, "00X0101": 2.9632855932197195, "11X1101": 2.9511853053596004, "01X0001": 2.9490360038783985}