{"01X0010": 2.926269093421922, "11X1110": 2.9336098264437735, "00X0110": 2.828136531986254, "10X1010": 2.850070165056132, "01X0000": 2.9407130525865535, "11X1100": 2.9533817022906055, "00X0100": 2.75305606647072, "10X1000": 2.760965273307976, "11X0100": 2.949303291579641, "01X1000": 2.94036204348307, "10X0000": 2.7663524747224697, "00X1100": 2.758359663950908, "11X0110": 2.928870088219585, "01X1010": 2.9310065050058958, "10X0010": 2.8514227894654693, "00X1110": 2.8319573597467627, "00X1010": 2.867429608687897, "10X0110": 2.807711255073488, "01X1110": 2.889874977309934, "11X0010": 2.975106937071878, "00X1000": 2.7644526891663324, "10X0100": 2.749459217068479, "01X1100": 2.930819950436634, "11X0000": 2.9628069208057246, "10X1100": 2.7501775383814944, "00X0000": 2.765782422664712, "11X1000": 2.9628253230661907, "01X0100": 2.9255343929896678, "10X1110": 2.808255150305617, "00X0010": 2.8651489749613637, "11X1010": 2.979033820664605, "01X0110": 2.8865224707880257, "01X0101": 2.921441946882993, "11X1001": 2.942803208336426, "00X0001": 2.9361032886493508, "10X1101": 2.846619827534534, "01X0111": 2.8770005343293175, "11X1011": 2.952694169990189, "00X0011": 2.9336869547269875, "10X1111": 2.8218889422498763, "11X0011": 2.9517637230200817, "01X1111": 2.8776364509276084, "10X0111": 2.8223969231433053, "00X1011": 2.934920467280922, "11X0001": 2.9567231062152013, "01X1101": 2.9105180106131607, "10X0101": 2.854008479733357, "00X1001": 2.9284442576050087, "00X1101": 2.9086305482211237, "10X0001": 2.8774934199652353, "01X1001": 2.9353672937174338, "11X0101": 2.9309677779821177, "00X1111": 2.8773462255998705, "10X0011": 2.877989271177305, "01X1011": 2.9348984881785602, "11X0111": 2.896146416456941, "10X1011": 2.878078159951877, "00X0111": 2.8777805499842244, "11X1111": 2.8954480152423443, "01X0011": 2.9318755941478942, "10X1001": 2.867990249697204, "00X0101": 2.9143154835478873, "11X1101": 2.9205850832910034, "01X0001": 2.9442045725626658}