{"01X0010": 2.9457523132558014, "11X1110": 2.9412881640833644, "00X0110": 2.8343468680365183, "10X1010": 2.8606608920946597, "01X0000": 2.9554705612439855, "11X1100": 2.958937621380163, "00X0100": 2.764942585124026, "10X1000": 2.777686461924147, "11X0100": 2.95909796788611, "01X1000": 2.952778938110023, "10X0000": 2.7807744683806983, "00X1100": 2.767803261117371, "11X0110": 2.9394752625228544, "01X1010": 2.9457248981231867, "10X0010": 2.8643582008529647, "00X1110": 2.838219554582908, "00X1010": 2.878364723622668, "10X0110": 2.8131208561555, "01X1110": 2.9025718035084926, "11X0010": 2.989757217632013, "00X1000": 2.778125621037577, "10X0100": 2.763082768067528, "01X1100": 2.9403382742866784, "11X0000": 2.974592652754632, "10X1100": 2.7646958311602203, "00X0000": 2.778104703787856, "11X1000": 2.9717927445718533, "01X0100": 2.939164568523779, "10X1110": 2.8143597114390526, "00X0010": 2.877650267676052, "11X1010": 2.989922779735545, "01X0110": 2.899955469467513, "01X0101": 2.9341997029380593, "11X1001": 2.9498760475275607, "00X0001": 2.947491428309096, "10X1101": 2.8550386198915736, "01X0111": 2.890310059919956, "11X1011": 2.9664504604616386, "00X0011": 2.9457663970566985, "10X1111": 2.828630261347813, "11X0011": 2.9643691890664297, "01X1111": 2.889557367672804, "10X0111": 2.8306651162800405, "00X1011": 2.944715027701032, "11X0001": 2.9685986705775798, "01X1101": 2.92265776225003, "10X0101": 2.8643506600532183, "00X1001": 2.936797566145742, "00X1101": 2.9171070866526403, "10X0001": 2.891092301112155, "01X1001": 2.9480733152913006, "11X0101": 2.938684353154917, "00X1111": 2.8851462474287866, "10X0011": 2.890285447439902, "01X1011": 2.9500742763254726, "11X0111": 2.9023462006618006, "10X1011": 2.888270387403158, "00X0111": 2.8870297835564402, "11X1111": 2.9043785180629964, "01X0011": 2.9496184726235755, "10X1001": 2.8771603866841424, "00X0101": 2.923407030289962, "11X1101": 2.9249058753207358, "01X0001": 2.957942166578877}