{"01X0010": 9.444987463578716, "11X1110": 10.090363705991777, "00X0110": 9.417374972646941, "10X1010": 9.28394467289208, "01X0000": 9.25738575530102, "11X1100": 10.147276739011307, "00X0100": 8.807765746946014, "10X1000": 8.753107772332369, "11X0100": 10.146357960192741, "01X1000": 9.294475846335246, "10X0000": 8.76625798053404, "11X0110": 10.10297015399038, "01X1010": 9.450970445264378, "10X0010": 9.340038040161193, "00X1110": 9.410332955917468, "00X1010": 9.555927740476266, "10X0110": 9.15224879628206, "01X1110": 9.451026654003888, "11X0010": 10.262006371872227, "00X1000": 8.783148977072418, "10X0100": 8.811266669043345, "01X1100": 9.460706535145112, "11X0000": 10.06744900754054, "10X1100": 8.788253841180776, "00X0000": 8.784834265216782, "11X1000": 10.054547137144626, "01X0100": 9.42249032837934, "10X1110": 9.098667816529169, "00X0010": 9.56069446369946, "11X1010": 10.235074117829976, "01X0110": 9.442368716215663, "00X1100": 9.156216362448067, "01X0101": 9.122694685239786, "11X1001": 9.522289283560966, "00X0001": 9.877932882572502, "10X1101": 9.075855838735013, "01X0111": 8.642441217968592, "11X1011": 8.888945708686572, "00X0011": 10.086178345602349, "10X1111": 8.746863967299603, "11X0011": 8.89302542918724, "01X1111": 8.650451117528885, "10X0111": 8.806819975100005, "00X1011": 10.085573682538215, "11X0001": 9.530195752976434, "01X1101": 9.164453312767236, "10X0101": 9.10173481172794, "00X1001": 9.921667497278797, "00X1101": 9.839599422939934, "10X0001": 9.305312573232577, "01X1001": 9.151136149190293, "11X0101": 9.397739682780859, "00X1111": 9.704170559809961, "10X0011": 9.232355200116062, "01X1011": 8.913777456650427, "11X0111": 8.632186148932325, "10X1011": 9.173021664212133, "00X0111": 9.711789800220515, "11X1111": 8.640216603335027, "01X0011": 8.900277737412118, "10X1001": 9.292174986140708, "00X0101": 9.808620910374096, "11X1101": 9.415164193064598, "01X0001": 9.106997017481207}