{"01X0010": 2.933959279353842, "11X1110": 2.9406494072570197, "00X0110": 2.837414862239023, "10X1010": 2.857353213051912, "01X0000": 2.943091889145527, "11X1100": 2.9592248691870617, "00X0100": 2.760953424288388, "10X1000": 2.7745524815779827, "11X0100": 2.956033596281983, "01X1000": 2.947696990803918, "10X0000": 2.7766774676361523, "00X1100": 2.7644049512504534, "11X0110": 2.9372449456965772, "01X1010": 2.9366461244805477, "10X0010": 2.8587645696612753, "00X1110": 2.8373171711817444, "00X1010": 2.8755081174682804, "10X0110": 2.816440608469655, "01X1110": 2.897143257035143, "11X0010": 2.9803397074492373, "00X1000": 2.773613457486628, "10X0100": 2.76134844346328, "01X1100": 2.9360288804459005, "11X0000": 2.9686951019386427, "10X1100": 2.761110625153915, "00X0000": 2.7739640095187066, "11X1000": 2.969382947187629, "01X0100": 2.9328588370124438, "10X1110": 2.8150680762952915, "00X0010": 2.873168206897729, "11X1010": 2.982348170356676, "01X0110": 2.894652072836034, "01X0101": 2.929732713721225, "11X1001": 2.949547380350687, "00X0001": 2.9469354865257924, "10X1101": 2.8562000061007806, "01X0111": 2.888612168477982, "11X1011": 2.963163244195143, "00X0011": 2.9408846058873355, "10X1111": 2.8299928804577346, "11X0011": 2.960657893564072, "01X1111": 2.8900025261597673, "10X0111": 2.8300777829948442, "00X1011": 2.9444600615383556, "11X0001": 2.965701361668651, "01X1101": 2.920588989918423, "10X0101": 2.8626642069198818, "00X1001": 2.939377660621454, "00X1101": 2.9186838804217494, "10X0001": 2.8879061256541787, "01X1001": 2.9479252965522695, "11X0101": 2.936912180767994, "00X1111": 2.8884985354816095, "10X0011": 2.8844452851277924, "01X1011": 2.9462135275691628, "11X0111": 2.906110332047218, "10X1011": 2.8864598970376845, "00X0111": 2.888718490024479, "11X1111": 2.9058682565983873, "01X0011": 2.9410837202974793, "10X1001": 2.8784699888996217, "00X0101": 2.924686532298666, "11X1101": 2.9267250177108854, "01X0001": 2.9544406751138954}