{"01X0010": 2.958655241506105, "11X1110": 2.9473530382709354, "00X0110": 2.933090016841871, "10X1010": 2.936441794354778, "01X0000": 2.949007674239888, "11X1100": 2.9632596619443388, "00X0100": 2.936368808959319, "10X1000": 2.926059101030603, "11X0100": 2.9556223327969753, "01X1000": 2.9566697458569235, "10X0000": 2.918720072557029, "00X1100": 2.9474048649113738, "11X0110": 2.943911369001669, "01X1010": 2.9654089142011957, "10X0010": 2.927506991087756, "00X1110": 2.94075761159072, "00X1010": 2.951344253387792, "10X0110": 2.915971223256136, "01X1110": 2.94595805102699, "11X0010": 2.9593991320943047, "00X1000": 2.9422842787303316, "10X0100": 2.9191702116444453, "01X1100": 2.96140290658297, "11X0000": 2.950146553695512, "10X1100": 2.9309698291954005, "00X0000": 2.9353157245087393, "11X1000": 2.9582543521192743, "01X0100": 2.9559128156540044, "10X1110": 2.9163787657273996, "00X0010": 2.942846890393861, "11X1010": 2.967374337769182, "01X0110": 2.943916837915051, "01X0101": 2.9626040857667073, "11X1001": 2.944246096277931, "00X0001": 2.9513092909593284, "10X1101": 2.954501751296103, "01X0111": 2.9490019538959635, "11X1011": 2.9514454331007345, "00X0011": 2.9587022393355022, "10X1111": 2.9335059197600257, "11X0011": 2.9578947399224633, "01X1111": 2.934278237529499, "10X0111": 2.9481198225644496, "00X1011": 2.952284170114566, "11X0001": 2.9517200654716076, "01X1101": 2.9557274954379213, "10X0101": 2.961747290061731, "00X1001": 2.942940348723746, "00X1101": 2.9598261740885845, "10X0001": 2.94806761537195, "01X1001": 2.9426510984210967, "11X0101": 2.9589263678183855, "00X1111": 2.937556582315113, "10X0011": 2.95598562510901, "01X1011": 2.9505017177057353, "11X0111": 2.944977560160748, "10X1011": 2.949514155753076, "00X0111": 2.9529148708391917, "11X1111": 2.932248856578741, "01X0011": 2.95677990612908, "10X1001": 2.9397977655898124, "00X0101": 2.9670494030277084, "11X1101": 2.9519272568239403, "01X0001": 2.9504855940422434}