{"01X0010": 2.913254019621173, "11X1110": 2.9073902520053574, "00X0110": 2.808109309554084, "10X1010": 2.8284271658114157, "01X0000": 2.9286950092332478, "11X1100": 2.9319825311741567, "00X0100": 2.736448263163639, "10X1000": 2.747623145377217, "11X0100": 2.932291213703479, "01X1000": 2.9255187237426643, "10X0000": 2.7508764459787542, "00X1100": 2.7399402079109247, "11X0110": 2.9066823890481572, "01X1010": 2.914421692107709, "10X0010": 2.831792491652039, "00X1110": 2.8100856353397665, "00X1010": 2.848290685093686, "10X0110": 2.786653994846155, "01X1110": 2.868254924730021, "11X0010": 2.9599924717947736, "00X1000": 2.749543579894227, "10X0100": 2.734363508771265, "01X1100": 2.9114863319651905, "11X0000": 2.9488516059758316, "10X1100": 2.735193848895444, "00X0000": 2.7499459089923475, "11X1000": 2.9461582952169882, "01X0100": 2.910525267840259, "10X1110": 2.785890161583123, "00X0010": 2.848021147621335, "11X1010": 2.959227174094054, "01X0110": 2.8667128512299973, "01X0101": 2.907283742735599, "11X1001": 2.9246239960488882, "00X0001": 2.9216828176014618, "10X1101": 2.8290946365620933, "01X0111": 2.858380536655713, "11X1011": 2.9363451566528735, "00X0011": 2.9172582736700328, "10X1111": 2.801363348169196, "11X0011": 2.9373566627030487, "01X1111": 2.8573289969800317, "10X0111": 2.8033658765422915, "00X1011": 2.9171009786560287, "11X0001": 2.9414895785254265, "01X1101": 2.896053511219116, "10X0101": 2.837550648480595, "00X1001": 2.9135522256266255, "00X1101": 2.889707207753431, "10X0001": 2.864150225049986, "01X1001": 2.9219292496326403, "11X0101": 2.9126525158603416, "00X1111": 2.8569583724048133, "10X0011": 2.8632335561967386, "01X1011": 2.917683200883105, "11X0111": 2.8768022834013474, "10X1011": 2.861596180729436, "00X0111": 2.8593213117019816, "11X1111": 2.874206549944918, "01X0011": 2.916688405289308, "10X1001": 2.8553378814425705, "00X0101": 2.8976155673313517, "11X1101": 2.899307528507966, "01X0001": 2.9297962200397416}