{"01X0101": 416.8611927350905, "00X1101": 427.28220401556064, "00X0011": 422.02143150140495, "01X1011": 417.99261726942984, "01X1010": 400.72207751973747, "00X0010": 411.716302213001, "00X1100": 412.7979743167793, "01X0100": 396.7283202609649, "01X0010": 400.08709826668786, "00X1010": 413.4357766081188, "00X0100": 411.33223823940057, "01X1100": 396.86057029998045, "01X1101": 420.42599326055296, "00X0101": 426.13921171782624, "00X1011": 421.758247128402, "01X0011": 417.86380738673176, "10X1100": 401.0724068351799, "11X0100": 405.094196476118, "11X1010": 406.9226657286624, "10X0010": 398.569268061293, "10X0011": 408.7973854018678, "11X1011": 404.5993459820243, "11X0101": 402.8268273569722, "10X1101": 410.21302594573183, "10X1011": 408.92078610425597, "11X0011": 403.5499165801749, "11X1101": 404.85192904120413, "10X0101": 408.73012787569223, "10X0100": 397.8243178769359, "11X1100": 406.4272106153611, "11X0010": 406.14264932527385, "10X1010": 401.33618370757836, "11X1110": 410.79633440771795, "10X0110": 400.64765773236445, "10X1000": 398.677382994324, "11X0000": 397.6618993921319, "11X0001": 402.5302885225293, "10X1001": 412.1014629392429, "10X0111": 403.13927361695687, "11X1111": 403.1819396576111, "11X1001": 404.31482319097415, "10X0001": 411.8567205163157, "10X1111": 404.21588144598377, "11X0111": 401.9401324693829, "11X0110": 410.4281876683185, "10X1110": 403.062935703514, "10X0000": 397.57136013839573, "11X1000": 400.20737176637755, "00X0111": 421.49423117163695, "01X1111": 416.85242054175876, "01X0001": 417.96794337118706, "00X1001": 424.63644181541827, "00X1000": 405.8914761262448, "01X0000": 390.84218792395757, "01X1110": 405.2020016835198, "00X0110": 419.25217681266383, "00X0000": 404.8889575657988, "01X1000": 390.94491975670803, "01X0110": 404.4828995062362, "00X1110": 421.2014420173281, "00X1111": 423.37411468098094, "01X0111": 416.5701707883147, "01X1001": 420.709401304248, "00X0001": 424.78114640309786}