{"01X0101": 440.260953841754, "00X1101": 443.0558222820866, "00X0011": 439.3856025838564, "01X1011": 437.770155024257, "01X1010": 424.3297891085124, "00X0010": 424.8153434003732, "00X1100": 436.07010191839356, "01X0100": 428.82185267948506, "01X0010": 419.7915505855607, "00X1010": 429.5588434617988, "00X0100": 436.1253543173898, "01X1100": 428.4436354595214, "01X1101": 438.8437576989113, "00X0101": 443.0004516457457, "00X1011": 441.01056198375034, "01X0011": 435.85895372030257, "10X1100": 445.54098205943995, "11X0100": 430.9546055666006, "11X1010": 429.46892935729096, "10X0010": 443.63171967164396, "10X0011": 444.08881958151323, "11X1011": 435.8851768063091, "11X0101": 435.8069109055647, "10X1101": 446.768739752529, "10X1011": 443.03432221742935, "11X0011": 430.09706336344635, "11X1101": 434.17652002288617, "10X0101": 445.77507050802933, "10X0100": 444.5127937280366, "11X1100": 430.64761372133603, "11X0010": 430.7709130952454, "10X1010": 441.0327367893423, "11X1110": 433.42944067157725, "10X0110": 447.7407368538999, "10X1000": 440.64530215756565, "11X0000": 425.949504101704, "11X0001": 429.22038483404367, "10X1001": 448.6082358700062, "10X0111": 442.0635869768935, "11X1111": 431.12290141236053, "11X1001": 433.23245812847745, "10X0001": 447.9561428096468, "10X1111": 442.579245905711, "11X0111": 433.23459228799106, "11X0110": 434.8059958331604, "10X1110": 446.47798015827766, "10X0000": 439.73242046478856, "11X1000": 425.94793259764964, "00X0111": 435.76492941792185, "01X1111": 432.23633939293563, "01X0001": 442.7852192424529, "00X1001": 445.3765384919892, "00X1000": 431.94474270011654, "01X0000": 424.492499029549, "01X1110": 424.5241199033123, "00X0110": 429.89716722281366, "00X0000": 431.8801443288456, "01X1000": 424.8151419972362, "01X0110": 420.7107556343694, "00X1110": 435.5235639313221, "00X1111": 438.1047383557474, "01X0111": 430.343354846607, "01X1001": 444.42934278233844, "00X0001": 444.92825875916145}