{"01X0101": 409.476536508296, "00X1101": 412.54310690036823, "00X0011": 407.4187755319251, "01X1011": 400.47251796774066, "01X1010": 393.3342681727037, "00X0010": 403.5139046472953, "00X1100": 408.7993495038187, "01X0100": 400.4789530359959, "01X0010": 394.4566841136102, "00X1010": 404.203957737004, "00X0100": 408.0638324255421, "01X1100": 399.013967033682, "01X1101": 407.2500050981265, "00X0101": 413.11452653014305, "00X1011": 408.3162823846152, "01X0011": 402.98949358349876, "10X1100": 399.88132264453026, "11X0100": 387.3042219768776, "11X1010": 383.0467996099366, "10X0010": 402.27159335501165, "10X0011": 402.82994087848647, "11X1011": 388.1106777248736, "11X0101": 391.56673704404284, "10X1101": 401.36596812422715, "10X1011": 404.3718770152901, "11X0011": 387.8515101763186, "11X1101": 390.3178902946422, "10X0101": 400.1679989065812, "10X0100": 401.22850042168886, "11X1100": 387.20461650801553, "11X0010": 386.1547458963548, "10X1010": 399.91789548624286, "11X1110": 387.2256464328033, "10X0110": 406.070398505498, "10X1000": 396.634797538704, "11X0000": 390.8049834109354, "11X0001": 390.2071004995321, "10X1001": 401.5125000711681, "10X0111": 402.1614500736814, "11X1111": 386.5199995861004, "11X1001": 389.38786795227236, "10X0001": 399.36091714145846, "10X1111": 403.99565533349596, "11X0111": 388.19654033512245, "11X0110": 387.21861234006724, "10X1110": 406.80682363096525, "10X0000": 397.7016696599205, "11X1000": 383.52697330806075, "00X0111": 407.2041007667615, "01X1111": 401.05938795211824, "01X0001": 407.61225228535795, "00X1001": 409.70890036306525, "00X1000": 409.7958485015258, "01X0000": 395.8718338095382, "01X1110": 396.13084586136074, "00X0110": 403.2051284105474, "00X0000": 407.81764067255085, "01X1000": 396.6830278580517, "01X0110": 396.88471377859105, "00X1110": 404.8853828132681, "00X1111": 407.4655075522778, "01X0111": 402.20587220037373, "01X1001": 403.4728331729018, "00X0001": 410.3559863858319}