{"01X0101": 401.44195426066005, "00X1101": 403.5679796237342, "00X0011": 405.3431845020611, "01X1011": 395.6100495738837, "01X1010": 396.2686461429739, "00X0010": 396.86300060985735, "00X1100": 414.33963731417896, "01X0100": 401.27618532877557, "01X0010": 391.3195399379703, "00X1010": 402.35546555477737, "00X0100": 411.79498230781417, "01X1100": 405.1383875968577, "01X1101": 401.42627255879694, "00X0101": 404.1239500936578, "00X1011": 403.83458250610386, "01X0011": 394.34307136632674, "10X1100": 397.4361714065851, "11X0100": 398.8111280029219, "11X1010": 396.19162095662887, "10X0010": 400.41976817968686, "10X0011": 403.9163012195054, "11X1011": 396.01058963507523, "11X0101": 399.3592163707724, "10X1101": 407.0409184030647, "10X1011": 404.35581832075115, "11X0011": 394.7579543051953, "11X1101": 401.62352933715783, "10X0101": 406.0643888325024, "10X0100": 400.3758681428119, "11X1100": 397.38182260906774, "11X0010": 397.02717055006286, "10X1010": 400.6405871163547, "11X1110": 400.48787672015806, "10X0110": 399.38618840836796, "10X1000": 398.3342197644292, "11X0000": 390.25707592961385, "11X0001": 398.18222615278523, "10X1001": 409.93537459319816, "10X0111": 399.36387426592137, "11X1111": 394.54883871527153, "11X1001": 397.70712296161065, "10X0001": 409.8762263254066, "10X1111": 400.2172411667218, "11X0111": 394.7670941546189, "11X0110": 402.8941559388539, "10X1110": 399.89834147245733, "10X0000": 401.83647447542216, "11X1000": 389.13950274041485, "00X0111": 400.0739640762708, "01X1111": 396.0509410789832, "01X0001": 400.1326589090406, "00X1001": 404.885789144253, "00X1000": 401.5846629884247, "01X0000": 393.62553722094253, "01X1110": 403.3234856020496, "00X0110": 404.28655383103677, "00X0000": 400.06475643378303, "01X1000": 394.96547295178993, "01X0110": 399.028461073775, "00X1110": 412.9281931556442, "00X1111": 403.4781180502959, "01X0111": 391.86260715107596, "01X1001": 400.4753772156377, "00X0001": 405.8151919019584}