{"01X0101": 437.474179984335, "00X1101": 429.5258005662477, "00X0011": 424.4121996486781, "01X1011": 430.0324824965178, "01X1010": 413.08293026971353, "00X0010": 416.3994085431752, "00X1100": 425.0615386576536, "01X0100": 417.8126027660695, "01X0010": 412.75263807347375, "00X1010": 416.2853922112196, "00X0100": 426.3849046304847, "01X1100": 416.38205388833006, "01X1101": 436.45614192350894, "00X0101": 428.9718091463874, "00X1011": 426.062072183173, "01X0011": 429.5006291164617, "10X1100": 427.095014841722, "11X0100": 422.45372914111726, "11X1010": 429.42036767906774, "10X0010": 439.18167651514915, "10X0011": 445.5729711400294, "11X1011": 429.6020885103452, "11X0101": 436.5691040141976, "10X1101": 442.8055203222606, "10X1011": 444.74321794001844, "11X0011": 430.19505961132734, "11X1101": 436.05314284642935, "10X0101": 444.15329094111746, "10X0100": 428.36063881043174, "11X1100": 421.44429163246616, "11X0010": 428.7477933512656, "10X1010": 439.1864924952039, "11X1110": 430.40492937442957, "10X0110": 436.66127835202354, "10X1000": 427.29362442510785, "11X0000": 422.93062329066436, "11X0001": 432.76614431972143, "10X1001": 440.11790942617597, "10X0111": 444.4775064421911, "11X1111": 432.2204894600319, "11X1001": 432.1094074023774, "10X0001": 441.34883564980885, "10X1111": 444.72966942931316, "11X0111": 432.09655221290524, "11X0110": 429.98446567103883, "10X1110": 436.6640401984256, "10X0000": 428.26372885372245, "11X1000": 422.53244242635265, "00X0111": 429.44317368039145, "01X1111": 429.4065223096731, "01X0001": 437.94442048467454, "00X1001": 428.88147316635866, "00X1000": 420.4219722216417, "01X0000": 415.30696741526003, "01X1110": 413.3333396722823, "00X0110": 412.78327144487616, "00X0000": 420.7536747039594, "01X1000": 414.6660271115333, "01X0110": 413.46444433793977, "00X1110": 411.49499149657396, "00X1111": 430.25782171902455, "01X0111": 429.35792372630357, "01X1001": 436.9908761408607, "00X0001": 427.7427308823139}