{"01X0101": 2.71, "00X1101": 2.6900000000000004, "00X0011": 2.665, "01X1011": 2.67, "01X1010": 2.69, "00X0010": 2.66, "00X1100": 2.635, "01X0100": 2.755, "01X0010": 2.685, "00X1010": 2.665, "00X0100": 2.635, "01X1100": 2.735, "01X1101": 2.705, "00X0101": 2.675, "00X1011": 2.67, "01X0011": 2.665, "10X1100": 2.6550000000000002, "11X0100": 2.725, "11X1010": 2.6950000000000003, "10X0010": 2.66, "10X0011": 2.6399999999999997, "11X1011": 2.67, "11X0101": 2.725, "10X1101": 2.665, "10X1011": 2.65, "11X0011": 2.6799999999999997, "11X1101": 2.725, "10X0101": 2.66, "10X0100": 2.6550000000000002, "11X1100": 2.725, "11X0010": 2.7199999999999998, "10X1010": 2.6900000000000004, "11X1110": 2.7, "10X0110": 2.6500000000000004, "10X1000": 2.635, "11X0000": 2.73, "11X0001": 2.71, "10X1001": 2.665, "10X0111": 2.63, "11X1111": 2.6550000000000002, "11X1001": 2.7199999999999998, "10X0001": 2.665, "10X1111": 2.625, "11X0111": 2.67, "11X0110": 2.68, "10X1110": 2.6399999999999997, "10X0000": 2.66, "11X1000": 2.75, "00X0111": 2.65, "01X1111": 2.6550000000000002, "01X0001": 2.7, "00X1001": 2.685, "00X1000": 2.63, "01X0000": 2.7249999999999996, "01X1110": 2.645, "00X0110": 2.6500000000000004, "00X0000": 2.63, "01X1000": 2.755, "01X0110": 2.67, "00X1110": 2.6500000000000004, "00X1111": 2.66, "01X0111": 2.6550000000000002, "01X1001": 2.7, "00X0001": 2.6799999999999997}