{"01X0101": 9.05, "00X1101": 9.690000000000001, "00X0011": 9.585, "01X1011": 8.33, "01X1010": 8.485, "00X0010": 8.745000000000001, "00X1100": 8.0, "01X0100": 8.43, "01X0010": 8.454999999999998, "00X1010": 8.735, "00X0100": 7.97, "01X1100": 8.475000000000001, "01X1101": 9.030000000000001, "00X0101": 9.76, "00X1011": 9.530000000000001, "01X0011": 8.32, "10X1100": 8.225, "11X0100": 9.059999999999999, "11X1010": 9.225000000000001, "10X0010": 8.68, "10X0011": 8.925, "11X1011": 8.254999999999999, "11X0101": 8.72, "10X1101": 8.745000000000001, "10X1011": 8.96, "11X0011": 8.235, "11X1101": 8.715, "10X0101": 8.73, "10X0100": 8.225, "11X1100": 9.055, "11X0010": 9.195, "10X1010": 8.695, "11X1110": 9.185, "10X0110": 8.58, "10X1000": 8.17, "11X0000": 9.1, "11X0001": 8.695, "10X1001": 8.76, "10X0111": 8.65, "11X1111": 8.0, "11X1001": 8.725000000000001, "10X0001": 8.775, "10X1111": 8.629999999999999, "11X0111": 7.99, "11X0110": 9.2, "10X1110": 8.59, "10X0000": 8.155000000000001, "11X1000": 9.085, "00X0111": 9.32, "01X1111": 8.22, "01X0001": 8.92, "00X1001": 9.579999999999998, "00X1000": 8.065, "01X0000": 8.515, "01X1110": 8.26, "00X0110": 8.445, "00X0000": 8.055, "01X1000": 8.52, "01X0110": 8.235, "00X1110": 8.434999999999999, "00X1111": 9.365, "01X0111": 8.165, "01X1001": 8.965, "00X0001": 9.555}