{"01X0101": 2.665, "00X1101": 2.685, "00X0011": 2.69, "01X1011": 2.675, "01X1010": 2.66, "00X0010": 2.6900000000000004, "00X1100": 2.685, "01X0100": 2.665, "01X0010": 2.665, "00X1010": 2.7, "00X0100": 2.685, "01X1100": 2.685, "01X1101": 2.68, "00X0101": 2.685, "00X1011": 2.685, "01X0011": 2.71, "10X1100": 2.68, "11X0100": 2.705, "11X1010": 2.685, "10X0010": 2.68, "10X0011": 2.675, "11X1011": 2.68, "11X0101": 2.68, "10X1101": 2.675, "10X1011": 2.675, "11X0011": 2.69, "11X1101": 2.71, "10X0101": 2.69, "10X0100": 2.675, "11X1100": 2.675, "11X0010": 2.685, "10X1010": 2.675, "11X1110": 2.665, "10X0110": 2.66, "10X1000": 2.68, "11X0000": 2.675, "11X0001": 2.68, "10X1001": 2.685, "10X0111": 2.665, "11X1111": 2.66, "11X1001": 2.68, "10X0001": 2.67, "10X1111": 2.66, "11X0111": 2.66, "11X0110": 2.665, "10X1110": 2.66, "10X0000": 2.685, "11X1000": 2.67, "00X0111": 2.67, "01X1111": 2.65, "01X0001": 2.6550000000000002, "00X1001": 2.685, "00X1000": 2.685, "01X0000": 2.66, "01X1110": 2.65, "00X0110": 2.67, "00X0000": 2.705, "01X1000": 2.66, "01X0110": 2.65, "00X1110": 2.675, "00X1111": 2.675, "01X0111": 2.72, "01X1001": 2.66, "00X0001": 2.6950000000000003}