{"01X0101": 9.21, "00X1101": 9.95, "00X0011": 9.83, "01X1011": 8.774999999999999, "01X1010": 8.7, "00X0010": 23.720000000000002, "00X1100": 8.3, "01X0100": 8.86, "01X0010": 8.739999999999998, "00X1010": 8.825, "00X0100": 8.305, "01X1100": 8.84, "01X1101": 9.255, "00X0101": 9.915, "00X1011": 9.79, "01X0011": 8.785, "10X1100": 8.445, "11X0100": 9.415, "11X1010": 9.515, "10X0010": 8.795, "10X0011": 9.02, "11X1011": 8.32, "11X0101": 9.01, "10X1101": 8.870000000000001, "10X1011": 9.0, "11X0011": 8.32, "11X1101": 9.025, "10X0101": 8.885, "10X0100": 8.43, "11X1100": 9.425, "11X0010": 9.485, "10X1010": 8.795, "11X1110": 9.36, "10X0110": 8.82, "10X1000": 8.155000000000001, "11X0000": 9.295000000000002, "11X0001": 8.91, "10X1001": 8.795, "10X0111": 8.815000000000001, "11X1111": 8.245000000000001, "11X1001": 8.925, "10X0001": 8.82, "10X1111": 8.82, "11X0111": 8.25, "11X0110": 9.34, "10X1110": 8.82, "10X0000": 8.21, "11X1000": 9.295, "00X0111": 9.59, "01X1111": 8.625, "01X0001": 9.045, "00X1001": 9.715, "00X1000": 8.26, "01X0000": 8.865, "01X1110": 8.645, "00X0110": 8.775, "00X0000": 8.265, "01X1000": 8.879999999999999, "01X0110": 8.67, "00X1110": 8.735, "00X1111": 9.605, "01X0111": 8.605, "01X1001": 9.25, "00X0001": 9.68}