{"01X0101": 2.6799999999999997, "00X1101": 2.6799999999999997, "00X0011": 2.6550000000000002, "01X1011": 2.6550000000000002, "01X1010": 2.675, "00X0010": 2.675, "00X1100": 2.625, "01X0100": 2.71, "01X0010": 2.665, "00X1010": 2.675, "00X0100": 2.63, "01X1100": 2.685, "01X1101": 2.68, "00X0101": 2.6799999999999997, "00X1011": 2.665, "01X0011": 2.66, "10X1100": 2.645, "11X0100": 2.7, "11X1010": 2.6799999999999997, "10X0010": 2.6500000000000004, "10X0011": 2.62, "11X1011": 2.65, "11X0101": 2.69, "10X1101": 2.645, "10X1011": 2.63, "11X0011": 2.65, "11X1101": 2.7, "10X0101": 2.67, "10X0100": 2.6500000000000004, "11X1100": 2.7350000000000003, "11X0010": 2.6799999999999997, "10X1010": 2.66, "11X1110": 2.66, "10X0110": 2.63, "10X1000": 2.645, "11X0000": 2.725, "11X0001": 2.71, "10X1001": 2.645, "10X0111": 2.645, "11X1111": 2.635, "11X1001": 2.705, "10X0001": 2.6550000000000002, "10X1111": 2.6399999999999997, "11X0111": 2.64, "11X0110": 2.66, "10X1110": 2.63, "10X0000": 2.65, "11X1000": 2.745, "00X0111": 2.66, "01X1111": 2.645, "01X0001": 2.6950000000000003, "00X1001": 2.675, "00X1000": 2.63, "01X0000": 2.7, "01X1110": 2.65, "00X0110": 2.66, "00X0000": 2.62, "01X1000": 2.6950000000000003, "01X0110": 2.6550000000000002, "00X1110": 2.66, "00X1111": 2.6550000000000002, "01X0111": 2.645, "01X1001": 2.685, "00X0001": 2.66}