{"01X0101": 9.11, "00X1101": 9.76, "00X0011": 9.485, "01X1011": 8.344999999999999, "01X1010": 8.649999999999999, "00X0010": 8.57, "00X1100": 8.105, "01X0100": 8.67, "01X0010": 8.649999999999999, "00X1010": 8.59, "00X0100": 8.155000000000001, "01X1100": 8.585, "01X1101": 9.1, "00X0101": 9.765, "00X1011": 9.475000000000001, "01X0011": 8.254999999999999, "10X1100": 8.205, "11X0100": 9.19, "11X1010": 9.24, "10X0010": 8.58, "10X0011": 8.785, "11X1011": 8.274999999999999, "11X0101": 8.809999999999999, "10X1101": 8.815, "10X1011": 8.815000000000001, "11X0011": 8.24, "11X1101": 8.815000000000001, "10X0101": 8.8, "10X0100": 8.235, "11X1100": 9.17, "11X0010": 9.205, "10X1010": 8.545, "11X1110": 9.125, "10X0110": 8.47, "10X1000": 8.065, "11X0000": 8.99, "11X0001": 8.64, "10X1001": 8.739999999999998, "10X0111": 8.585, "11X1111": 8.115, "11X1001": 8.635, "10X0001": 8.760000000000002, "10X1111": 8.625, "11X0111": 8.115, "11X0110": 9.105, "10X1110": 8.43, "10X0000": 8.120000000000001, "11X1000": 8.965, "00X0111": 9.309999999999999, "01X1111": 8.219999999999999, "01X0001": 8.985, "00X1001": 9.52, "00X1000": 8.08, "01X0000": 8.614999999999998, "01X1110": 8.46, "00X0110": 8.535, "00X0000": 8.095, "01X1000": 8.629999999999999, "01X0110": 8.440000000000001, "00X1110": 8.575, "00X1111": 9.325, "01X0111": 8.17, "01X1001": 8.995000000000001, "00X0001": 9.55}