{"01X0101": 9.14, "00X1101": 9.719999999999999, "00X0011": 9.695, "01X1011": 8.76, "01X1010": 8.719999999999999, "00X0010": 8.75, "00X1100": 8.184999999999999, "01X0100": 8.77, "01X0010": 8.75, "00X1010": 8.77, "00X0100": 8.190000000000001, "01X1100": 8.735, "01X1101": 9.165, "00X0101": 9.735, "00X1011": 9.690000000000001, "01X0011": 8.725, "10X1100": 8.47, "11X0100": 9.42, "11X1010": 9.469999999999999, "10X0010": 8.69, "10X0011": 8.84, "11X1011": 8.4, "11X0101": 9.02, "10X1101": 8.969999999999999, "10X1011": 8.825, "11X0011": 8.379999999999999, "11X1101": 9.030000000000001, "10X0101": 8.955, "10X0100": 8.44, "11X1100": 9.455, "11X0010": 9.51, "10X1010": 8.690000000000001, "11X1110": 9.655, "10X0110": 8.665, "10X1000": 8.219999999999999, "11X0000": 9.355, "11X0001": 8.83, "10X1001": 8.825, "10X0111": 8.719999999999999, "11X1111": 8.29, "11X1001": 8.86, "10X0001": 8.83, "10X1111": 8.74, "11X0111": 8.335, "11X0110": 9.64, "10X1110": 8.684999999999999, "10X0000": 8.225, "11X1000": 9.33, "00X0111": 9.535, "01X1111": 8.66, "01X0001": 8.965, "00X1001": 9.645, "00X1000": 8.15, "01X0000": 8.695, "01X1110": 8.6, "00X0110": 8.625, "00X0000": 8.155, "01X1000": 8.725, "01X0110": 8.585, "00X1110": 8.649999999999999, "00X1111": 9.55, "01X0111": 8.64, "01X1001": 8.945, "00X0001": 9.67}