{"01X0101": 8.934999999999999, "00X1101": 9.620000000000001, "00X0011": 9.495000000000001, "01X1011": 8.26, "01X1010": 8.59, "00X0010": 8.64, "00X1100": 8.03, "01X0100": 8.785, "01X0010": 8.53, "00X1010": 8.665, "00X0100": 7.995, "01X1100": 8.87, "01X1101": 8.940000000000001, "00X0101": 9.585, "00X1011": 9.51, "01X0011": 8.265, "10X1100": 7.92, "11X0100": 9.1, "11X1010": 9.225, "10X0010": 8.545, "10X0011": 8.94, "11X1011": 8.15, "11X0101": 8.705, "10X1101": 8.835, "10X1011": 8.875, "11X0011": 8.14, "11X1101": 8.74, "10X0101": 8.735, "10X0100": 8.085, "11X1100": 9.05, "11X0010": 9.205, "10X1010": 8.5, "11X1110": 9.205, "10X0110": 8.52, "10X1000": 7.77, "11X0000": 9.02, "11X0001": 8.524999999999999, "10X1001": 8.83, "10X0111": 8.74, "11X1111": 8.055, "11X1001": 8.57, "10X0001": 8.82, "10X1111": 8.695, "11X0111": 8.1, "11X0110": 9.2, "10X1110": 8.475000000000001, "10X0000": 7.8, "11X1000": 9.005, "00X0111": 9.379999999999999, "01X1111": 8.155000000000001, "01X0001": 8.84, "00X1001": 9.5, "00X1000": 8.05, "01X0000": 8.620000000000001, "01X1110": 8.545, "00X0110": 8.46, "00X0000": 8.07, "01X1000": 8.625, "01X0110": 8.52, "00X1110": 8.485, "00X1111": 9.36, "01X0111": 8.075, "01X1001": 8.760000000000002, "00X0001": 9.425}