{"01X0101": 5.3149999999999995, "00X1101": 5.17, "00X0011": 5.095, "01X1011": 5.210000000000001, "01X1010": 5.16, "00X0010": 5.225, "00X1100": 4.83, "01X0100": 5.265000000000001, "01X0010": 5.2, "00X1010": 5.18, "00X0100": 4.945, "01X1100": 5.26, "01X1101": 5.32, "00X0101": 5.205, "00X1011": 5.095, "01X0011": 5.165, "10X1100": 4.87, "11X0100": 5.405, "11X1010": 5.225, "10X0010": 5.11, "10X0011": 4.984999999999999, "11X1011": 5.17, "11X0101": 5.25, "10X1101": 5.08, "10X1011": 4.875, "11X0011": 5.23, "11X1101": 5.24, "10X0101": 5.050000000000001, "10X0100": 4.895, "11X1100": 5.4350000000000005, "11X0010": 5.225, "10X1010": 5.105, "11X1110": 5.1899999999999995, "10X0110": 5.0600000000000005, "10X1000": 4.925, "11X0000": 5.305, "11X0001": 5.335, "10X1001": 5.0600000000000005, "10X0111": 4.9350000000000005, "11X1111": 5.130000000000001, "11X1001": 5.295, "10X0001": 5.075, "10X1111": 4.975, "11X0111": 5.11, "11X0110": 5.175, "10X1110": 5.0600000000000005, "10X0000": 4.92, "11X1000": 5.305, "00X0111": 5.025, "01X1111": 5.145, "01X0001": 5.390000000000001, "00X1001": 5.205, "00X1000": 4.970000000000001, "01X0000": 5.32, "01X1110": 5.074999999999999, "00X0110": 5.085, "00X0000": 5.015000000000001, "01X1000": 5.275, "01X0110": 5.075, "00X1110": 5.050000000000001, "00X1111": 4.98, "01X0111": 5.135, "01X1001": 5.385, "00X0001": 5.195}