{"01X0101": 5.335, "00X1101": 5.48, "00X0011": 5.22, "01X1011": 5.29, "01X1010": 5.33, "00X0010": 5.324999999999999, "00X1100": 5.59, "01X0100": 5.275, "01X0010": 5.305, "00X1010": 5.3100000000000005, "00X0100": 5.635, "01X1100": 5.265, "01X1101": 5.335, "00X0101": 5.48, "00X1011": 5.380000000000001, "01X0011": 5.255, "10X1100": 5.445, "11X0100": 5.265, "11X1010": 5.265, "10X0010": 5.26, "10X0011": 5.38, "11X1011": 5.205, "11X0101": 5.145, "10X1101": 5.465, "10X1011": 5.335, "11X0011": 5.16, "11X1101": 5.23, "10X0101": 5.37, "10X0100": 5.45, "11X1100": 5.3, "11X0010": 5.255, "10X1010": 5.42, "11X1110": 5.210000000000001, "10X0110": 5.16, "10X1000": 5.535, "11X0000": 5.255, "11X0001": 5.13, "10X1001": 5.285, "10X0111": 5.085, "11X1111": 5.02, "11X1001": 5.17, "10X0001": 5.265000000000001, "10X1111": 5.109999999999999, "11X0111": 5.140000000000001, "11X0110": 5.245, "10X1110": 5.300000000000001, "10X0000": 5.415, "11X1000": 5.175000000000001, "00X0111": 5.225, "01X1111": 5.275, "01X0001": 5.21, "00X1001": 5.335, "00X1000": 5.585000000000001, "01X0000": 5.279999999999999, "01X1110": 5.295, "00X0110": 5.220000000000001, "00X0000": 5.595, "01X1000": 5.305, "01X0110": 5.140000000000001, "00X1110": 5.1899999999999995, "00X1111": 5.165, "01X0111": 5.145, "01X1001": 5.27, "00X0001": 5.369999999999999}