{"01X0101": 5.359999999999999, "00X1101": 5.265000000000001, "00X0011": 5.13, "01X1011": 5.295, "01X1010": 5.26, "00X0010": 5.265000000000001, "00X1100": 5.025, "01X0100": 5.27, "01X0010": 5.27, "00X1010": 5.255000000000001, "00X0100": 5.075, "01X1100": 5.295, "01X1101": 5.425000000000001, "00X0101": 5.28, "00X1011": 5.155, "01X0011": 5.324999999999999, "10X1100": 4.96, "11X0100": 5.33, "11X1010": 5.29, "10X0010": 5.255, "10X0011": 5.0600000000000005, "11X1011": 5.25, "11X0101": 5.234999999999999, "10X1101": 5.045, "10X1011": 5.07, "11X0011": 5.115, "11X1101": 5.300000000000001, "10X0101": 5.140000000000001, "10X0100": 5.0649999999999995, "11X1100": 5.405, "11X0010": 5.1899999999999995, "10X1010": 5.09, "11X1110": 5.23, "10X0110": 5.195, "10X1000": 5.045, "11X0000": 5.25, "11X0001": 5.16, "10X1001": 5.13, "10X0111": 4.925, "11X1111": 5.17, "11X1001": 5.359999999999999, "10X0001": 5.13, "10X1111": 4.705, "11X0111": 5.140000000000001, "11X0110": 5.234999999999999, "10X1110": 5.074999999999999, "10X0000": 5.055, "11X1000": 5.35, "00X0111": 5.045, "01X1111": 5.18, "01X0001": 5.385, "00X1001": 5.275, "00X1000": 5.09, "01X0000": 5.275, "01X1110": 5.12, "00X0110": 5.17, "00X0000": 5.074999999999999, "01X1000": 5.34, "01X0110": 5.115, "00X1110": 5.26, "00X1111": 5.05, "01X0111": 5.145, "01X1001": 5.42, "00X0001": 5.255}