{"01X0101": 5.485, "00X1101": 5.415, "00X0011": 5.3, "01X1011": 5.325, "01X1010": 5.305, "00X0010": 5.35, "00X1100": 5.109999999999999, "01X0100": 5.43, "01X0010": 5.199999999999999, "00X1010": 5.355, "00X0100": 5.13, "01X1100": 5.404999999999999, "01X1101": 5.52, "00X0101": 5.505, "00X1011": 5.285, "01X0011": 5.295, "10X1100": 4.925, "11X0100": 5.58, "11X1010": 5.32, "10X0010": 5.27, "10X0011": 5.1899999999999995, "11X1011": 5.34, "11X0101": 5.375, "10X1101": 5.29, "10X1011": 5.175, "11X0011": 5.359999999999999, "11X1101": 5.285, "10X0101": 5.3100000000000005, "10X0100": 5.015000000000001, "11X1100": 5.495, "11X0010": 5.33, "10X1010": 5.265000000000001, "11X1110": 5.1850000000000005, "10X0110": 5.13, "10X1000": 5.119999999999999, "11X0000": 5.42, "11X0001": 5.465, "10X1001": 5.27, "10X0111": 5.165, "11X1111": 5.265000000000001, "11X1001": 5.5, "10X0001": 5.255000000000001, "10X1111": 5.085, "11X0111": 5.275, "11X0110": 5.285, "10X1110": 5.115, "10X0000": 5.050000000000001, "11X1000": 5.32, "00X0111": 5.27, "01X1111": 5.225, "01X0001": 5.470000000000001, "00X1001": 5.4, "00X1000": 5.13, "01X0000": 5.42, "01X1110": 5.1899999999999995, "00X0110": 5.175, "00X0000": 5.125, "01X1000": 5.345000000000001, "01X0110": 5.21, "00X1110": 5.199999999999999, "00X1111": 5.1850000000000005, "01X0111": 5.225, "01X1001": 5.46, "00X0001": 5.425}