{"01X0101": 5.265000000000001, "00X1101": 5.34, "00X0011": 5.13, "01X1011": 5.21, "01X1010": 5.165, "00X0010": 5.09, "00X1100": 5.365, "01X0100": 5.1, "01X0010": 5.145, "00X1010": 5.195, "00X0100": 5.395, "01X1100": 5.140000000000001, "01X1101": 5.3100000000000005, "00X0101": 5.275, "00X1011": 5.255000000000001, "01X0011": 5.215, "10X1100": 5.35, "11X0100": 4.9399999999999995, "11X1010": 5.19, "10X0010": 5.1850000000000005, "10X0011": 5.24, "11X1011": 5.13, "11X0101": 5.01, "10X1101": 5.35, "10X1011": 5.195, "11X0011": 4.995, "11X1101": 5.029999999999999, "10X0101": 5.23, "10X0100": 5.32, "11X1100": 5.095000000000001, "11X0010": 4.945, "10X1010": 5.105, "11X1110": 5.125, "10X0110": 5.055, "10X1000": 5.48, "11X0000": 5.035, "11X0001": 4.904999999999999, "10X1001": 5.065, "10X0111": 5.0649999999999995, "11X1111": 5.035, "11X1001": 5.05, "10X0001": 5.1, "10X1111": 4.875, "11X0111": 4.925, "11X0110": 5.0649999999999995, "10X1110": 5.085, "10X0000": 5.385, "11X1000": 5.215, "00X0111": 5.045, "01X1111": 5.205, "01X0001": 5.045, "00X1001": 5.25, "00X1000": 5.405, "01X0000": 5.155, "01X1110": 5.125, "00X0110": 4.9399999999999995, "00X0000": 5.385, "01X1000": 5.24, "01X0110": 5.109999999999999, "00X1110": 5.015000000000001, "00X1111": 5.085, "01X0111": 5.21, "01X1001": 5.18, "00X0001": 5.285}