{"01X0101": 5.265000000000001, "00X1101": 5.4399999999999995, "00X0011": 5.324999999999999, "01X1011": 5.29, "01X1010": 5.275, "00X0010": 5.255, "00X1100": 5.465, "01X0100": 5.23, "01X0010": 5.21, "00X1010": 5.225, "00X0100": 5.41, "01X1100": 5.1899999999999995, "01X1101": 5.359999999999999, "00X0101": 5.415, "00X1011": 5.315, "01X0011": 5.26, "10X1100": 5.52, "11X0100": 5.109999999999999, "11X1010": 5.26, "10X0010": 5.234999999999999, "10X0011": 5.325, "11X1011": 5.165, "11X0101": 5.119999999999999, "10X1101": 5.4399999999999995, "10X1011": 5.255000000000001, "11X0011": 5.135, "11X1101": 5.24, "10X0101": 5.47, "10X0100": 5.425, "11X1100": 5.3, "11X0010": 5.215, "10X1010": 5.27, "11X1110": 5.1850000000000005, "10X0110": 5.145, "10X1000": 5.56, "11X0000": 5.18, "11X0001": 5.12, "10X1001": 5.175000000000001, "10X0111": 5.074999999999999, "11X1111": 5.115, "11X1001": 5.145, "10X0001": 5.25, "10X1111": 5.04, "11X0111": 5.1, "11X0110": 5.165, "10X1110": 5.17, "10X0000": 5.445, "11X1000": 5.24, "00X0111": 5.165, "01X1111": 5.195, "01X0001": 5.245, "00X1001": 5.265000000000001, "00X1000": 5.4350000000000005, "01X0000": 5.255, "01X1110": 5.16, "00X0110": 5.12, "00X0000": 5.39, "01X1000": 5.335, "01X0110": 5.145, "00X1110": 5.125, "00X1111": 5.08, "01X0111": 5.074999999999999, "01X1001": 5.27, "00X0001": 5.23}