{"01X0101": 5.3100000000000005, "00X1101": 5.279999999999999, "00X0011": 5.225, "01X1011": 5.225, "01X1010": 5.24, "00X0010": 5.285, "00X1100": 5.07, "01X0100": 5.335, "01X0010": 5.21, "00X1010": 5.27, "00X0100": 5.11, "01X1100": 5.300000000000001, "01X1101": 5.375, "00X0101": 5.3149999999999995, "00X1011": 5.205, "01X0011": 5.225, "10X1100": 4.984999999999999, "11X0100": 5.445, "11X1010": 5.27, "10X0010": 5.16, "10X0011": 4.984999999999999, "11X1011": 5.215, "11X0101": 5.295, "10X1101": 5.15, "10X1011": 5.050000000000001, "11X0011": 5.225, "11X1101": 5.34, "10X0101": 5.15, "10X0100": 4.994999999999999, "11X1100": 5.365, "11X0010": 5.3, "10X1010": 5.26, "11X1110": 5.265, "10X0110": 5.21, "10X1000": 5.05, "11X0000": 5.365, "11X0001": 5.359999999999999, "10X1001": 5.135, "10X0111": 5.055, "11X1111": 5.2, "11X1001": 5.395, "10X0001": 5.115, "10X1111": 5.075, "11X0111": 5.18, "11X0110": 5.265, "10X1110": 5.215, "10X0000": 5.08, "11X1000": 5.33, "00X0111": 5.17, "01X1111": 5.18, "01X0001": 5.37, "00X1001": 5.295, "00X1000": 5.075, "01X0000": 5.3, "01X1110": 5.12, "00X0110": 5.255, "00X0000": 5.140000000000001, "01X1000": 5.305, "01X0110": 5.135, "00X1110": 5.205, "00X1111": 5.055, "01X0111": 5.14, "01X1001": 5.385, "00X0001": 5.285}