{"01X0101": 5.529999999999999, "00X1101": 5.385, "00X0011": 5.275, "01X1011": 5.42, "01X1010": 5.27, "00X0010": 5.345000000000001, "00X1100": 5.145, "01X0100": 5.4, "01X0010": 5.275, "00X1010": 5.39, "00X0100": 5.16, "01X1100": 5.33, "01X1101": 5.555, "00X0101": 5.32, "00X1011": 5.25, "01X0011": 5.355, "10X1100": 5.055, "11X0100": 5.5, "11X1010": 5.33, "10X0010": 5.285, "10X0011": 5.105, "11X1011": 5.335, "11X0101": 5.365, "10X1101": 5.215, "10X1011": 5.154999999999999, "11X0011": 5.35, "11X1101": 5.359999999999999, "10X0101": 5.23, "10X0100": 5.0600000000000005, "11X1100": 5.525, "11X0010": 5.355, "10X1010": 5.295, "11X1110": 5.275, "10X0110": 5.25, "10X1000": 5.16, "11X0000": 5.425, "11X0001": 5.4350000000000005, "10X1001": 5.25, "10X0111": 5.07, "11X1111": 5.220000000000001, "11X1001": 5.41, "10X0001": 5.22, "10X1111": 5.055, "11X0111": 5.245, "11X0110": 5.3100000000000005, "10X1110": 5.17, "10X0000": 5.135, "11X1000": 5.42, "00X0111": 5.175, "01X1111": 5.3, "01X0001": 5.555, "00X1001": 5.380000000000001, "00X1000": 5.155, "01X0000": 5.37, "01X1110": 5.255, "00X0110": 5.26, "00X0000": 5.18, "01X1000": 5.4, "01X0110": 5.205, "00X1110": 5.165, "00X1111": 5.199999999999999, "01X0111": 5.175, "01X1001": 5.470000000000001, "00X0001": 5.335}