{"01X0101": 5.13, "00X1101": 5.355, "00X0011": 5.12, "01X1011": 5.095, "01X1010": 5.154999999999999, "00X0010": 5.140000000000001, "00X1100": 5.275, "01X0100": 5.119999999999999, "01X0010": 5.140000000000001, "00X1010": 5.1, "00X0100": 5.345000000000001, "01X1100": 5.13, "01X1101": 5.165, "00X0101": 5.3100000000000005, "00X1011": 5.225, "01X0011": 5.105, "10X1100": 5.32, "11X0100": 5.109999999999999, "11X1010": 5.07, "10X0010": 5.125, "10X0011": 5.324999999999999, "11X1011": 5.0, "11X0101": 4.9350000000000005, "10X1101": 5.355, "10X1011": 4.96, "11X0011": 4.975, "11X1101": 5.03, "10X0101": 5.3100000000000005, "10X0100": 5.305, "11X1100": 5.130000000000001, "11X0010": 5.0649999999999995, "10X1010": 5.195, "11X1110": 5.025, "10X0110": 5.07, "10X1000": 5.4, "11X0000": 5.135, "11X0001": 4.9399999999999995, "10X1001": 5.205, "10X0111": 4.98, "11X1111": 4.970000000000001, "11X1001": 4.975, "10X0001": 5.165, "10X1111": 5.005, "11X0111": 4.99, "11X0110": 5.0600000000000005, "10X1110": 5.109999999999999, "10X0000": 5.375, "11X1000": 5.195, "00X0111": 5.02, "01X1111": 5.11, "01X0001": 5.12, "00X1001": 5.2, "00X1000": 5.4, "01X0000": 5.1850000000000005, "01X1110": 5.07, "00X0110": 4.99, "00X0000": 5.425000000000001, "01X1000": 5.225, "01X0110": 5.09, "00X1110": 5.02, "00X1111": 5.005, "01X0111": 5.115, "01X1001": 5.085, "00X0001": 5.09}