{"01X0101": 5.265, "00X1101": 5.325, "00X0011": 5.195, "01X1011": 5.22, "01X1010": 5.265000000000001, "00X0010": 5.244999999999999, "00X1100": 5.484999999999999, "01X0100": 5.205, "01X0010": 5.24, "00X1010": 5.285, "00X0100": 5.54, "01X1100": 5.24, "01X1101": 5.25, "00X0101": 5.395, "00X1011": 5.295, "01X0011": 5.18, "10X1100": 5.445, "11X0100": 5.245, "11X1010": 5.234999999999999, "10X0010": 5.29, "10X0011": 5.32, "11X1011": 5.145, "11X0101": 5.13, "10X1101": 5.375, "10X1011": 5.324999999999999, "11X0011": 5.135, "11X1101": 5.2, "10X0101": 5.345000000000001, "10X0100": 5.44, "11X1100": 5.285, "11X0010": 5.165, "10X1010": 5.36, "11X1110": 5.1850000000000005, "10X0110": 5.18, "10X1000": 5.484999999999999, "11X0000": 5.175, "11X0001": 5.0649999999999995, "10X1001": 5.225, "10X0111": 5.115, "11X1111": 5.13, "11X1001": 5.08, "10X0001": 5.285, "10X1111": 5.09, "11X0111": 5.135, "11X0110": 5.1899999999999995, "10X1110": 5.24, "10X0000": 5.390000000000001, "11X1000": 5.210000000000001, "00X0111": 5.17, "01X1111": 5.2, "01X0001": 5.1899999999999995, "00X1001": 5.355, "00X1000": 5.47, "01X0000": 5.29, "01X1110": 5.220000000000001, "00X0110": 5.175000000000001, "00X0000": 5.545, "01X1000": 5.365, "01X0110": 5.21, "00X1110": 5.17, "00X1111": 5.185, "01X0111": 5.130000000000001, "01X1001": 5.175000000000001, "00X0001": 5.295}