{"01X0101": 30.585, "00X1101": 29.805, "00X0011": 30.235, "01X1011": 28.75, "01X1010": 29.134999999999998, "00X0010": 30.814999999999998, "00X1100": 29.025, "01X0100": 30.310000000000002, "01X0010": 29.18, "00X1010": 30.825000000000003, "00X0100": 28.93, "01X1100": 30.25, "01X1101": 30.595, "00X0101": 29.795, "00X1011": 30.285, "01X0011": 28.744999999999997, "10X1100": 27.065, "11X0100": 30.39, "11X1010": 29.58, "10X0010": 29.67, "10X0011": 29.725, "11X1011": 28.634999999999998, "11X0101": 31.825, "10X1101": 31.05, "10X1011": 29.595, "11X0011": 28.435000000000002, "11X1101": 31.64, "10X0101": 30.845, "10X0100": 27.490000000000002, "11X1100": 30.435000000000002, "11X0010": 29.66, "10X1010": 29.619999999999997, "11X1110": 29.27, "10X0110": 28.869999999999997, "10X1000": 26.89, "11X0000": 29.689999999999998, "11X0001": 32.36, "10X1001": 30.279999999999998, "10X0111": 28.845, "11X1111": 27.784999999999997, "11X1001": 31.975, "10X0001": 30.455000000000002, "10X1111": 29.005, "11X0111": 27.855, "11X0110": 29.23, "10X1110": 28.82, "10X0000": 26.98, "11X1000": 29.855, "00X0111": 28.845, "01X1111": 27.700000000000003, "01X0001": 30.71, "00X1001": 29.795, "00X1000": 28.02, "01X0000": 30.085, "01X1110": 28.564999999999998, "00X0110": 30.265, "00X0000": 28.0, "01X1000": 29.97, "01X0110": 28.665, "00X1110": 30.215, "00X1111": 28.84, "01X0111": 27.735, "01X1001": 30.61, "00X0001": 29.645}