{"01X0101": 29.785, "00X1101": 28.615000000000002, "00X0011": 30.195, "01X1011": 27.21, "01X1010": 28.005, "00X0010": 29.71, "00X1100": 27.64, "01X0100": 28.905, "01X0010": 28.02, "00X1010": 29.69, "00X0100": 27.67, "01X1100": 28.939999999999998, "01X1101": 29.87, "00X0101": 28.57, "00X1011": 30.29, "01X0011": 27.12, "10X1100": 26.275, "11X0100": 29.255, "11X1010": 28.725, "10X0010": 28.65, "10X0011": 28.090000000000003, "11X1011": 27.465, "11X0101": 30.685000000000002, "10X1101": 29.335, "10X1011": 28.060000000000002, "11X0011": 27.509999999999998, "11X1101": 30.57, "10X0101": 29.365000000000002, "10X0100": 26.25, "11X1100": 29.425, "11X0010": 28.67, "10X1010": 28.6, "11X1110": 28.025, "10X0110": 27.689999999999998, "10X1000": 26.165, "11X0000": 28.825, "11X0001": 30.425, "10X1001": 28.58, "10X0111": 27.57, "11X1111": 27.625, "11X1001": 30.28, "10X0001": 28.735, "10X1111": 27.43, "11X0111": 27.635, "11X0110": 28.185000000000002, "10X1110": 27.675, "10X0000": 26.19, "11X1000": 29.0, "00X0111": 27.494999999999997, "01X1111": 26.02, "01X0001": 29.66, "00X1001": 28.82, "00X1000": 26.73, "01X0000": 28.98, "01X1110": 27.24, "00X0110": 29.255, "00X0000": 27.6, "01X1000": 28.965000000000003, "01X0110": 27.259999999999998, "00X1110": 29.33, "00X1111": 27.445, "01X0111": 26.0, "01X1001": 29.685000000000002, "00X0001": 28.744999999999997}