{"01X0101": 30.93, "00X1101": 29.994999999999997, "00X0011": 31.8, "01X1011": 29.11, "01X1010": 28.85, "00X0010": 30.740000000000002, "00X1100": 28.145000000000003, "01X0100": 29.605, "01X0010": 28.895, "00X1010": 30.689999999999998, "00X0100": 28.134999999999998, "01X1100": 29.595, "01X1101": 30.9, "00X0101": 29.97, "00X1011": 31.924999999999997, "01X0011": 29.15, "10X1100": 27.240000000000002, "11X0100": 29.815, "11X1010": 29.165, "10X0010": 29.8, "10X0011": 29.74, "11X1011": 28.369999999999997, "11X0101": 32.125, "10X1101": 29.53, "10X1011": 29.515, "11X0011": 28.4, "11X1101": 31.55, "10X0101": 29.66, "10X0100": 27.335, "11X1100": 29.799999999999997, "11X0010": 29.244999999999997, "10X1010": 29.775, "11X1110": 28.7, "10X0110": 28.915, "10X1000": 26.6, "11X0000": 29.259999999999998, "11X0001": 31.555, "10X1001": 30.04, "10X0111": 28.6, "11X1111": 27.775, "11X1001": 31.625, "10X0001": 29.975, "10X1111": 28.435000000000002, "11X0111": 27.66, "11X0110": 28.695, "10X1110": 28.925, "10X0000": 26.6, "11X1000": 29.490000000000002, "00X0111": 29.705, "01X1111": 27.405, "01X0001": 31.18, "00X1001": 29.5, "00X1000": 27.81, "01X0000": 29.86, "01X1110": 28.245, "00X0110": 29.83, "00X0000": 27.705, "01X1000": 29.845, "01X0110": 28.205, "00X1110": 29.735, "00X1111": 29.68, "01X0111": 27.48, "01X1001": 30.98, "00X0001": 95.77499999999999}