{"01X0101": 29.064999999999998, "00X1101": 28.29, "00X0011": 30.145, "01X1011": 27.130000000000003, "01X1010": 27.52, "00X0010": 29.689999999999998, "00X1100": 27.095, "01X0100": 28.564999999999998, "01X0010": 27.549999999999997, "00X1010": 29.7, "00X0100": 27.13, "01X1100": 28.52, "01X1101": 29.09, "00X0101": 28.295, "00X1011": 30.22, "01X0011": 27.240000000000002, "10X1100": 25.28, "11X0100": 27.925, "11X1010": 28.145, "10X0010": 27.47, "10X0011": 28.924999999999997, "11X1011": 27.235, "11X0101": 30.645, "10X1101": 27.994999999999997, "10X1011": 29.11, "11X0011": 27.115000000000002, "11X1101": 29.975, "10X0101": 28.02, "10X0100": 25.675, "11X1100": 27.955, "11X0010": 28.14, "10X1010": 27.505000000000003, "11X1110": 27.975, "10X0110": 26.855, "10X1000": 24.855, "11X0000": 27.744999999999997, "11X0001": 30.82, "10X1001": 27.91, "10X0111": 27.240000000000002, "11X1111": 27.15, "11X1001": 30.75, "10X0001": 27.880000000000003, "10X1111": 27.13, "11X0111": 26.66, "11X0110": 27.96, "10X1110": 26.86, "10X0000": 24.825, "11X1000": 27.740000000000002, "00X0111": 27.775, "01X1111": 26.295, "01X0001": 28.96, "00X1001": 28.32, "00X1000": 26.32, "01X0000": 28.065, "01X1110": 26.619999999999997, "00X0110": 28.25, "00X0000": 26.305, "01X1000": 28.009999999999998, "01X0110": 26.630000000000003, "00X1110": 28.275, "00X1111": 27.71, "01X0111": 26.21, "01X1001": 28.96, "00X0001": 28.285}