{"01X0101": 29.61, "00X1101": 28.715, "00X0011": 29.435, "01X1011": 27.314999999999998, "01X1010": 27.625, "00X0010": 29.82, "00X1100": 27.35, "01X0100": 29.0, "01X0010": 27.64, "00X1010": 29.625, "00X0100": 27.37, "01X1100": 29.03, "01X1101": 29.66, "00X0101": 28.799999999999997, "00X1011": 29.245, "01X0011": 27.46, "10X1100": 25.695, "11X0100": 29.47, "11X1010": 28.95, "10X0010": 28.31, "10X0011": 29.060000000000002, "11X1011": 27.665, "11X0101": 30.645, "10X1101": 29.225, "10X1011": 29.205, "11X0011": 27.78, "11X1101": 30.765, "10X0101": 29.035, "10X0100": 26.03, "11X1100": 29.39, "11X0010": 28.994999999999997, "10X1010": 28.305, "11X1110": 28.21, "10X0110": 26.985, "10X1000": 25.915, "11X0000": 28.82, "11X0001": 31.3, "10X1001": 28.935, "10X0111": 27.485, "11X1111": 27.035, "11X1001": 31.175, "10X0001": 28.93, "10X1111": 27.48, "11X0111": 27.200000000000003, "11X0110": 28.12, "10X1110": 27.064999999999998, "10X0000": 25.775, "11X1000": 28.75, "00X0111": 27.67, "01X1111": 26.485, "01X0001": 30.615, "00X1001": 28.729999999999997, "00X1000": 26.94, "01X0000": 28.25, "01X1110": 27.244999999999997, "00X0110": 28.835, "00X0000": 26.975, "01X1000": 28.275, "01X0110": 27.205, "00X1110": 28.755, "00X1111": 27.65, "01X0111": 26.450000000000003, "01X1001": 30.17, "00X0001": 28.795}