{"01X0101": 40.65211139303128, "00X1101": 42.03300477226138, "00X0011": 42.036030678742776, "01X1011": 40.04902878134277, "01X1010": 40.17078902889128, "00X0010": 41.910784337357526, "00X1100": 41.24477120448771, "01X0100": 42.20424471068559, "01X0010": 39.789665794154644, "00X1010": 43.445847712126586, "00X0100": 41.280301369671065, "01X1100": 41.57347687527406, "01X1101": 41.95325778718883, "00X0101": 41.94599432207784, "00X1011": 41.89001041383784, "01X0011": 40.72108009154236, "10X1100": 36.02293157626275, "11X0100": 36.47357427310187, "11X1010": 36.62390162145469, "10X0010": 37.709806623167495, "10X0011": 40.59471369902741, "11X1011": 39.10481642451481, "11X0101": 40.655312434741596, "10X1101": 41.288964663473294, "10X1011": 39.91687006582953, "11X0011": 39.34828026810632, "11X1101": 41.286229327028536, "10X0101": 41.8996021558404, "10X0100": 37.24419424283043, "11X1100": 36.11907271097358, "11X0010": 37.00381683325582, "10X1010": 37.426626618848516, "11X1110": 36.63459751488049, "10X0110": 36.47577563126654, "10X1000": 36.521497619440694, "11X0000": 38.03108816881668, "11X0001": 41.314441406108074, "10X1001": 42.7894831547781, "10X0111": 39.02753255418073, "11X1111": 39.6515767447039, "11X1001": 42.0653036450128, "10X0001": 41.0701303723778, "10X1111": 39.31578719584469, "11X0111": 38.35975893517992, "11X0110": 36.89086027082347, "10X1110": 36.60775859081768, "10X0000": 36.85905399954245, "11X1000": 36.74234569496843, "00X0111": 43.38773779181699, "01X1111": 40.10366529664847, "01X0001": 41.31116239626322, "00X1001": 42.563954217286614, "00X1000": 41.412656980745496, "01X0000": 41.25360956704592, "01X1110": 39.57200941055157, "00X0110": 42.07696484757764, "00X0000": 41.76851220818194, "01X1000": 41.61598580170832, "01X0110": 39.384237308488, "00X1110": 43.14174777908796, "00X1111": 43.44716811474413, "01X0111": 39.341689820725875, "01X1001": 41.209511802596325, "00X0001": 44.051407299152146}