{"10X0000": 1.8261628321468477, "01X1111": 1.8451069731590581, "11X1111": 1.8562288589166953, "01X1110": 1.8412933423036435, "11X1110": 1.8153896473619135, "01X1101": 1.861995219800105, "11X1101": 1.864351782557316, "01X1100": 1.8638606183778599, "11X1100": 1.8191833613857433, "01X1011": 1.8449462679689979, "11X1011": 1.8509266028054618, "01X1010": 1.850919724964044, "11X1010": 1.8237528833981482, "01X1001": 1.8569243476930581, "11X1001": 1.8596487979780936, "01X1000": 1.8647845323747685, "11X1000": 1.8223206312341396, "01X0111": 1.8479971460854019, "11X0111": 1.8284627172940042, "01X0110": 1.8447833744603894, "11X0110": 1.8171769535099496, "01X0101": 1.8580445466168758, "11X0101": 1.8595101068895006, "01X0100": 1.868596436348812, "11X0100": 1.8224970635033308, "11X0011": 1.8313701934339277, "01X0011": 1.8463550703270526, "01X0010": 1.8469516864520688, "11X0010": 1.8158766444219885, "01X0001": 1.8579411699429111, "11X0001": 1.8580633920122862, "01X0000": 1.8631280163246677, "11X0000": 1.8217578527022007, "00X1111": 1.8534732952411037, "10X1111": 1.8806688285911701, "00X1110": 1.8628525081233873, "10X1110": 1.8266182115647562, "00X1101": 1.8634305358876317, "10X1101": 1.852277271767289, "00X1100": 1.8630136279241343, "10X1100": 1.8214706959531215, "00X1011": 1.8590839697271568, "10X1011": 1.8604205282230835, "00X1010": 1.8595197794205078, "10X1010": 1.8185008665502504, "00X1001": 1.8654194695426747, "10X1001": 1.8568197778507423, "00X1000": 1.8572452362082297, "10X1000": 1.8311516899627305, "00X0111": 1.858008624170454, "10X0111": 1.8584622474054204, "00X0110": 1.8610573130169117, "10X0110": 1.8284652253832154, "00X0101": 1.861079895913627, "10X0101": 1.8585123541003776, "00X0100": 1.8669068730005831, "10X0100": 1.8272062102034683, "00X0011": 1.875141353578739, "10X0011": 1.8627222887733237, "00X0010": 1.8706192714531626, "10X0010": 1.8331229893829972, "00X0001": 1.8703739425744357, "10X0001": 1.8562028475854189, "00X0000": 1.8700627014086932}