{"01X0101": 40.62072728125072, "00X1101": 42.327177712763586, "00X0011": 40.63567803748216, "01X1011": 40.214083221502165, "01X1010": 38.60447756303306, "00X0010": 40.9396988845708, "00X1100": 42.05350299581875, "01X0100": 41.07340715787858, "01X0010": 39.69849671109957, "00X1010": 41.37218808172028, "00X0100": 40.33626644328686, "01X1100": 40.755194963985424, "01X1101": 40.19227992025908, "00X0101": 41.52664978652599, "00X1011": 40.53074000472934, "01X0011": 38.86606771219478, "10X1100": 35.96432046852685, "11X0100": 35.76815898756977, "11X1010": 34.99448126503369, "10X0010": 37.81424480639292, "10X0011": 40.1808624713038, "11X1011": 41.8220570262136, "11X0101": 40.11951847292207, "10X1101": 40.78994147098697, "10X1011": 38.639433020872964, "11X0011": 39.57117989722019, "11X1101": 39.7731392610896, "10X0101": 39.46431453885664, "10X0100": 36.342912956621745, "11X1100": 35.407394185466586, "11X0010": 35.69147824971627, "10X1010": 35.59736885712438, "11X1110": 35.24921876384724, "10X0110": 36.67196933960942, "10X1000": 36.87102088218773, "11X0000": 39.57485643977056, "11X0001": 41.02401776527764, "10X1001": 40.55390700877067, "10X0111": 38.45868933244252, "11X1111": 45.952813379809186, "11X1001": 40.548732440900125, "10X0001": 39.80429350558985, "10X1111": 37.80537809692376, "11X0111": 39.532258059859615, "11X0110": 36.04839363420453, "10X1110": 35.74432210017952, "10X0000": 39.365869303814776, "11X1000": 38.35697464678904, "00X0111": 40.52647840721873, "01X1111": 38.590608628240865, "01X0001": 40.03778384027551, "00X1001": 41.96260010581387, "00X1000": 42.55206893171464, "01X0000": 40.48499678642489, "01X1110": 39.82473923348712, "00X0110": 41.244024609202995, "00X0000": 40.798278390502944, "01X1000": 41.00826862182821, "01X0110": 39.647235434062736, "00X1110": 41.25240531004187, "00X1111": 46.269788640939055, "01X0111": 39.23294259800589, "01X1001": 40.55443005430199, "00X0001": 41.7445747029704}