{"01X0101": 1.8545552926882758, "00X1101": 1.860614622405536, "00X0011": 1.8479698388963621, "01X1011": 1.85032826217916, "01X1010": 1.8335547496267277, "00X0010": 1.8504745863932859, "00X1100": 1.8635165298986704, "01X0100": 1.855081265593339, "01X0010": 1.8354794368599872, "00X1010": 1.8539527389784696, "00X0100": 1.8511233714447517, "01X1100": 1.8512032581559197, "01X1101": 1.8497724867363243, "00X0101": 1.8546768568428091, "00X1011": 1.8471890927415033, "01X0011": 1.8410382417381093, "10X1100": 1.816122598979631, "11X0100": 1.809962921403721, "11X1010": 1.802430660602651, "10X0010": 1.8295257061422676, "10X0011": 1.8563548114624724, "11X1011": 1.8443231976164016, "11X0101": 1.8526057649507077, "10X1101": 1.858454771442829, "10X1011": 1.849933977812639, "11X0011": 1.8422116800214445, "11X1101": 1.8493042903032386, "10X0101": 1.8545749195706747, "10X0100": 1.819760139130721, "11X1100": 1.8063062092434035, "11X0010": 1.8087675053365877, "10X1010": 1.8145701257328963, "11X1110": 1.8035155079339227, "10X0110": 1.822812077945907, "10X1000": 1.8239195625580253, "11X0000": 1.8403104350474484, "11X0001": 1.8531649516340662, "10X1001": 1.8514892064478268, "10X0111": 1.8498320781320272, "11X1111": 1.8498551974504918, "11X1001": 1.8484213749566079, "10X0001": 1.8484034296095433, "10X1111": 1.8450358915542233, "11X0111": 1.841612817541558, "11X0110": 1.8125310703470574, "10X1110": 1.8130480999472547, "10X0000": 1.8416382780192015, "11X1000": 1.8301322564640912, "00X0111": 1.8474579087434098, "01X1111": 1.8386427257508502, "01X0001": 1.847285578717036, "00X1001": 1.8575303908114877, "00X1000": 1.8687190587194764, "01X0000": 1.8509858601059308, "01X1110": 1.841522218363869, "00X0110": 1.853114733340643, "00X0000": 1.8564387117772796, "01X1000": 1.8539957819339818, "01X0110": 1.8403841646349313, "00X1110": 1.8532357152408054, "00X1111": 1.888006695073889, "01X0111": 1.8421448679861012, "01X1001": 1.8502189163458613, "00X0001": 1.8565138856746604}