{"01X0101": 1.866009797697565, "00X1101": 1.8598858955041189, "00X0011": 1.8588972360103946, "01X1011": 1.8527177432554969, "01X1010": 1.8497178827072318, "00X0010": 1.8581642725625294, "00X1100": 1.8499845792218945, "01X0100": 1.865646692894264, "01X0010": 1.855855559073527, "00X1010": 1.8631220115302836, "00X0100": 1.8514313172584298, "01X1100": 1.8649378852150895, "01X1101": 1.8649463133463051, "00X0101": 1.860835554019828, "00X1011": 1.8610421936464467, "01X0011": 1.8593115286631146, "10X1100": 1.8249751745603997, "11X0100": 1.8183128587511341, "11X1010": 1.8441781531581993, "10X0010": 1.8323847577154608, "10X0011": 1.8627009848601712, "11X1011": 1.8545663826004244, "11X0101": 1.8644198875119424, "10X1101": 1.8622280117261383, "10X1011": 1.842907809969897, "11X0011": 1.8610045329653728, "11X1101": 1.8533427391444346, "10X0101": 1.8486585421375337, "10X0100": 1.8186796721267426, "11X1100": 1.8190021136996184, "11X0010": 1.8333823477887548, "10X1010": 1.8258284968106537, "11X1110": 1.8605720215506047, "10X0110": 1.8262240745487084, "10X1000": 1.8334545008861425, "11X0000": 1.8232663755469762, "11X0001": 1.867330748146689, "10X1001": 1.863327368859577, "10X0111": 1.8645584191080298, "11X1111": 1.8613513278481135, "11X1001": 1.8619030991003442, "10X0001": 1.8628117470913514, "10X1111": 1.8378113663544187, "11X0111": 1.8614129559909491, "11X0110": 1.8414242963525134, "10X1110": 1.828573188261025, "10X0000": 1.8187266813785494, "11X1000": 1.8244073631552669, "00X0111": 1.862814811673723, "01X1111": 1.8568663957936429, "01X0001": 1.8619365086177604, "00X1001": 1.8645962662746869, "00X1000": 1.862858998844486, "01X0000": 1.864958446539517, "01X1110": 1.855189386051306, "00X0110": 1.855976427497291, "00X0000": 1.8513324357479781, "01X1000": 1.853250607276554, "01X0110": 1.8599448339629587, "00X1110": 1.8613894490291334, "00X1111": 1.8621103095378624, "01X0111": 1.853941699200341, "01X1001": 1.8594547642883876, "00X0001": 1.8629612935148407}