{"01X0101": 1.8626326761189094, "00X1101": 1.8621415989657883, "00X0011": 1.8669401346600423, "01X1011": 1.8425265423611585, "01X1010": 1.8645194597887178, "00X0010": 1.869904800681923, "00X1100": 1.8621239176271192, "01X0100": 1.8577018848677618, "01X0010": 1.8431848090158693, "00X1010": 1.863039500819446, "00X0100": 1.8552348304378097, "01X1100": 1.8536265743000655, "01X1101": 1.867507767715624, "00X0101": 1.860576714199627, "00X1011": 1.8693174869846219, "01X0011": 1.8597526083732339, "10X1100": 1.8252577837970914, "11X0100": 1.8268267126113202, "11X1010": 1.859925207128631, "10X0010": 1.8561633617673965, "10X0011": 1.8649330603206322, "11X1011": 1.8608229754816148, "11X0101": 1.8412383565460035, "10X1101": 1.8490725340763012, "10X1011": 1.8640172454137824, "11X0011": 1.8620198326121287, "11X1101": 1.8687619974100467, "10X0101": 1.8300905035799317, "10X0100": 1.8246694794977638, "11X1100": 1.8254302672222504, "11X0010": 1.8655596266689674, "10X1010": 1.8547183898242496, "11X1110": 1.8681290865364146, "10X0110": 1.8365758493381756, "10X1000": 1.8287999329186444, "11X0000": 1.8279167804751408, "11X0001": 1.869160468903124, "10X1001": 1.8470782999588342, "10X0111": 1.8677482952981102, "11X1111": 1.8639880505616309, "11X1001": 1.866289325073633, "10X0001": 1.8304073847220896, "10X1111": 1.8673141021062691, "11X0111": 1.862701054437874, "11X0110": 1.8629964357742095, "10X1110": 1.8393868904124213, "10X0000": 1.8266669380514473, "11X1000": 1.8318840132835963, "00X0111": 1.8644463698910951, "01X1111": 1.8426010659087337, "01X0001": 1.868203787509557, "00X1001": 1.866960144570419, "00X1000": 1.8555299860734098, "01X0000": 1.8553670226271413, "01X1110": 1.8587617383564536, "00X0110": 1.8670795494771002, "00X0000": 1.8538704099933994, "01X1000": 1.8603711497989617, "01X0110": 1.8613973269470023, "00X1110": 1.8474939456215842, "00X1111": 1.8521484814972655, "01X0111": 1.8656587127836697, "01X1001": 1.8691395391532852, "00X0001": 1.8626033612003057}