{"01X0101": 39.3249993143522, "00X1101": 40.341758659880284, "00X0011": 42.11539870829255, "01X1011": 40.07565684409789, "01X1010": 38.0323221051801, "00X0010": 44.701335865998274, "00X1100": 49.88399206608804, "01X0100": 39.491286269450754, "01X0010": 40.290292663723015, "00X1010": 43.997233636288286, "00X0100": 52.119821859289885, "01X1100": 39.74845998223451, "01X1101": 39.863337302694035, "00X0101": 39.5103371141911, "00X1011": 41.820547401028236, "01X0011": 39.8999797444082, "10X1100": 61.037588421049406, "11X0100": 36.42183192687449, "11X1010": 38.65704596892395, "10X0010": 57.4703983636269, "10X0011": 52.11121586684906, "11X1011": 40.070815416048866, "11X0101": 36.23624835754464, "10X1101": 47.64153187928641, "10X1011": 52.73030382015824, "11X0011": 40.4111986593432, "11X1101": 37.97817476669, "10X0101": 45.15209030537038, "10X0100": 60.54407718235143, "11X1100": 35.68459014302098, "11X0010": 36.28670024891913, "10X1010": 55.708541054666426, "11X1110": 39.13287493739764, "10X0110": 57.290137197673545, "10X1000": 48.65627312268035, "11X0000": 36.10644974210854, "11X0001": 37.68573797786401, "10X1001": 47.60751173456585, "10X0111": 50.550055515119936, "11X1111": 40.29024000501036, "11X1001": 40.077437350902244, "10X0001": 46.558921082456514, "10X1111": 53.31281258416732, "11X0111": 39.72225425013619, "11X0110": 42.13215281112168, "10X1110": 57.66932230272662, "10X0000": 65.0279944190496, "11X1000": 35.93654812779558, "00X0111": 41.54788887843982, "01X1111": 40.93511209802719, "01X0001": 39.795188575755105, "00X1001": 40.7378324457892, "00X1000": 52.594406733266695, "01X0000": 39.328846511024835, "01X1110": 39.30397611124324, "00X0110": 44.406338889980574, "00X0000": 52.32432085042243, "01X1000": 39.33711113783614, "01X0110": 40.402182076641694, "00X1110": 44.33928261490094, "00X1111": 41.50857780529854, "01X0111": 39.96110994642466, "01X1001": 39.80700891053422, "00X0001": 40.74198807572681}