{"01X0101": 1.8568510835205962, "00X1101": 1.8659622829905822, "00X0011": 1.8609629225271256, "01X1011": 1.8379603156890916, "01X1010": 1.842307352824701, "00X0010": 1.8605488522941338, "00X1100": 1.8500444531443985, "01X0100": 1.853337210011771, "01X0010": 1.8367883200663297, "00X1010": 1.860197157795344, "00X0100": 1.8784387219481875, "01X1100": 1.8537993536964539, "01X1101": 1.8562726629026136, "00X0101": 1.8685571675548285, "00X1011": 1.8502645267624922, "01X0011": 1.8153163128684762, "10X1100": 1.8358803609946306, "11X0100": 1.8190089634271591, "11X1010": 1.8040016146038707, "10X0010": 1.8280456740130724, "10X0011": 1.8511947431819338, "11X1011": 1.8364631103100417, "11X0101": 1.8571132401852122, "10X1101": 1.8651319895329332, "10X1011": 1.8507243607569355, "11X0011": 1.8388602947996886, "11X1101": 1.855961719505021, "10X0101": 1.8559443557550097, "10X0100": 1.8158152110093022, "11X1100": 1.8115898450295007, "11X0010": 1.8137337030884495, "10X1010": 1.819632618295813, "11X1110": 1.8050864822628876, "10X0110": 1.8255781158174655, "10X1000": 1.8179203370347068, "11X0000": 1.8368822476113489, "11X0001": 1.852582161555031, "10X1001": 1.862942187570606, "10X0111": 1.85667421904891, "11X1111": 1.8592261498608629, "11X1001": 1.8582763199638719, "10X0001": 1.8563790375611662, "10X1111": 1.8698843250854575, "11X0111": 1.8365340857079406, "11X0110": 1.8149915009352688, "10X1110": 1.8224853861809018, "10X0000": 1.8198190845840625, "11X1000": 1.8190235220513453, "00X0111": 1.8635620591086512, "01X1111": 1.8457237832975275, "01X0001": 1.8518410840665616, "00X1001": 1.8560619592811833, "00X1000": 1.8590439108617687, "01X0000": 1.8524043293334196, "01X1110": 1.8365619674192157, "00X0110": 1.8750631843006067, "00X0000": 1.8709023379403409, "01X1000": 1.8544081448534797, "01X0110": 1.839570662584692, "00X1110": 1.8627268173889235, "00X1111": 1.8586540394397728, "01X0111": 1.8416647224403082, "01X1001": 1.851801656276145, "00X0001": 1.8565940907832619}