{"01X0101": 1.8698377073124262, "00X1101": 1.862509827933943, "00X0011": 1.8608557210821863, "01X1011": 1.8546276654647493, "01X1010": 1.8570707564041076, "00X0010": 1.864742357003038, "00X1100": 1.855761064045899, "01X0100": 1.8653599972423045, "01X0010": 1.8538929900663468, "00X1010": 1.86621239587634, "00X0100": 1.8593635067994914, "01X1100": 1.8562735832633914, "01X1101": 1.8682952690631525, "00X0101": 1.8657980189251766, "00X1011": 1.868118470769396, "01X0011": 1.8589277452325335, "10X1100": 1.8206786660778325, "11X0100": 1.8241533720853509, "11X1010": 1.843398604056627, "10X0010": 1.8410671010027668, "10X0011": 1.8720131174512518, "11X1011": 1.8713772381883416, "11X0101": 1.8477467406573531, "10X1101": 1.8453104269891392, "10X1011": 1.8661295008310144, "11X0011": 1.8813695952681257, "11X1101": 1.8650324841379216, "10X0101": 1.8432295336423843, "10X0100": 1.8173347658737833, "11X1100": 1.821744244788515, "11X0010": 1.85099981268817, "10X1010": 1.8537715587269374, "11X1110": 1.850023300174612, "10X0110": 1.8433217800340855, "10X1000": 1.8239144307397521, "11X0000": 1.8301916676788115, "11X0001": 1.8637070032617575, "10X1001": 1.8319054837475708, "10X0111": 1.8632071517824897, "11X1111": 1.8690914067800721, "11X1001": 1.8670512956804957, "10X0001": 1.8445236242661067, "10X1111": 1.864769434495547, "11X0111": 1.8628396813024115, "11X0110": 1.8504297456682286, "10X1110": 1.8310004671834865, "10X0000": 1.8243357218724872, "11X1000": 1.8197236437272202, "00X0111": 1.8743790779536285, "01X1111": 1.858351659525531, "01X0001": 1.8675194922271041, "00X1001": 1.8662254337183781, "00X1000": 1.85907297627429, "01X0000": 1.8648974674022125, "01X1110": 1.8661491064568545, "00X0110": 1.8627133488800878, "00X0000": 1.8642211756877396, "01X1000": 1.8762338225293358, "01X0110": 1.8675223893731587, "00X1110": 1.8618129659990528, "00X1111": 1.863114891628948, "01X0111": 1.8538182728740602, "01X1001": 1.86782554246526, "00X0001": 1.8648316132605398}