{"01X0101": 1.8544628046375986, "00X1101": 1.859566724816825, "00X0011": 1.8592038811543636, "01X1011": 1.8493345958165666, "01X1010": 1.8486773749058423, "00X0010": 1.8587886835332825, "00X1100": 1.8579365223287887, "01X0100": 1.8646252317294407, "01X0010": 1.8449531756702808, "00X1010": 1.8700736874319899, "00X0100": 1.8635864689838377, "01X1100": 1.8595019974610072, "01X1101": 1.8637617115184901, "00X0101": 1.8589155628460337, "00X1011": 1.858418616927668, "01X0011": 1.8554112031300685, "10X1100": 1.8197103020590122, "11X0100": 1.816837834827103, "11X1010": 1.8175048482514042, "10X0010": 1.830238159226869, "10X0011": 1.861950350545509, "11X1011": 1.8468312156448063, "11X0101": 1.8561765154940704, "10X1101": 1.8631754970040764, "10X1011": 1.8551784975693884, "11X0011": 1.8467270805411304, "11X1101": 1.8612460117444325, "10X0101": 1.8673686238711489, "10X0100": 1.8308055551486349, "11X1100": 1.8138371799266162, "11X0010": 1.8210327903940513, "10X1010": 1.833626989428613, "11X1110": 1.8181002679468143, "10X0110": 1.821784729054504, "10X1000": 1.8210878714914933, "11X0000": 1.8293391501621294, "11X0001": 1.8565404723919268, "10X1001": 1.8726595386339593, "10X0111": 1.8565850610225758, "11X1111": 1.8523657094844395, "11X1001": 1.861697661917328, "10X0001": 1.8581782286478568, "10X1111": 1.8547821253438146, "11X0111": 1.8453650427414208, "11X0110": 1.8204779637007724, "10X1110": 1.8247796326260226, "10X0000": 1.8263929929439588, "11X1000": 1.8190099735007723, "00X0111": 1.869524133896463, "01X1111": 1.853687079693007, "01X0001": 1.8578310931976738, "00X1001": 1.8631274001943785, "00X1000": 1.8622557681937386, "01X0000": 1.8588362547506627, "01X1110": 1.844531881344437, "00X0110": 1.860558629143632, "00X0000": 1.8625625267634565, "01X1000": 1.861268845634867, "01X0110": 1.843225017438494, "00X1110": 1.8609376032718457, "00X1111": 1.8699686097138681, "01X0111": 1.84650668518215, "01X1001": 1.8557859581493035, "00X0001": 1.873776782690034}