{"10X0000": 1.8320018624902872, "01X1111": 1.8678343042022194, "01X1110": 1.8598263416046588, "01X1101": 1.8669921956204436, "01X1100": 1.862420469626343, "01X1011": 1.8631228852652786, "01X1010": 1.8499417323126717, "01X1001": 1.8659473560736115, "01X1000": 1.8601368187452556, "01X0111": 1.8637233422507888, "01X0110": 1.8662349764987454, "01X0101": 1.8608790596360618, "01X0100": 1.8602335737162567, "01X0011": 1.8638120346361846, "01X0010": 1.8652199831679708, "01X0001": 1.8642161582826005, "01X0000": 1.8593090130859387, "00X1111": 1.8717979866893395, "00X1110": 1.8727558691887305, "00X1101": 1.863109758808522, "00X1100": 1.8573144138915874, "00X1011": 1.8744714203103396, "00X1010": 1.8765771750080444, "00X1001": 1.8662769019856524, "00X1000": 1.8626105766627195, "00X0111": 1.8714899061826267, "00X0110": 1.8721623537411907, "00X0101": 1.8559574186552448, "00X0100": 1.859432709315933, "11X1111": 1.8668861113981148, "11X1110": 1.8502136032103391, "11X1101": 1.8509373126555624, "00X0011": 1.875745046229079, "11X1100": 1.8235984654904973, "11X1011": 1.8669653392040861, "11X1010": 1.848400953300605, "00X0010": 1.8739067414834358, "11X1001": 1.8634133592909605, "11X1000": 1.8251433752111828, "11X0111": 1.8619158471758115, "11X0110": 1.8717050605131584, "00X0001": 1.8656777972685055, "11X0101": 1.8364680217405955, "11X0100": 1.8281767074617252, "11X0011": 1.8644546031507945, "00X0000": 1.8567742901927247, "11X0010": 1.8276154165178347, "11X0001": 1.842751120534181, "11X0000": 1.8254803721322297, "10X1111": 1.8725366116323388, "10X1110": 1.8609168006386279, "10X1101": 1.8502258903162072, "10X1100": 1.8270704488542582, "10X1011": 1.873488916164618, "10X1010": 1.8532271778073937, "10X1001": 1.8506644631127356, "10X1000": 1.8291115094213897, "10X0111": 1.8701992754959456, "10X0110": 1.8410604070964962, "10X0101": 1.829493605940928, "10X0100": 1.8229670956330923, "10X0011": 1.8755525981991283, "10X0010": 1.8576150373940767, "10X0001": 1.8323962735123605}