{"01X0101": 41.199283525619435, "00X1101": 42.786079234655745, "00X0011": 44.50642351719455, "01X1011": 39.69409841524548, "01X1010": 40.53144606615832, "00X0010": 43.772078379030205, "00X1100": 41.80332659547018, "01X0100": 42.973769071467366, "01X0010": 40.01051752657311, "00X1010": 42.24884681885589, "00X0100": 42.21793768077107, "01X1100": 43.46866287688478, "01X1101": 41.99832932931264, "00X0101": 42.471316814962336, "00X1011": 42.25915805444643, "01X0011": 39.75220107566493, "10X1100": 36.48349210250394, "11X0100": 37.28492657833085, "11X1010": 37.53917815209017, "10X0010": 38.17098528160565, "10X0011": 41.095200592285096, "11X1011": 40.328808962369685, "11X0101": 41.17243624276266, "10X1101": 39.589564584307325, "10X1011": 40.36722889248723, "11X0011": 37.58469036753347, "11X1101": 41.7693089589021, "10X0101": 40.386017359368836, "10X0100": 37.241093910620975, "11X1100": 36.87443321417257, "11X0010": 36.556671338014056, "10X1010": 36.19305216723047, "11X1110": 36.525282883016885, "10X0110": 37.47487529745847, "10X1000": 37.6573424062133, "11X0000": 37.203526365997504, "11X0001": 41.72739342006528, "10X1001": 41.26770753917844, "10X0111": 39.248893684412764, "11X1111": 40.716251584565285, "11X1001": 41.89832896398231, "10X0001": 40.542915815910874, "10X1111": 42.67532041272082, "11X0111": 36.68548549862456, "11X0110": 36.682962151182835, "10X1110": 37.48342672018579, "10X0000": 36.825758298930545, "11X1000": 37.2142590498148, "00X0111": 42.0819366722242, "01X1111": 39.314442532171746, "01X0001": 41.665189484313345, "00X1001": 43.09752136564505, "00X1000": 41.23183176289852, "01X0000": 42.167586290937905, "01X1110": 39.37225930251752, "00X0110": 42.45900624071231, "00X0000": 43.04065702760849, "01X1000": 42.328611723162496, "01X0110": 39.76996194698752, "00X1110": 42.63137941145176, "00X1111": 41.455909210125625, "01X0111": 39.74278722981999, "01X1001": 41.53244200923423, "00X0001": 43.814727106684785}