{"01X0101": 40.40576469257881, "00X1101": 41.61038892998714, "00X0011": 41.248224901059146, "01X1011": 40.799166324935605, "01X1010": 41.47423179229118, "00X0010": 45.13239417469646, "00X1100": 49.471381589503764, "01X0100": 40.487943804256886, "01X0010": 40.30304785715446, "00X1010": 44.12777271281808, "00X0100": 50.45738309313896, "01X1100": 40.85759000793154, "01X1101": 40.41563246168512, "00X0101": 40.486873413635614, "00X1011": 41.30794368364673, "01X0011": 39.935976458831526, "10X1100": 54.539974036021036, "11X0100": 38.79879115549684, "11X1010": 39.37851996480278, "10X0010": 54.806380128630956, "10X0011": 48.871172320363755, "11X1011": 40.03876887520579, "11X0101": 39.50197063797606, "10X1101": 50.92681859738529, "10X1011": 48.457536955211, "11X0011": 40.95051569299457, "11X1101": 40.622688385494115, "10X0101": 48.3368509834811, "10X0100": 53.43004382450678, "11X1100": 36.24262219319366, "11X0010": 39.42340016460942, "10X1010": 54.01679980255028, "11X1110": 42.246149285720406, "10X0110": 51.90826237960669, "10X1000": 54.882489531487934, "11X0000": 37.0170243765952, "11X0001": 41.78788981959209, "10X1001": 47.36228842663178, "10X0111": 49.016402011189925, "11X1111": 40.0632761017385, "11X1001": 40.90423743154189, "10X0001": 48.73646781482876, "10X1111": 48.16257673424671, "11X0111": 41.17023377737671, "11X0110": 41.279951580098796, "10X1110": 53.98966458343577, "10X0000": 53.4385500100118, "11X1000": 37.08176541938059, "00X0111": 41.59153430407295, "01X1111": 42.51250892171764, "01X0001": 41.020809325438776, "00X1001": 40.06229037403598, "00X1000": 50.79848211550309, "01X0000": 41.108309609951405, "01X1110": 41.79601609817516, "00X0110": 44.74687163571669, "00X0000": 49.92759944239532, "01X1000": 40.88539170916796, "01X0110": 42.11462000244531, "00X1110": 43.2716298518033, "00X1111": 42.35075343657755, "01X0111": 41.55460672131195, "01X1001": 39.93071213190996, "00X0001": 40.28205882770805}