{"01X0101": 40.41715687241486, "00X1101": 40.320680275586824, "00X0011": 40.190782860789525, "01X1011": 38.85713690744394, "01X1010": 39.076316607906485, "00X0010": 43.19152568850734, "00X1100": 47.560070406528816, "01X0100": 40.364227137338325, "01X0010": 38.95576182572388, "00X1010": 42.80495667549903, "00X0100": 49.4118136197208, "01X1100": 39.10012569979338, "01X1101": 40.252678593661244, "00X0101": 40.793504336589045, "00X1011": 41.00733284776885, "01X0011": 39.593595610976905, "10X1100": 49.9265024507753, "11X0100": 35.85028894377278, "11X1010": 38.04998004738309, "10X0010": 48.96761831582272, "10X0011": 51.77394220393844, "11X1011": 40.8450821462459, "11X0101": 37.88875314410146, "10X1101": 45.9218434971234, "10X1011": 46.37693049956977, "11X0011": 42.71970476288746, "11X1101": 39.83649169741669, "10X0101": 46.025945940758504, "10X0100": 53.05186394228596, "11X1100": 35.69229119488547, "11X0010": 39.20315968838196, "10X1010": 48.915260272493384, "11X1110": 38.95727984449412, "10X0110": 47.147146627382526, "10X1000": 51.5066768724474, "11X0000": 36.547578762294634, "11X0001": 40.69345401261279, "10X1001": 44.97627696535999, "10X0111": 46.59611268844179, "11X1111": 40.1729555946581, "11X1001": 40.60295290041052, "10X0001": 48.36692535693379, "10X1111": 47.40792914106571, "11X0111": 39.411778062382794, "11X0110": 39.101718111029975, "10X1110": 45.69822166668478, "10X0000": 55.94252856282371, "11X1000": 35.21712120875407, "00X0111": 41.96540209810834, "01X1111": 39.8033918813002, "01X0001": 40.45092274624147, "00X1001": 40.7815590807575, "00X1000": 48.65572683200065, "01X0000": 40.24328343641586, "01X1110": 40.33433621489562, "00X0110": 43.127917739515524, "00X0000": 51.12473584387087, "01X1000": 41.8212504460507, "01X0110": 40.69158856277812, "00X1110": 42.38057874043541, "00X1111": 40.42791360133532, "01X0111": 38.912941973833895, "01X1001": 40.39478209047689, "00X0001": 40.72486227489213}