{"01X0101": 41.17313816546851, "00X1101": 42.4550487138907, "00X0011": 44.59168238569002, "01X1011": 43.583731514769994, "01X1010": 39.96208714865787, "00X0010": 43.45412307679395, "00X1100": 43.87810857830466, "01X0100": 42.218872517788874, "01X0010": 39.53018856463741, "00X1010": 49.67214017558889, "00X0100": 42.26492425289974, "01X1100": 41.64086090828722, "01X1101": 42.728479968892096, "00X0101": 42.448034589916375, "00X1011": 41.8282515692583, "01X0011": 40.12429918943357, "10X1100": 37.09541452143897, "11X0100": 37.0574555588135, "11X1010": 37.65228991770664, "10X0010": 37.130357996008264, "10X0011": 39.619870836809994, "11X1011": 39.99244546801768, "11X0101": 42.69058298027386, "10X1101": 42.88597391787419, "10X1011": 41.437825349655334, "11X0011": 38.687383931254715, "11X1101": 40.65439592441759, "10X0101": 40.36041901528419, "10X0100": 39.57311628986725, "11X1100": 36.26049737516574, "11X0010": 36.381073363705966, "10X1010": 36.83523751380967, "11X1110": 35.842548680239474, "10X0110": 37.41365316658323, "10X1000": 36.37207710763164, "11X0000": 36.78368504910111, "11X0001": 42.43111753540545, "10X1001": 40.573775477506686, "10X0111": 40.076605476672256, "11X1111": 38.30774413398986, "11X1001": 41.75372449966197, "10X0001": 43.99317769645704, "10X1111": 41.49824034161787, "11X0111": 38.688276089708495, "11X0110": 36.67196880462597, "10X1110": 36.73592974840612, "10X0000": 38.710470621677416, "11X1000": 37.506169621904235, "00X0111": 43.028525125767814, "01X1111": 41.04456134105628, "01X0001": 41.451903498464475, "00X1001": 43.0115643044205, "00X1000": 42.18928671677831, "01X0000": 42.654912094812374, "01X1110": 39.52826174482445, "00X0110": 42.224599022976996, "00X0000": 41.905382011140304, "01X1000": 41.82731005776549, "01X0110": 40.19706000702975, "00X1110": 41.539657904836346, "00X1111": 42.1021230410564, "01X0111": 39.8885232992358, "01X1001": 42.41865634176254, "00X0001": 42.0229704666108}