{"01X0101": 1.854264449196151, "00X1101": 1.8601447098245525, "00X0011": 1.875819061310279, "01X1011": 1.872676794525281, "01X1010": 1.845561088126526, "00X0010": 1.8681382594502087, "00X1100": 1.8751925286463678, "01X0100": 1.8629730335491308, "01X0010": 1.8415108030631449, "00X1010": 1.9084207694625455, "00X0100": 1.8637959474275378, "01X1100": 1.8576233873398698, "01X1101": 1.8658508996795307, "00X0101": 1.8601421130343754, "00X1011": 1.855776393390479, "01X0011": 1.8473117216964297, "10X1100": 1.8238126611603467, "11X0100": 1.8197170783741106, "11X1010": 1.824149492050618, "10X0010": 1.8270501065466944, "10X0011": 1.8556484461891007, "11X1011": 1.849819759067933, "11X0101": 1.8684753017650797, "10X1101": 1.880132928686289, "10X1011": 1.8649234600067364, "11X0011": 1.839442318177372, "11X1101": 1.8539571298383462, "10X0101": 1.8548715943876988, "10X0100": 1.84286854489509, "11X1100": 1.812752976997741, "11X0010": 1.8133475470048626, "10X1010": 1.8216131347583056, "11X1110": 1.8089605672179707, "10X0110": 1.8267160134737854, "10X1000": 1.8216712210231871, "11X0000": 1.817097542409994, "11X0001": 1.8618285552891605, "10X1001": 1.8534577057417236, "10X0111": 1.8569236654785195, "11X1111": 1.8398708439976055, "11X1001": 1.8563542050276833, "10X0001": 1.8751812797893501, "10X1111": 1.865302800098055, "11X0111": 1.8445306041864917, "11X0110": 1.8161710698187026, "10X1110": 1.8210871116054457, "10X0000": 1.8382366575674336, "11X1000": 1.8181038854873788, "00X0111": 1.8641831525999581, "01X1111": 1.8566654068357384, "01X0001": 1.854983926935113, "00X1001": 1.8657609681265932, "00X1000": 1.8627846737793559, "01X0000": 1.865382475795219, "01X1110": 1.8412392272063103, "00X0110": 1.8591475766681202, "00X0000": 1.860003069610201, "01X1000": 1.858881403903097, "01X0110": 1.847216537994132, "00X1110": 1.853777949088677, "00X1111": 1.857696823883261, "01X0111": 1.8444542960395336, "01X1001": 1.861268535350016, "00X0001": 1.8601038541755162}