{"01X0101": 41.35726837562247, "00X1101": 42.78175578738228, "00X0011": 42.51154522241975, "01X1011": 38.53724129546268, "01X1010": 39.706527154701256, "00X0010": 42.470666406649435, "00X1100": 40.1241737042893, "01X0100": 41.11774907397819, "01X0010": 38.84704895674764, "00X1010": 42.36513276669154, "00X0100": 44.58704449084337, "01X1100": 41.44793369728508, "01X1101": 41.504619005690714, "00X0101": 43.559911982147895, "00X1011": 41.053609900109834, "01X0011": 35.90070646001335, "10X1100": 38.11986842386465, "11X0100": 36.99603591714363, "11X1010": 35.20865797184632, "10X0010": 37.62865247490736, "10X0011": 39.44171593495109, "11X1011": 38.35390873366017, "11X0101": 41.06006469516014, "10X1101": 41.79569933640371, "10X1011": 38.41843091086088, "11X0011": 38.429100464323554, "11X1101": 40.83323212468143, "10X0101": 40.083966316836396, "10X0100": 35.92273418426254, "11X1100": 36.097876190477464, "11X0010": 36.34456853854836, "10X1010": 36.18985244474338, "11X1110": 35.31607354034599, "10X0110": 37.2027754540747, "10X1000": 36.32770811421128, "11X0000": 39.337098576000145, "11X0001": 41.13352491202941, "10X1001": 41.99113139573271, "10X0111": 39.84542262295703, "11X1111": 40.971085885810865, "11X1001": 41.62721523739448, "10X0001": 41.29460654490123, "10X1111": 41.67688749676013, "11X0111": 38.01070742404058, "11X0110": 36.469471979870065, "10X1110": 37.13464573674675, "10X0000": 36.64604919718985, "11X1000": 37.043353557461145, "00X0111": 42.76329373272625, "01X1111": 40.08330810776653, "01X0001": 40.98726970565897, "00X1001": 41.86288887279804, "00X1000": 41.57888509533677, "01X0000": 40.996966018763246, "01X1110": 38.833609768755466, "00X0110": 44.42701938772292, "00X0000": 43.378701700586404, "01X1000": 41.33886017675776, "01X0110": 39.19182498128042, "00X1110": 42.65438781803905, "00X1111": 42.08904714666049, "01X0111": 38.655489161017755, "01X1001": 40.943837797869385, "00X0001": 41.93421135688867}