{"01X0101": 39.6934192839034, "00X1101": 40.31324409025629, "00X0011": 41.02582354700186, "01X1011": 37.36167932389864, "01X1010": 40.44744094773101, "00X0010": 44.73380348127667, "00X1100": 50.42616663554243, "01X0100": 39.63904499413658, "01X0010": 37.86224720320183, "00X1010": 42.35602701553503, "00X0100": 48.20934502014789, "01X1100": 38.94222342452706, "01X1101": 40.1803920967691, "00X0101": 40.18479598794906, "00X1011": 41.19789989578138, "01X0011": 39.38379078717419, "10X1100": 59.746911747301866, "11X0100": 36.35221056264861, "11X1010": 40.29030788352959, "10X0010": 57.38272230751036, "10X0011": 50.40477064817087, "11X1011": 39.37204957577849, "11X0101": 37.05754125183647, "10X1101": 48.26878858203301, "10X1011": 49.93091813956034, "11X0011": 39.10968836595495, "11X1101": 40.316073263986965, "10X0101": 44.46067944725107, "10X0100": 51.81641977884742, "11X1100": 36.18525959064118, "11X0010": 41.30432619313417, "10X1010": 55.16833462909419, "11X1110": 41.70812487503804, "10X0110": 55.51181444340951, "10X1000": 55.0982062595808, "11X0000": 36.39564818898846, "11X0001": 41.11770973164364, "10X1001": 47.11588633079823, "10X0111": 48.04975407731661, "11X1111": 39.82246788638484, "11X1001": 40.48671769769361, "10X0001": 44.41613796122079, "10X1111": 45.57079080385989, "11X0111": 39.78813698845089, "11X0110": 40.954092488596594, "10X1110": 59.08420658578782, "10X0000": 55.132380879071135, "11X1000": 36.31516619374078, "00X0111": 40.78766981712134, "01X1111": 38.130583215390175, "01X0001": 40.59121746074282, "00X1001": 40.92613991553222, "00X1000": 48.466593635747465, "01X0000": 39.115002449484706, "01X1110": 39.42371395078521, "00X0110": 44.73556690654278, "00X0000": 48.75030753898433, "01X1000": 39.928806684745766, "01X0110": 40.355608614915084, "00X1110": 40.73405070693163, "00X1111": 39.06410705445006, "01X0111": 40.62695149297773, "01X1001": 40.609698830634144, "00X0001": 40.42391882555225}