{"01X0101": 39.91959661680103, "00X1101": 39.8512839067969, "00X0011": 39.813176465025435, "01X1011": 39.050881193851744, "01X1010": 38.517000734864226, "00X0010": 42.05889843957742, "00X1100": 46.50753219890704, "01X0100": 40.44208249368914, "01X0010": 39.17161869778856, "00X1010": 42.98473491740205, "00X0100": 46.923684126054226, "01X1100": 40.105716551642956, "01X1101": 39.619102379732354, "00X0101": 40.00738841114881, "00X1011": 40.030591793831064, "01X0011": 39.54794407068748, "10X1100": 55.73411423810373, "11X0100": 35.280714817985974, "11X1010": 38.10154596188772, "10X0010": 51.886723302664606, "10X0011": 47.174652216123285, "11X1011": 38.12685886465141, "11X0101": 39.509801239162925, "10X1101": 45.99605652020859, "10X1011": 42.529071295562076, "11X0011": 39.89146590464216, "11X1101": 38.15461378033629, "10X0101": 45.00655887837384, "10X0100": 58.40227755752501, "11X1100": 35.13474554934144, "11X0010": 36.886422875114576, "10X1010": 49.52072433632176, "11X1110": 40.11200226827884, "10X0110": 50.20050503705383, "10X1000": 57.86842783605803, "11X0000": 36.028269763766396, "11X0001": 40.67732254621277, "10X1001": 48.352381548381885, "10X0111": 49.82935971518232, "11X1111": 40.00331134025251, "11X1001": 40.46171196501864, "10X0001": 47.799238725801345, "10X1111": 42.87137124593039, "11X0111": 40.043858190995266, "11X0110": 36.81591751263102, "10X1110": 43.95580591554973, "10X0000": 57.4357774953867, "11X1000": 35.71070735124884, "00X0111": 40.531271481123156, "01X1111": 39.7866061421033, "01X0001": 39.61199929654917, "00X1001": 40.44394452283633, "00X1000": 49.2339559827934, "01X0000": 40.49171622813362, "01X1110": 39.98658435371928, "00X0110": 41.97632590898871, "00X0000": 48.001557845584315, "01X1000": 38.71918008108847, "01X0110": 40.06104624792116, "00X1110": 42.482979164733706, "00X1111": 40.14233169831792, "01X0111": 39.291626747821944, "01X1001": 39.221903195243875, "00X0001": 40.30725086544951}