{"01X0101": 1.8707741397543631, "00X1101": 1.8743298499626861, "00X0011": 1.8683386600126057, "01X1011": 1.872060143295784, "01X1010": 1.873544217170894, "00X0010": 1.8730630893614157, "00X1100": 1.8589164108454324, "01X0100": 1.865358230852681, "01X0010": 1.8621433507079779, "00X1010": 1.8723821972638435, "00X0100": 1.8524679357097291, "01X1100": 1.870083344437993, "01X1101": 1.8725116040440835, "00X0101": 1.8647154967994601, "00X1011": 1.872156500647583, "01X0011": 1.8662676319709064, "10X1100": 1.8242133891774364, "11X0100": 1.8433517273973656, "11X1010": 1.8541043211727501, "10X0010": 1.8737429645939585, "10X0011": 1.870967188366465, "11X1011": 1.8687612203267234, "11X0101": 1.8633151173768736, "10X1101": 1.8712264449581757, "10X1011": 1.8739290496204322, "11X0011": 1.8702054101805237, "11X1101": 1.8727853463571122, "10X0101": 1.8500167065341346, "10X0100": 1.8259433998398364, "11X1100": 1.826898703773505, "11X0010": 1.850232169757279, "10X1010": 1.8748798704875203, "11X1110": 1.8738532204659766, "10X0110": 1.857772076526909, "10X1000": 1.8293515326833725, "11X0000": 1.8306986038824324, "11X0001": 1.8753785196790385, "10X1001": 1.8511847046889658, "10X0111": 1.8687645191465694, "11X1111": 1.871597501759486, "11X1001": 1.870362873042591, "10X0001": 1.8466876185488235, "10X1111": 1.868103709803361, "11X0111": 1.8694882891352997, "11X0110": 1.8638979119563768, "10X1110": 1.8729063947046174, "10X0000": 1.8276218787595893, "11X1000": 1.8356509451137537, "00X0111": 1.8695441147542424, "01X1111": 1.8783360923166805, "01X0001": 1.8719083952351543, "00X1001": 1.8596656502144016, "00X1000": 1.858414023122335, "01X0000": 1.8716161646709544, "01X1110": 1.8710777885549315, "00X0110": 1.864605493915239, "00X0000": 1.8523129892720143, "01X1000": 1.8719984969155625, "01X0110": 1.872361157541571, "00X1110": 1.8690056338684986, "00X1111": 1.8782960826122614, "01X0111": 1.8724671944214046, "01X1001": 1.8654987861315595, "00X0001": 1.8617504251106922}