{"01X0101": 466.89177412519746, "00X1101": 468.56404157538645, "00X0011": 473.5535409341839, "01X1011": 453.32349757519785, "01X1010": 522.0843339280261, "00X0010": 580.4393728326584, "00X1100": 498.5683572572155, "01X0100": 524.7921430910523, "01X0010": 546.3773733967239, "00X1010": 537.3372736531213, "00X0100": 538.1293312918867, "01X1100": 549.1277701036364, "01X1101": 492.94608181551996, "00X0101": 466.2865416096271, "00X1011": 476.87264901308356, "01X0011": 456.9259139565853, "10X1100": 487.42149640047023, "11X0100": 569.6996645393983, "11X1010": 622.6175760085769, "10X0010": 536.9421957383282, "10X0011": 395.8999985468962, "11X1011": 525.4522350899819, "11X0101": 474.5205084390467, "10X1101": 414.8431114875582, "10X1011": 425.49695105451156, "11X0011": 507.92598461675357, "11X1101": 510.189115298209, "10X0101": 379.14469272381, "10X0100": 512.8070618778247, "11X1100": 570.4257218018261, "11X0010": 601.8276874055564, "10X1010": 566.5557896371296, "11X1110": 496.9387272003023, "10X0110": 427.74970434164163, "10X1000": 541.5269626912159, "11X0000": 633.6975251997546, "11X0001": 558.6055844976595, "10X1001": 482.81356800940875, "10X0111": 343.4976867283681, "11X1111": 461.1305616797829, "11X1001": 562.9248116191388, "10X0001": 451.19663434584834, "10X1111": 351.1031943376536, "11X0111": 425.9502139989262, "11X0110": 474.547845099185, "10X1110": 443.15597791379116, "10X0000": 565.7164395177383, "11X1000": 649.3542486679959, "00X0111": 410.2396601747966, "01X1111": 376.09094990033765, "01X0001": 525.2757803298357, "00X1001": 561.5251727722402, "00X1000": 530.3655958906965, "01X0000": 614.5027313361466, "01X1110": 439.17591790491053, "00X0110": 482.1877108655872, "00X0000": 589.3965456523326, "01X1000": 622.6222302235246, "01X0110": 436.3082740403469, "00X1110": 460.4142314716876, "00X1111": 417.84467876080623, "01X0111": 357.17080509927916, "01X1001": 545.2007986269878, "00X0001": 529.0070513599796}