{"01X0101": 2.8176322403574816, "00X1101": 2.7864066506432046, "00X0011": 2.795302135761597, "01X1011": 2.8066608056601723, "01X1010": 2.886462458826017, "00X0010": 2.8837037036053634, "00X1100": 2.8014878592783177, "01X0100": 2.9268902674428188, "01X0010": 2.8653526287405358, "00X1010": 2.896737591953392, "00X0100": 2.789632427906912, "01X1100": 2.8865842225304883, "01X1101": 2.8451426758351346, "00X0101": 2.7538627278442545, "00X1011": 2.8364737460658374, "01X0011": 2.775699400509045, "10X1100": 2.8135261057150354, "11X0100": 2.931230983896297, "11X1010": 2.9456507058246038, "10X0010": 2.8839160424441124, "10X0011": 2.797152939173584, "11X1011": 2.8588700688946513, "11X0101": 2.8242640160489403, "10X1101": 2.8311914449638875, "10X1011": 2.8315113886126033, "11X0011": 2.8417172198642238, "11X1101": 2.8495594994272073, "10X0101": 2.805997479726619, "10X0100": 2.7963785559947176, "11X1100": 2.919844596459621, "11X0010": 2.948274727435436, "10X1010": 2.900897109085779, "11X1110": 2.8802949534615987, "10X0110": 2.746511832572925, "10X1000": 2.9013986536567744, "11X0000": 2.998964506202467, "11X0001": 2.927381810998729, "10X1001": 2.85721717136441, "10X0111": 2.7099052913745147, "11X1111": 2.761616152863609, "11X1001": 2.9491214551830343, "10X0001": 2.8216657053472494, "10X1111": 2.743047350092164, "11X0111": 2.738013876513558, "11X0110": 2.855614760682096, "10X1110": 2.767773303899528, "10X0000": 2.8866601582974996, "11X1000": 3.0469107870395082, "00X0111": 2.700568896465507, "01X1111": 2.71145435560065, "01X0001": 2.8776226352577274, "00X1001": 2.8684324312363305, "00X1000": 2.867877361445271, "01X0000": 2.999656772369022, "01X1110": 2.7951446855287947, "00X0110": 2.7667130825999484, "00X0000": 2.8699373964336212, "01X1000": 2.9636698201708374, "01X0110": 2.770775542852646, "00X1110": 2.754849485452896, "00X1111": 2.715077348708519, "01X0111": 2.683013989705139, "01X1001": 2.898784168555114, "00X0001": 2.8200874687464847}