{"01X0101": 2.86750992377531, "00X1101": 2.889364326951662, "00X0011": 2.845700055236216, "01X1011": 2.799886826944402, "01X1010": 2.922855163857171, "00X0010": 2.9104787392668108, "00X1100": 2.8259719479439864, "01X0100": 2.924153593435581, "01X0010": 2.888792483361968, "00X1010": 2.9465717290316786, "00X0100": 2.8158916262111373, "01X1100": 2.917668814753842, "01X1101": 2.8830739171298267, "00X0101": 2.8580585451980838, "00X1011": 2.8483394610664394, "01X0011": 2.7617358482368966, "10X1100": 2.8626751178630623, "11X0100": 2.945069195226882, "11X1010": 2.9380751020632507, "10X0010": 2.8935999269509995, "10X0011": 2.8070068017441887, "11X1011": 2.8270897762666696, "11X0101": 2.835891140336863, "10X1101": 2.825938087134217, "10X1011": 2.8264638048109534, "11X0011": 2.809465135053384, "11X1101": 2.88081783517984, "10X0101": 2.803568092453961, "10X0100": 2.842491124621963, "11X1100": 2.933193354685268, "11X0010": 2.948460012267869, "10X1010": 2.9170689419324005, "11X1110": 2.897679053022009, "10X0110": 2.8075481810245293, "10X1000": 2.920407839085775, "11X0000": 3.019848553016483, "11X0001": 2.9293391807347375, "10X1001": 2.8889325266853065, "10X0111": 2.7312404401004358, "11X1111": 2.7488580862725316, "11X1001": 2.980292585208759, "10X0001": 2.8510844431324047, "10X1111": 2.7587715484266617, "11X0111": 2.7142973649376625, "11X0110": 2.872833680970567, "10X1110": 2.8135852152195993, "10X0000": 2.9096950027133905, "11X1000": 2.9970248128962584, "00X0111": 2.756802940166473, "01X1111": 2.7568595018246427, "01X0001": 2.89565332431055, "00X1001": 2.9231987615323525, "00X1000": 2.930582285799563, "01X0000": 2.9988239558301224, "01X1110": 2.81474351610259, "00X0110": 2.807560687146625, "00X0000": 2.9225491385906786, "01X1000": 3.0284410035226483, "01X0110": 2.7935893294017697, "00X1110": 2.7751485698515292, "00X1111": 2.776354849508998, "01X0111": 2.7068159354874064, "01X1001": 2.966553809192715, "00X0001": 2.9159356853655733}