{"01X0101": 476.28273390217225, "00X1101": 452.76114094247094, "00X0011": 441.80040794626103, "01X1011": 433.9418068783124, "01X1010": 522.887339942512, "00X0010": 531.3561685127356, "00X1100": 451.3764083510668, "01X0100": 564.2882610495549, "01X0010": 493.14064418349096, "00X1010": 548.0470873683382, "00X0100": 450.6088987326608, "01X1100": 537.827914234795, "01X1101": 498.8051020283391, "00X0101": 426.48004963051625, "00X1011": 474.326351306157, "01X0011": 407.6141026057512, "10X1100": 481.11328719256016, "11X0100": 621.4976035498112, "11X1010": 617.1128295335302, "10X0010": 527.178481428075, "10X0011": 427.60729811210746, "11X1011": 501.4231695895472, "11X0101": 482.6600187469103, "10X1101": 481.9724250171719, "10X1011": 455.37332839945805, "11X0011": 482.8374555291019, "11X1101": 499.9472645369532, "10X0101": 462.1000383881104, "10X0100": 463.749390455724, "11X1100": 606.2550415302234, "11X0010": 613.6390956428788, "10X1010": 548.4507119171947, "11X1110": 560.851612611076, "10X0110": 419.03932237893366, "10X1000": 555.3419307853208, "11X0000": 694.7577268980147, "11X0001": 584.2686675398115, "10X1001": 499.76392060101307, "10X0111": 369.14086498550137, "11X1111": 435.49606779257334, "11X1001": 601.698337630944, "10X0001": 467.8142492504898, "10X1111": 394.03446801014354, "11X0111": 401.70253579760765, "11X0110": 535.6466964400707, "10X1110": 437.9739974322198, "10X0000": 544.3320876730407, "11X1000": 757.204735245291, "00X0111": 379.30619425978614, "01X1111": 370.05707629910455, "01X0001": 523.068069215125, "00X1001": 517.9423129603952, "00X1000": 506.2626026944076, "01X0000": 642.6224027973066, "01X1110": 452.9257872870884, "00X0110": 438.3700115571941, "00X0000": 514.1211854901712, "01X1000": 617.037415399114, "01X0110": 434.296129771931, "00X1110": 426.6312703438724, "00X1111": 385.40238197581436, "01X0111": 351.16760744606427, "01X1001": 540.9729609560218, "00X0001": 473.5334555233765}