{"01X0101": 2.864093161568646, "00X1101": 2.844606974643364, "00X0011": 2.813841933757299, "01X1011": 2.8626487165085757, "01X1010": 3.042751233685882, "00X0010": 3.0124515106190684, "00X1100": 2.941872895498645, "01X0100": 3.0530670715546266, "01X0010": 3.0234276148592, "00X1010": 3.0190114433622384, "00X0100": 2.927515619488277, "01X1100": 3.0720110774143405, "01X1101": 2.893479854821785, "00X0101": 2.8457635310001868, "00X1011": 2.8311761444916153, "01X0011": 2.8309925907577416, "10X1100": 2.9723766620974086, "11X0100": 3.0043296189898023, "11X1010": 3.0374559033568835, "10X0010": 2.9576154281393787, "10X0011": 2.8781324062553235, "11X1011": 2.930984299541745, "11X0101": 2.925196589443197, "10X1101": 2.8960636975538274, "10X1011": 2.8772544822634325, "11X0011": 2.8894635926845007, "11X1101": 2.925262697063019, "10X0101": 2.8909007074192865, "10X0100": 2.914721317222253, "11X1100": 3.001785823084063, "11X0010": 3.015282593778604, "10X1010": 2.9947786825178966, "11X1110": 2.9190754640413505, "10X0110": 2.8749237572682556, "10X1000": 3.0046121106877024, "11X0000": 3.0545946728854183, "11X0001": 2.950734326129658, "10X1001": 2.9191281673464164, "10X0111": 2.8016364648141368, "11X1111": 2.8346567230987043, "11X1001": 2.962155585525598, "10X0001": 2.8964677676961137, "10X1111": 2.813673947420714, "11X0111": 2.8052693880565314, "11X0110": 2.9239361634351217, "10X1110": 2.8859303173436013, "10X0000": 2.965318365090604, "11X1000": 3.0624491871993564, "00X0111": 2.7538798784854333, "01X1111": 2.7865002902235068, "01X0001": 2.8897072319296275, "00X1001": 2.8845614160266813, "00X1000": 3.0199783981502613, "01X0000": 3.1393829167114946, "01X1110": 2.9339818720256803, "00X0110": 2.867516503536002, "00X0000": 2.9903753440848764, "01X1000": 3.120931689257011, "01X0110": 2.9226355651107676, "00X1110": 2.883481044663282, "00X1111": 2.8014798503769045, "01X0111": 2.7557134721204353, "01X1001": 2.913906140432087, "00X0001": 2.8772749402916444}