{"01X0101": 523.9727819448365, "00X1101": 501.61125026755514, "00X0011": 452.99444968692825, "01X1011": 421.0528914262659, "01X1010": 566.5117310734593, "00X0010": 495.97879553571283, "00X1100": 493.4896185474772, "01X0100": 582.9090129828073, "01X0010": 515.7939902709609, "00X1010": 517.2075568218521, "00X0100": 478.59848263613276, "01X1100": 588.3924470311352, "01X1101": 554.5254594301107, "00X0101": 527.0334887908316, "00X1011": 445.6485116144899, "01X0011": 407.23142311508064, "10X1100": 478.65157705745327, "11X0100": 547.9906905468965, "11X1010": 605.9786045335131, "10X0010": 476.68307566735405, "10X0011": 445.23910637594815, "11X1011": 506.7390518273682, "11X0101": 528.3338484454586, "10X1101": 472.27427637158917, "10X1011": 452.4684814142737, "11X0011": 451.8137830575471, "11X1101": 534.1103811240538, "10X0101": 466.8531043605229, "10X0100": 468.4890335494259, "11X1100": 548.4955057723289, "11X0010": 539.9311270668093, "10X1010": 511.4792447873979, "11X1110": 467.446931098389, "10X0110": 395.12467574236763, "10X1000": 501.55630583292253, "11X0000": 599.2157453011964, "11X0001": 579.6664157483499, "10X1001": 484.82646679404013, "10X0111": 374.0667928220013, "11X1111": 427.8210604144162, "11X1001": 608.5224408020863, "10X0001": 470.7964348253148, "10X1111": 385.42849164688903, "11X0111": 396.09706382393273, "11X0110": 454.028429545618, "10X1110": 423.7363485327335, "10X0000": 466.8412907548153, "11X1000": 629.3745521053062, "00X0111": 384.63829816374005, "01X1111": 365.96539098917697, "01X0001": 551.4201221957785, "00X1001": 532.6427403169298, "00X1000": 505.49764347400867, "01X0000": 552.30175632189, "01X1110": 447.8147338445015, "00X0110": 399.95634745831717, "00X0000": 483.2426121356638, "01X1000": 591.0099361016134, "01X0110": 425.28440337799947, "00X1110": 416.7746070758194, "00X1111": 403.5026534805321, "01X0111": 366.1144521080413, "01X1001": 599.5656240731624, "00X0001": 502.1997114999325}