{"01X0101": 384.88867936153883, "00X1101": 380.86546834157696, "00X0011": 414.41692459198333, "01X1011": 444.4487368193261, "01X1010": 484.0672520189854, "00X0010": 431.8217020502298, "00X1100": 471.5305367530624, "01X0100": 470.96908742218454, "01X0010": 490.96141815087924, "00X1010": 419.25499011571367, "00X0100": 500.62784994702935, "01X1100": 463.97409181598, "01X1101": 399.2627897703728, "00X0101": 364.2109717430021, "00X1011": 414.3203174396573, "01X0011": 459.50457595711157, "10X1100": 600.7977635613083, "11X0100": 521.5689834587383, "11X1010": 554.1839399286004, "10X0010": 524.3814129328521, "10X0011": 483.2053925988152, "11X1011": 540.8861638667659, "11X0101": 424.25813320231117, "10X1101": 458.937920456361, "10X1011": 483.11289578959105, "11X0011": 528.0586137140858, "11X1101": 434.68108980584157, "10X0101": 430.6640162650659, "10X0100": 549.5195437942414, "11X1100": 508.6992066259461, "11X0010": 561.0553369784968, "10X1010": 522.1376299858973, "11X1110": 495.2561585030462, "10X0110": 510.5889122167374, "10X1000": 582.972830383788, "11X0000": 490.9198935536278, "11X0001": 465.9672648479749, "10X1001": 487.16855600062524, "10X0111": 425.023571157487, "11X1111": 455.1608442443452, "11X1001": 470.79949034565533, "10X0001": 479.2100851611, "10X1111": 442.1011774797739, "11X0111": 433.8947828231142, "11X0110": 487.84332407896477, "10X1110": 475.35940436289275, "10X0000": 595.1186748934117, "11X1000": 512.2556360380547, "00X0111": 371.52360770472853, "01X1111": 397.9628252093554, "01X0001": 420.73706518319364, "00X1001": 405.50716464133995, "00X1000": 488.9072974041545, "01X0000": 483.8896578989491, "01X1110": 418.48438834076364, "00X0110": 406.50780070686017, "00X0000": 511.65583166240754, "01X1000": 476.42656683786254, "01X0110": 434.3218346390703, "00X1110": 398.80512322721785, "00X1111": 387.9016128551634, "01X0111": 388.8665546173675, "01X1001": 439.75559615126537, "00X0001": 408.75723853979264}