{"01X0101": 463.75064018786463, "00X1101": 384.8842949495487, "00X0011": 442.22058762790726, "01X1011": 533.8284558686144, "01X1010": 560.6996662240417, "00X0010": 481.0056695467332, "00X1100": 464.9178194367497, "01X0100": 514.1926799121209, "01X0010": 537.0737973359251, "00X1010": 462.6685441489793, "00X0100": 442.2486531309439, "01X1100": 500.92609291182725, "01X1101": 477.7787397675462, "00X0101": 373.4600933563703, "00X1011": 469.4781030913666, "01X0011": 518.6419310800027, "10X1100": 576.08573993617, "11X0100": 519.2893422125276, "11X1010": 590.7688030635261, "10X0010": 562.7400466071604, "10X0011": 490.9879963563442, "11X1011": 580.0593801857281, "11X0101": 438.2815490727244, "10X1101": 401.0201712383607, "10X1011": 497.550540531728, "11X0011": 514.3037497157901, "11X1101": 469.34932448827107, "10X0101": 400.85182426606707, "10X0100": 520.639374243643, "11X1100": 521.5854013732198, "11X0010": 588.234468281704, "10X1010": 523.4008148629083, "11X1110": 536.3467549582064, "10X0110": 500.50748005286823, "10X1000": 576.7921697532458, "11X0000": 603.7108771006576, "11X0001": 505.993790812552, "10X1001": 469.4259043561352, "10X0111": 419.7498059038836, "11X1111": 449.56443985576414, "11X1001": 478.4850354275957, "10X0001": 434.29115783003294, "10X1111": 415.7895914749045, "11X0111": 424.5902627762942, "11X0110": 523.5375363546038, "10X1110": 497.23690079370436, "10X0000": 547.0135811965508, "11X1000": 586.626838331174, "00X0111": 390.20402061914604, "01X1111": 440.2892857149937, "01X0001": 507.50521263940425, "00X1001": 425.6246756764928, "00X1000": 496.697500615183, "01X0000": 547.5045616283558, "01X1110": 516.5605791551267, "00X0110": 437.880761495794, "00X0000": 528.123243338342, "01X1000": 539.9700053062434, "01X0110": 492.50976408446263, "00X1110": 442.39010499557804, "00X1111": 381.68523772921554, "01X0111": 414.67689661450413, "01X1001": 485.3880081078455, "00X0001": 436.6121955300947}