{"01X0101": 438.8591667028138, "00X1101": 376.50137831310934, "00X0011": 440.5873305398631, "01X1011": 520.4416618659047, "01X1010": 527.3420580865172, "00X0010": 460.53537331149823, "00X1100": 459.7086373025462, "01X0100": 578.7651281886203, "01X0010": 569.6701595887102, "00X1010": 441.4998244462862, "00X0100": 519.7760903924319, "01X1100": 552.5264854004339, "01X1101": 442.6071096878437, "00X0101": 355.5661458620893, "00X1011": 447.5764341352315, "01X0011": 502.2679670379142, "10X1100": 496.8042939931594, "11X0100": 573.4829662571615, "11X1010": 594.0225166805033, "10X0010": 508.32730038666733, "10X0011": 467.4126946785825, "11X1011": 518.1593146034329, "11X0101": 489.1330082261668, "10X1101": 413.73584209395034, "10X1011": 449.96363582032126, "11X0011": 518.0166367798911, "11X1101": 494.29485316161436, "10X0101": 420.75340967096326, "10X0100": 514.1376815748226, "11X1100": 547.3429345088114, "11X0010": 611.2971184961655, "10X1010": 488.60302694258615, "11X1110": 543.3507859916376, "10X0110": 474.8893464462702, "10X1000": 505.0906027553669, "11X0000": 622.7893929248878, "11X0001": 547.9796961327063, "10X1001": 443.4757170186432, "10X0111": 382.8324256306733, "11X1111": 424.0664728850418, "11X1001": 511.8107065526607, "10X0001": 455.5554703867641, "10X1111": 399.6631427417209, "11X0111": 422.767681980216, "11X0110": 560.196712199452, "10X1110": 469.22881238192826, "10X0000": 559.9097970180611, "11X1000": 549.2886711691558, "00X0111": 363.39743158615323, "01X1111": 449.1164322229689, "01X0001": 521.58012017443, "00X1001": 419.0276935501586, "00X1000": 491.08890960655214, "01X0000": 596.5545239780647, "01X1110": 516.4141301184853, "00X0110": 424.2872522773245, "00X0000": 559.505425432526, "01X1000": 537.2374119967582, "01X0110": 533.7764713763856, "00X1110": 402.9444139264292, "00X1111": 391.37259629361284, "01X0111": 407.2856089751423, "01X1001": 508.0157303697275, "00X0001": 427.1170557539197}