{"01X0101": 2.759567107947952, "00X1101": 2.737751205503117, "00X0011": 2.765212277599649, "01X1011": 2.8359244644283352, "01X1010": 2.86683753941488, "00X0010": 2.7742049744203934, "00X1100": 2.7697839875387538, "01X0100": 2.8465844625505676, "01X0010": 2.869476781167683, "00X1010": 2.7679208217797284, "00X0100": 2.7808665385967286, "01X1100": 2.84789624010795, "01X1101": 2.78519069236562, "00X0101": 2.7122018007308295, "00X1011": 2.772373983576781, "01X0011": 2.8506953068083507, "10X1100": 2.8132891303244554, "11X0100": 2.8643675444797108, "11X1010": 2.9065289772519565, "10X0010": 2.7962711888329412, "10X0011": 2.788897676937676, "11X1011": 2.8981282670064674, "11X0101": 2.7905563020961575, "10X1101": 2.7570500912553975, "10X1011": 2.7957026741045725, "11X0011": 2.888626330494552, "11X1101": 2.8122009430816517, "10X0101": 2.737442642091783, "10X0100": 2.7711209656041027, "11X1100": 2.8578516230485143, "11X0010": 2.903043803694672, "10X1010": 2.7981755708497986, "11X1110": 2.851162502546891, "10X0110": 2.784478012152678, "10X1000": 2.7834102800145315, "11X0000": 2.8287843571655644, "11X0001": 2.821909251330136, "10X1001": 2.780207104278298, "10X0111": 2.744022746715922, "11X1111": 2.8233676127550975, "11X1001": 2.8391487490984035, "10X0001": 2.7701097297481887, "10X1111": 2.761430690923069, "11X0111": 2.799826041587234, "11X0110": 2.835797796807595, "10X1110": 2.7569647387648732, "10X0000": 2.796865071384884, "11X1000": 2.855410590107182, "00X0111": 2.715443190904054, "01X1111": 2.7862048164672415, "01X0001": 2.7926421620677457, "00X1001": 2.761507712547604, "00X1000": 2.7653686201538985, "01X0000": 2.857375671875385, "01X1110": 2.798122555691699, "00X0110": 2.744479780218113, "00X0000": 2.7809019233627605, "01X1000": 2.854105713640774, "01X0110": 2.809503360483078, "00X1110": 2.7427703566844266, "00X1111": 2.741803389024435, "01X0111": 2.773616645843595, "01X1001": 2.825684428016317, "00X0001": 2.753963822932084}