{"01X0101": 528.4588274604616, "00X1101": 509.897710496845, "00X0011": 466.54125803445265, "01X1011": 492.9735751766823, "01X1010": 719.033276306925, "00X0010": 709.954933208383, "00X1100": 611.9378031012758, "01X0100": 765.3125208430472, "01X0010": 692.1096797626071, "00X1010": 714.7166416640456, "00X0100": 602.4822353001642, "01X1100": 779.4092223337567, "01X1101": 547.6309411050834, "00X0101": 516.3958019588181, "00X1011": 476.27020248918785, "01X0011": 461.22797249290466, "10X1100": 664.2938960931142, "11X0100": 724.544673746918, "11X1010": 755.9395312665007, "10X0010": 631.1605631364583, "10X0011": 516.2312598102976, "11X1011": 573.7328651645068, "11X0101": 594.1198547884188, "10X1101": 544.6246116654592, "10X1011": 507.40392625153066, "11X0011": 546.1459586594424, "11X1101": 588.30339675247, "10X0101": 543.1467213490448, "10X0100": 590.251073674289, "11X1100": 715.3250346731879, "11X0010": 722.918701502942, "10X1010": 671.1723710716304, "11X1110": 606.5219003107106, "10X0110": 543.7735226460269, "10X1000": 692.19100252165, "11X0000": 777.7828318193749, "11X0001": 618.485223470253, "10X1001": 565.6890278293831, "10X0111": 447.3621314308964, "11X1111": 491.467989491735, "11X1001": 622.0294029877796, "10X0001": 541.0079114344328, "10X1111": 451.28728551116933, "11X0111": 460.6989033632051, "11X0110": 615.0532117807504, "10X1110": 560.2874334708996, "10X0000": 637.0600440188052, "11X1000": 802.9963544990733, "00X0111": 426.2262072828686, "01X1111": 429.782289347246, "01X0001": 544.1199870149175, "00X1001": 536.113888503056, "00X1000": 707.3127678867188, "01X0000": 859.1462566171388, "01X1110": 595.3879084655084, "00X0110": 540.925368257474, "00X0000": 661.2454017742493, "01X1000": 832.560503084009, "01X0110": 585.473281468026, "00X1110": 559.0483994722345, "00X1111": 464.7662376742776, "01X0111": 406.46645092609685, "01X1001": 558.7406343375868, "00X0001": 530.4041614299144}