{"01X0101": 2.8049676516612583, "00X1101": 2.798312949667073, "00X0011": 2.8140982901744565, "01X1011": 2.8156614625501915, "01X1010": 2.8863510715915632, "00X0010": 2.9096544792791246, "00X1100": 2.8377279386189356, "01X0100": 2.869720101634804, "01X0010": 2.909152222688336, "00X1010": 2.877146383509599, "00X0100": 2.8721998667762962, "01X1100": 2.893292081865841, "01X1101": 2.8350931875887526, "00X0101": 2.7948028411336834, "00X1011": 2.820783408729927, "01X0011": 2.8076877881196554, "10X1100": 2.826310495511974, "11X0100": 2.884899154721123, "11X1010": 2.941052452060985, "10X0010": 2.8713203855381395, "10X0011": 2.7439177844135614, "11X1011": 2.8493202689873973, "11X0101": 2.811649784703926, "10X1101": 2.7567969101440575, "10X1011": 2.786116637905029, "11X0011": 2.8314349921938473, "11X1101": 2.8493411418598837, "10X0101": 2.7131565787027356, "10X0100": 2.8450212388218423, "11X1100": 2.8857948723145266, "11X0010": 2.925929564456796, "10X1010": 2.903765674219755, "11X1110": 2.819541185857753, "10X0110": 2.753556890687884, "10X1000": 2.8794191341891815, "11X0000": 2.94602342232454, "11X0001": 2.8944859711146753, "10X1001": 2.8374639035801748, "10X0111": 2.6773549477504446, "11X1111": 2.7827992162497845, "11X1001": 2.907828020677692, "10X0001": 2.8002898966256216, "10X1111": 2.687151313892757, "11X0111": 2.7451969676088845, "11X0110": 2.7965161523886595, "10X1110": 2.7711593868869415, "10X0000": 2.9042353843024395, "11X1000": 2.9581498137550746, "00X0111": 2.7338473659360645, "01X1111": 2.718851657185331, "01X0001": 2.869886309731617, "00X1001": 2.8976054223498746, "00X1000": 2.878020178801064, "01X0000": 2.9487191694660915, "01X1110": 2.791562487364934, "00X0110": 2.8093537491503824, "00X0000": 2.92694460897083, "01X1000": 2.960455997912536, "01X0110": 2.7811796191463554, "00X1110": 2.7902044816067537, "00X1111": 2.74705354007573, "01X0111": 2.687612846234696, "01X1001": 2.8889414705437364, "00X0001": 2.8628517944503313}