{"01X0101": 405.0115490847187, "00X1101": 339.6911563947265, "00X0011": 371.72206012731857, "01X1011": 465.27358516779833, "01X1010": 487.78898581169904, "00X0010": 400.3334578843593, "00X1100": 401.86232574816734, "01X0100": 470.40393810318335, "01X0010": 509.83154294098375, "00X1010": 411.8093345331587, "00X0100": 429.3798424056572, "01X1100": 492.39847980418165, "01X1101": 398.53950077240694, "00X0101": 345.4470174886078, "00X1011": 389.2112186439957, "01X0011": 440.40329962281834, "10X1100": 465.4738642648434, "11X0100": 455.9235966634565, "11X1010": 510.92394741828787, "10X0010": 456.65141774456293, "10X0011": 393.0784578402119, "11X1011": 473.851427895415, "11X0101": 403.8934982408633, "10X1101": 384.56278288609064, "10X1011": 404.58725882168926, "11X0011": 465.77357027238725, "11X1101": 394.16796601906015, "10X0101": 374.42973539203297, "10X0100": 475.3499527445267, "11X1100": 471.09880973828945, "11X0010": 514.4250670598725, "10X1010": 458.1546922723687, "11X1110": 439.7206997387067, "10X0110": 387.34641947973864, "10X1000": 530.6994941631597, "11X0000": 514.0645056602016, "11X0001": 470.9532476224691, "10X1001": 416.42687429535073, "10X0111": 338.26012725694267, "11X1111": 391.7777784744486, "11X1001": 462.1231214713945, "10X0001": 402.34613178318347, "10X1111": 337.6528259613912, "11X0111": 370.9316121162593, "11X0110": 450.0407852798737, "10X1110": 388.7198591189249, "10X0000": 518.8057599152278, "11X1000": 503.41824548698935, "00X0111": 331.8511862876585, "01X1111": 391.47807563901955, "01X0001": 425.17626155092506, "00X1001": 373.1796793334073, "00X1000": 476.3308746930017, "01X0000": 525.4404367123363, "01X1110": 432.5173289754577, "00X0110": 342.4723335563124, "00X0000": 478.2686903990556, "01X1000": 506.40221898349296, "01X0110": 442.9390184932008, "00X1110": 345.6617523507816, "00X1111": 334.8813598271406, "01X0111": 388.99371133580803, "01X1001": 441.5815863818572, "00X0001": 368.16833159029704}