{"01X0101": 449.4548198890749, "00X1101": 369.3148068982106, "00X0011": 464.55442166525165, "01X1011": 576.3838426504914, "01X1010": 571.789695039126, "00X0010": 473.30953126628805, "00X1100": 509.6108043345136, "01X0100": 576.8790179687373, "01X0010": 563.977361793223, "00X1010": 467.87276915410985, "00X0100": 553.0540695945737, "01X1100": 535.668429778209, "01X1101": 452.1728249074362, "00X0101": 361.45658030116806, "00X1011": 431.05662167787506, "01X0011": 562.4383390143917, "10X1100": 589.3297565093601, "11X0100": 517.1152441780466, "11X1010": 535.8188511851104, "10X0010": 552.2294118168301, "10X0011": 475.3936147195568, "11X1011": 599.7702993709735, "11X0101": 430.45314314668303, "10X1101": 416.22465721496405, "10X1011": 494.1014490657117, "11X0011": 532.7369712988875, "11X1101": 451.32913224967285, "10X0101": 405.88352541462245, "10X0100": 576.8456180141848, "11X1100": 552.2182410917267, "11X0010": 534.4102065202762, "10X1010": 522.9890905369939, "11X1110": 483.9688796603278, "10X0110": 507.1815260213634, "10X1000": 633.8938946563733, "11X0000": 582.6379020527313, "11X0001": 548.2780485159516, "10X1001": 479.39619812292244, "10X0111": 378.3458320187798, "11X1111": 437.44022971722825, "11X1001": 538.8542898747403, "10X0001": 449.47802430663944, "10X1111": 398.6806498557546, "11X0111": 420.3868393395908, "11X0110": 482.0956434919476, "10X1110": 484.307864227872, "10X0000": 630.5343097988521, "11X1000": 534.7140199980034, "00X0111": 385.35593308579996, "01X1111": 446.80636844927295, "01X0001": 539.0508416385092, "00X1001": 417.21412629267536, "00X1000": 576.5645603317877, "01X0000": 581.4975349106269, "01X1110": 515.0709612678133, "00X0110": 445.89060916953156, "00X0000": 622.5309378399618, "01X1000": 518.0918709103217, "01X0110": 523.2376202138374, "00X1110": 408.5854781844471, "00X1111": 386.0264216343561, "01X0111": 448.1222403149164, "01X1001": 537.2620336459586, "00X0001": 432.77693040049076}