{"01X0101": 2.819116754754231, "00X1101": 2.7264502824196306, "00X0011": 2.794130980015745, "01X1011": 2.916476502613416, "01X1010": 2.9103052224649018, "00X0010": 2.793753649415063, "00X1100": 2.762096685190044, "01X0100": 2.9397747016804736, "01X0010": 2.9278313134605316, "00X1010": 2.792429180449435, "00X0100": 2.7954576477647337, "01X1100": 2.93351624696597, "01X1101": 2.8287698160179318, "00X0101": 2.698258592847129, "00X1011": 2.8097028597272056, "01X0011": 2.8893557263959764, "10X1100": 2.7206744573572776, "11X0100": 2.901656096397759, "11X1010": 2.937558103550949, "10X0010": 2.7543455346111836, "10X0011": 2.7699107693507203, "11X1011": 2.8935041684708738, "11X0101": 2.858897176352881, "10X1101": 2.715152858947844, "10X1011": 2.763776869912935, "11X0011": 2.8834276171187114, "11X1101": 2.8723205837989623, "10X0101": 2.711585416380386, "10X0100": 2.7286446949551477, "11X1100": 2.890515492462585, "11X0010": 2.93673346877058, "10X1010": 2.7471343823814296, "11X1110": 2.8906185783924236, "10X0110": 2.7242476434526903, "10X1000": 2.7240140509602857, "11X0000": 2.9221020748706166, "11X0001": 2.8955455302417636, "10X1001": 2.719678389616501, "10X0111": 2.688485736928124, "11X1111": 2.8106787262622106, "11X1001": 2.875379209472788, "10X0001": 2.7210200253496337, "10X1111": 2.7135035015456324, "11X0111": 2.800777150867256, "11X0110": 2.894953250025589, "10X1110": 2.7260319729553437, "10X0000": 2.742586576686282, "11X1000": 2.8860616845973164, "00X0111": 2.704115586826153, "01X1111": 2.8464893638760915, "01X0001": 2.892240263706819, "00X1001": 2.7759938492010896, "00X1000": 2.777455613899471, "01X0000": 2.9337042370940054, "01X1110": 2.8953744286075667, "00X0110": 2.755434461020209, "00X0000": 2.8096399803045786, "01X1000": 2.911272819786273, "01X0110": 2.901171523980933, "00X1110": 2.745113674256101, "00X1111": 2.744632695910049, "01X0111": 2.7917899349173174, "01X1001": 2.8934537221613743, "00X0001": 2.7782288393025016}