{"10X1011": 2.8310702963183516, "00X0111": 2.7068469033944664, "11X1111": 2.7462020488762713, "01X0011": 2.779299383910444, "10X1001": 2.8476376459991215, "00X0101": 2.858524253615487, "01X0001": 2.8877972999813624, "00X1101": 2.838267565502461, "10X0001": 2.831622828857257, "01X1001": 2.9348488968370434, "11X0101": 2.864159576025383, "00X1111": 2.7353156486092693, "10X0011": 2.815391685194262, "01X1011": 2.765985610676245, "11X0111": 2.721833935607587, "11X0011": 2.8162738443677013, "01X1111": 2.702693659235126, "10X0111": 2.7257526199065385, "00X1011": 2.800591524445547, "11X0001": 2.919913544459148, "01X1101": 2.878697293291295, "10X0101": 2.816316458040541, "00X1001": 2.8806659820698304, "01X0101": 2.847913439020841, "11X1001": 2.9483724230212838, "00X0001": 2.847013585131503, "10X1101": 2.8229001693110947, "01X0111": 2.704919543255906, "11X1011": 2.8651740286365905, "00X0011": 2.806504258824364, "10X1111": 2.7381007800572643, "11X1101": 2.8627365772572446, "10X1100": 2.814909284741559, "00X0000": 2.843033923105911, "11X1000": 2.945278946363697, "01X0100": 2.9256160742764745, "10X1110": 2.7533658372269487, "00X0010": 2.8463185018612975, "11X1010": 2.9300628897192764, "01X0110": 2.771639397585777, "00X1010": 2.8678924747988352, "10X0110": 2.721706803605265, "01X1110": 2.7931599747201066, "11X0010": 2.8741213112264825, "00X1000": 2.864394604897316, "10X0100": 2.80448587023249, "01X1100": 2.9209215424963197, "11X0000": 2.9175145860016167, "11X0100": 2.862352021022159, "01X1000": 2.9429831549084486, "10X0000": 2.8181612094461, "00X1100": 2.834640593061562, "11X0110": 2.778235941466898, "01X1010": 2.9308750442024705, "10X0010": 2.8285289061393266, "00X1110": 2.741480776317218, "01X0010": 2.8884746411214186, "11X1110": 2.794752331671968, "00X0110": 2.7217308464692422, "10X1010": 2.8626942024236213, "01X0000": 2.9113875870769323, "11X1100": 2.8680686512841795, "00X0100": 2.8190504207311724, "10X1000": 2.84946240348637}