{"01X0101": 2.8389307886829083, "00X1101": 2.7237327737041395, "00X0011": 2.8283878905514075, "01X1011": 2.9844751177378894, "01X1010": 2.957077864904537, "00X0010": 2.807208660040345, "00X1100": 2.7628938162399104, "01X0100": 2.9502592707014577, "01X0010": 2.9377192435195787, "00X1010": 2.81407216381691, "00X0100": 2.79463017144168, "01X1100": 2.9241241937019713, "01X1101": 2.844739291783123, "00X0101": 2.708716797540434, "00X1011": 2.8025903868607926, "01X0011": 2.9610539637824953, "10X1100": 2.7543114120776533, "11X0100": 2.852002134990329, "11X1010": 2.8905011542578007, "10X0010": 2.7814388141550674, "10X0011": 2.7860868860450947, "11X1011": 2.967568304351106, "11X0101": 2.804105010086761, "10X1101": 2.686651190893661, "10X1011": 2.8154792088314347, "11X0011": 2.9002461838523805, "11X1101": 2.8317628692164165, "10X0101": 2.672353585084908, "10X0100": 2.7544886864294003, "11X1100": 2.8922029323640768, "11X0010": 2.881415292517359, "10X1010": 2.7658473248411295, "11X1110": 2.8450539051570485, "10X0110": 2.740043627499547, "10X1000": 2.7843866189121735, "11X0000": 2.9014649802142873, "11X0001": 2.912674970266474, "10X1001": 2.7522203502553695, "10X0111": 2.6834240815371864, "11X1111": 2.814109349173575, "11X1001": 2.915009458160784, "10X0001": 2.7385278800586677, "10X1111": 2.720262428048456, "11X0111": 2.784582213866957, "11X0110": 2.832946449340704, "10X1110": 2.724360335659866, "10X0000": 2.775074292329519, "11X1000": 2.8753955524944326, "00X0111": 2.737108969047984, "01X1111": 2.85421348788827, "01X0001": 2.9220405618968393, "00X1001": 2.7783248229723663, "00X1000": 2.819205017634191, "01X0000": 2.9537984047442962, "01X1110": 2.9029615573703964, "00X0110": 2.7709686171854555, "00X0000": 2.83183281545214, "01X1000": 2.9011679210132657, "01X0110": 2.9006968686279238, "00X1110": 2.742284625195226, "00X1111": 2.7466956203176895, "01X0111": 2.8449656166037753, "01X1001": 2.926565276471191, "00X0001": 2.781836550408367}