{"00X0100": 2.6918865829785457, "10X0101": 2.659766492566228, "00X0011": 2.716817148435586, "10X0100": 2.670354178526435, "00X0010": 2.730802529050073, "10X0011": 2.702365398395318, "00X0001": 2.7108379153617097, "10X0010": 2.735142315599088, "10X0001": 2.68711485589467, "00X0000": 2.7317360101561814, "10X0000": 2.706734562144497, "00X1111": 2.6726685427635255, "10X1111": 2.6346028954931455, "00X1110": 2.6711589357865075, "10X1110": 2.65407212155879, "00X1101": 2.682390170731505, "10X1101": 2.656896262095506, "00X1100": 2.676949969970009, "10X1100": 2.6875040785903317, "00X1011": 2.7422489123067924, "10X1011": 2.705605426760753, "00X1010": 2.750239063279679, "00X1001": 2.7210774627651935, "10X1010": 2.737247427711292, "10X1001": 2.7030730622125807, "00X1000": 2.734929917818601, "10X1000": 2.7309978690680734, "00X0111": 2.6620984841845003, "00X0110": 2.655880653044722, "10X0111": 2.6294421347745653, "10X0110": 2.649537598162563, "00X0101": 2.6867582634444123, "11X1111": 2.7447385531563997, "01X0011": 2.8264785459187585, "11X1101": 2.7626392880074806, "01X0001": 2.8031048101250766, "01X1001": 2.822443752069698, "11X0101": 2.768595188821621, "01X1011": 2.862946242031266, "11X0111": 2.721904303881931, "11X0011": 2.827542414041668, "01X1111": 2.783598633558399, "11X0001": 2.8290087965406183, "01X1101": 2.7819055638317063, "01X0101": 2.7838852147162543, "11X1001": 2.8270776157259982, "01X0111": 2.7617796508254058, "11X1011": 2.816686019081477, "11X1000": 2.838142751686102, "01X0100": 2.848368629319383, "11X1010": 2.8650048665163705, "01X0110": 2.813339938612917, "01X1110": 2.8115737386789164, "11X0010": 2.85773368750824, "01X1100": 2.864618391870867, "11X0000": 2.8433296645949535, "11X0100": 2.793773137019614, "01X1000": 2.8774840090854426, "11X0110": 2.7876920226046815, "01X1010": 2.87420393750534, "01X0010": 2.8838806401185164, "11X1110": 2.7882269189164006, "01X0000": 2.895168382117359, "11X1100": 2.8061010941220266}