{"01X0101": 528.1204684472319, "00X1101": 560.538545660414, "00X0011": 508.55513284142535, "01X1011": 436.5157492900029, "01X1010": 565.5835398122081, "00X0010": 577.734277115959, "00X1100": 489.40376693835947, "01X0100": 608.7190332384254, "01X0010": 527.6178196773255, "00X1010": 606.6247911085186, "00X0100": 486.1993096832495, "01X1100": 578.6141050437224, "01X1101": 551.097293407636, "00X0101": 529.2419896786625, "00X1011": 505.93668253691766, "01X0011": 405.3004388452109, "10X1100": 538.6434484541458, "11X0100": 652.6102510299545, "11X1010": 619.87864609502, "10X0010": 556.7273154467646, "10X0011": 457.49754064220923, "11X1011": 477.03228085884837, "11X0101": 506.3979803227441, "10X1101": 483.7294447055594, "10X1011": 466.29102633129304, "11X0011": 459.44268657073457, "11X1101": 546.9353339961033, "10X0101": 467.6539548390434, "10X0100": 518.6795920478008, "11X1100": 626.9287780485585, "11X0010": 633.1170195065438, "10X1010": 577.4565335346222, "11X1110": 584.7981751313521, "10X0110": 488.42616643964595, "10X1000": 590.6055920365741, "11X0000": 726.9866804535947, "11X0001": 596.7565448458977, "10X1001": 542.2753001224181, "10X0111": 389.89406600098437, "11X1111": 420.86570133796886, "11X1001": 656.1563125338823, "10X0001": 506.87746954485317, "10X1111": 400.73192112774325, "11X0111": 396.9786027023124, "11X0110": 561.2657359875293, "10X1110": 487.8057375443087, "10X0000": 578.481867232779, "11X1000": 698.8300330208008, "00X0111": 431.89295481610384, "01X1111": 412.10018702916636, "01X0001": 550.9581297416291, "00X1001": 583.3397519255903, "00X1000": 593.7108872775261, "01X0000": 664.709358178339, "01X1110": 468.10928011497987, "00X0110": 483.43831756220777, "00X0000": 576.4367917364084, "01X1000": 709.7175097045275, "01X0110": 448.3298792981393, "00X1110": 447.1298286181501, "00X1111": 446.26806685478334, "01X0111": 375.6897294291607, "01X1001": 634.9456256910391, "00X0001": 582.1046246879947}