{"01X0101": 2.8606049958954394, "00X1101": 2.744279971762538, "00X0011": 2.80502975100908, "01X1011": 2.9350271490165136, "01X1010": 2.9435857138301156, "00X0010": 2.833117758445434, "00X1100": 2.76476789191228, "01X0100": 2.8875247968121394, "01X0010": 2.9063925806196615, "00X1010": 2.814545109135781, "00X0100": 2.7367105277048163, "01X1100": 2.877998969452831, "01X1101": 2.8698655332557372, "00X0101": 2.7265472919944704, "00X1011": 2.8374897722273915, "01X0011": 2.907481513839219, "10X1100": 2.765018043241413, "11X0100": 2.856780383412236, "11X1010": 2.941516316811425, "10X0010": 2.812034124674992, "10X0011": 2.814088209298551, "11X1011": 2.920153995059374, "11X0101": 2.811172744687629, "10X1101": 2.708323883064842, "10X1011": 2.833362242220947, "11X0011": 2.8791558798999546, "11X1101": 2.84909184209969, "10X0101": 2.698655690553969, "10X0100": 2.7471493817469854, "11X1100": 2.8668666971486085, "11X0010": 2.9200520598905806, "10X1010": 2.8153716187423914, "11X1110": 2.88651207518681, "10X0110": 2.748480052054324, "10X1000": 2.804357480735396, "11X0000": 2.91624560867118, "11X0001": 2.8644545789915066, "10X1001": 2.7697609480788934, "10X0111": 2.736808878053078, "11X1111": 2.8042588592715405, "11X1001": 2.845892565156351, "10X0001": 2.7379655672979015, "10X1111": 2.7289080908846906, "11X0111": 2.7891336920152803, "11X0110": 2.863775971999223, "10X1110": 2.75860184141726, "10X0000": 2.7814495506437673, "11X1000": 2.9236043191776537, "00X0111": 2.7419886116310694, "01X1111": 2.8488349748324975, "01X0001": 2.87858209778946, "00X1001": 2.7852657315263523, "00X1000": 2.7866063836039943, "01X0000": 2.912109549306281, "01X1110": 2.8923479910570107, "00X0110": 2.771169435060382, "00X0000": 2.813044538761658, "01X1000": 2.9081300668699326, "01X0110": 2.864418794484396, "00X1110": 2.78742172058802, "00X1111": 2.736284010353984, "01X0111": 2.8019650332928157, "01X1001": 2.873578459697745, "00X0001": 2.796486895001392}