{"01X0101": 3.275, "00X1101": 3.3200000000000003, "00X0011": 3.26, "01X1011": 3.38, "01X1010": 3.17, "00X0010": 3.045, "00X1100": 3.02, "01X0100": 3.035, "01X0010": 3.27, "00X1010": 3.065, "00X0100": 3.05, "01X1100": 3.025, "01X1101": 3.2, "00X0101": 3.35, "00X1011": 3.215, "01X0011": 3.34, "10X1100": 3.075, "11X0100": 3.13, "11X1010": 3.145, "10X0010": 3.09, "10X0011": 3.3049999999999997, "11X1011": 3.2, "11X0101": 3.37, "10X1101": 3.5149999999999997, "10X1011": 3.35, "11X0011": 3.16, "11X1101": 3.335, "10X0101": 3.38, "10X0100": 3.0599999999999996, "11X1100": 3.05, "11X0010": 3.165, "10X1010": 3.05, "11X1110": 3.12, "10X0110": 3.125, "10X1000": 3.0549999999999997, "11X0000": 3.145, "11X0001": 3.23, "10X1001": 3.4400000000000004, "10X0111": 3.31, "11X1111": 3.21, "11X1001": 3.27, "10X0001": 3.39, "10X1111": 3.3899999999999997, "11X0111": 3.18, "11X0110": 3.17, "10X1110": 3.08, "10X0000": 3.085, "11X1000": 3.115, "00X0111": 3.25, "01X1111": 3.3, "01X0001": 3.2, "00X1001": 3.335, "00X1000": 3.025, "01X0000": 3.07, "01X1110": 3.115, "00X0110": 3.045, "00X0000": 3.09, "01X1000": 3.0549999999999997, "01X0110": 3.215, "00X1110": 3.025, "00X1111": 3.21, "01X0111": 3.2699999999999996, "01X1001": 3.175, "00X0001": 3.295}