{"01X0101": 3.325, "00X1101": 3.505, "00X0011": 3.255, "01X1011": 3.2300000000000004, "01X1010": 2.95, "00X0010": 2.875, "00X1100": 2.83, "01X0100": 2.975, "01X0010": 2.95, "00X1010": 2.88, "00X0100": 2.825, "01X1100": 2.98, "01X1101": 3.325, "00X0101": 3.41, "00X1011": 3.3, "01X0011": 3.225, "10X1100": 2.82, "11X0100": 2.98, "11X1010": 2.95, "10X0010": 2.885, "10X0011": 3.435, "11X1011": 3.2800000000000002, "11X0101": 3.37, "10X1101": 3.3899999999999997, "10X1011": 3.37, "11X0011": 3.245, "11X1101": 3.4050000000000002, "10X0101": 3.37, "10X0100": 2.83, "11X1100": 2.9800000000000004, "11X0010": 2.965, "10X1010": 2.875, "11X1110": 2.9450000000000003, "10X0110": 2.865, "10X1000": 2.8449999999999998, "11X0000": 3.0, "11X0001": 3.4, "10X1001": 3.35, "10X0111": 3.3049999999999997, "11X1111": 3.205, "11X1001": 3.4850000000000003, "10X0001": 3.3499999999999996, "10X1111": 3.2649999999999997, "11X0111": 3.135, "11X0110": 2.94, "10X1110": 2.86, "10X0000": 2.84, "11X1000": 3.005, "00X0111": 3.26, "01X1111": 3.185, "01X0001": 3.3449999999999998, "00X1001": 3.475, "00X1000": 2.825, "01X0000": 2.97, "01X1110": 2.935, "00X0110": 2.8600000000000003, "00X0000": 2.825, "01X1000": 2.975, "01X0110": 2.925, "00X1110": 2.87, "00X1111": 3.3, "01X0111": 3.18, "01X1001": 3.33, "00X0001": 3.38}