{"01X0101": 3.3449999999999998, "00X1101": 3.4299999999999997, "00X0011": 3.29, "01X1011": 3.165, "01X1010": 2.9400000000000004, "00X0010": 2.88, "00X1100": 2.835, "01X0100": 2.975, "01X0010": 2.89, "00X1010": 2.875, "00X0100": 2.835, "01X1100": 2.955, "01X1101": 3.375, "00X0101": 3.395, "00X1011": 3.2750000000000004, "01X0011": 3.205, "10X1100": 2.83, "11X0100": 3.005, "11X1010": 2.99, "10X0010": 2.875, "10X0011": 3.2800000000000002, "11X1011": 3.24, "11X0101": 3.4, "10X1101": 3.475, "10X1011": 3.3550000000000004, "11X0011": 3.265, "11X1101": 3.4450000000000003, "10X0101": 3.36, "10X0100": 2.83, "11X1100": 3.015, "11X0010": 2.9800000000000004, "10X1010": 2.865, "11X1110": 2.96, "10X0110": 2.8449999999999998, "10X1000": 2.855, "11X0000": 3.0149999999999997, "11X0001": 3.42, "10X1001": 3.41, "10X0111": 3.29, "11X1111": 3.185, "11X1001": 3.4299999999999997, "10X0001": 3.38, "10X1111": 3.33, "11X0111": 3.255, "11X0110": 2.9450000000000003, "10X1110": 2.84, "10X0000": 2.84, "11X1000": 3.01, "00X0111": 3.215, "01X1111": 3.1500000000000004, "01X0001": 3.4299999999999997, "00X1001": 3.38, "00X1000": 2.795, "01X0000": 2.96, "01X1110": 2.935, "00X0110": 2.85, "00X0000": 2.8049999999999997, "01X1000": 2.955, "01X0110": 2.9450000000000003, "00X1110": 2.84, "00X1111": 3.27, "01X0111": 3.17, "01X1001": 3.445, "00X0001": 3.335}