{"01X0101": 3.29, "00X1101": 3.385, "00X0011": 3.275, "01X1011": 3.325, "01X1010": 3.205, "00X0010": 3.09, "00X1100": 3.035, "01X0100": 3.115, "01X0010": 3.245, "00X1010": 3.12, "00X0100": 3.0700000000000003, "01X1100": 3.125, "01X1101": 3.35, "00X0101": 3.365, "00X1011": 3.245, "01X0011": 3.31, "10X1100": 3.1550000000000002, "11X0100": 3.1950000000000003, "11X1010": 3.17, "10X0010": 3.145, "10X0011": 3.385, "11X1011": 3.275, "11X0101": 3.335, "10X1101": 3.5, "10X1011": 3.4450000000000003, "11X0011": 3.245, "11X1101": 3.33, "10X0101": 3.285, "10X0100": 3.18, "11X1100": 3.18, "11X0010": 3.185, "10X1010": 3.135, "11X1110": 3.14, "10X0110": 3.175, "10X1000": 3.1399999999999997, "11X0000": 3.14, "11X0001": 3.385, "10X1001": 3.4400000000000004, "10X0111": 3.305, "11X1111": 3.215, "11X1001": 3.335, "10X0001": 3.2800000000000002, "10X1111": 3.275, "11X0111": 3.1900000000000004, "11X0110": 3.165, "10X1110": 3.0999999999999996, "10X0000": 3.125, "11X1000": 3.105, "00X0111": 3.205, "01X1111": 3.205, "01X0001": 3.315, "00X1001": 3.4400000000000004, "00X1000": 3.045, "01X0000": 3.16, "01X1110": 3.14, "00X0110": 3.08, "00X0000": 3.07, "01X1000": 3.115, "01X0110": 3.175, "00X1110": 3.035, "00X1111": 3.16, "01X0111": 3.1950000000000003, "01X1001": 3.32, "00X0001": 3.3899999999999997}