{"01X0101": 3.4299999999999997, "00X1101": 3.335, "00X0011": 3.2249999999999996, "01X1011": 3.225, "01X1010": 2.925, "00X0010": 2.84, "00X1100": 2.79, "01X0100": 2.93, "01X0010": 2.9450000000000003, "00X1010": 2.84, "00X0100": 2.8, "01X1100": 2.92, "01X1101": 3.395, "00X0101": 3.29, "00X1011": 3.1849999999999996, "01X0011": 3.24, "10X1100": 2.8200000000000003, "11X0100": 2.95, "11X1010": 2.9450000000000003, "10X0010": 2.855, "10X0011": 3.3150000000000004, "11X1011": 3.29, "11X0101": 3.435, "10X1101": 3.535, "10X1011": 3.325, "11X0011": 3.2800000000000002, "11X1101": 3.435, "10X0101": 3.465, "10X0100": 2.83, "11X1100": 2.965, "11X0010": 2.94, "10X1010": 2.865, "11X1110": 2.91, "10X0110": 2.835, "10X1000": 2.8200000000000003, "11X0000": 2.96, "11X0001": 3.4749999999999996, "10X1001": 3.485, "10X0111": 3.325, "11X1111": 3.215, "11X1001": 3.475, "10X0001": 3.46, "10X1111": 3.265, "11X0111": 3.185, "11X0110": 2.92, "10X1110": 2.83, "10X0000": 2.815, "11X1000": 2.975, "00X0111": 3.1550000000000002, "01X1111": 3.16, "01X0001": 3.465, "00X1001": 3.475, "00X1000": 2.8, "01X0000": 2.895, "01X1110": 2.91, "00X0110": 2.825, "00X0000": 2.8, "01X1000": 2.94, "01X0110": 2.92, "00X1110": 2.82, "00X1111": 3.165, "01X0111": 3.205, "01X1001": 3.415, "00X0001": 3.335}