{"01X0101": 3.35, "00X1101": 3.42, "00X0011": 3.135, "01X1011": 3.14, "01X1010": 2.9450000000000003, "00X0010": 2.89, "00X1100": 2.835, "01X0100": 2.965, "01X0010": 2.955, "00X1010": 2.88, "00X0100": 2.795, "01X1100": 2.955, "01X1101": 3.395, "00X0101": 3.415, "00X1011": 3.21, "01X0011": 3.145, "10X1100": 2.83, "11X0100": 3.0300000000000002, "11X1010": 2.98, "10X0010": 2.88, "10X0011": 3.1950000000000003, "11X1011": 3.2350000000000003, "11X0101": 3.37, "10X1101": 3.38, "10X1011": 3.24, "11X0011": 3.215, "11X1101": 3.3600000000000003, "10X0101": 3.3449999999999998, "10X0100": 2.835, "11X1100": 3.0149999999999997, "11X0010": 2.995, "10X1010": 2.875, "11X1110": 2.98, "10X0110": 2.85, "10X1000": 2.84, "11X0000": 2.995, "11X0001": 3.37, "10X1001": 3.365, "10X0111": 3.21, "11X1111": 3.2, "11X1001": 3.385, "10X0001": 3.375, "10X1111": 3.245, "11X0111": 3.2, "11X0110": 2.9749999999999996, "10X1110": 2.8499999999999996, "10X0000": 2.8449999999999998, "11X1000": 3.02, "00X0111": 3.1799999999999997, "01X1111": 3.12, "01X0001": 3.37, "00X1001": 3.49, "00X1000": 2.825, "01X0000": 2.965, "01X1110": 2.91, "00X0110": 2.8600000000000003, "00X0000": 2.84, "01X1000": 2.955, "01X0110": 2.9450000000000003, "00X1110": 2.86, "00X1111": 3.1950000000000003, "01X0111": 3.105, "01X1001": 3.455, "00X0001": 3.42}