{"01X0101": 10.705, "00X1101": 10.875, "00X0011": 10.9, "01X1011": 10.515, "01X1010": 10.870000000000001, "00X0010": 10.18, "00X1100": 9.615, "01X0100": 10.795, "01X0010": 10.84, "00X1010": 10.18, "00X0100": 9.615, "01X1100": 10.805, "01X1101": 10.695, "00X0101": 10.85, "00X1011": 10.935, "01X0011": 10.52, "10X1100": 9.64, "11X0100": 10.835, "11X1010": 10.905000000000001, "10X0010": 10.235, "10X0011": 10.379999999999999, "11X1011": 10.0, "11X0101": 10.665, "10X1101": 10.33, "10X1011": 10.365, "11X0011": 10.015, "11X1101": 10.64, "10X0101": 10.34, "10X0100": 9.66, "11X1100": 10.825, "11X0010": 10.895, "10X1010": 10.2, "11X1110": 10.85, "10X0110": 10.135, "10X1000": 9.52, "11X0000": 10.485, "11X0001": 10.32, "10X1001": 10.129999999999999, "10X0111": 10.2, "11X1111": 9.96, "11X1001": 10.315000000000001, "10X0001": 10.125, "10X1111": 10.185, "11X0111": 9.97, "11X0110": 10.855, "10X1110": 10.129999999999999, "10X0000": 9.535, "11X1000": 10.485, "00X0111": 10.735, "01X1111": 10.27, "01X0001": 10.545, "00X1001": 10.73, "00X1000": 9.545, "01X0000": 10.655000000000001, "01X1110": 10.739999999999998, "00X0110": 9.84, "00X0000": 9.555, "01X1000": 10.64, "01X0110": 10.72, "00X1110": 9.844999999999999, "00X1111": 10.73, "01X0111": 10.33, "01X1001": 10.545, "00X0001": 10.719999999999999}