{"01X0101": 10.739999999999998, "00X1101": 10.94, "00X0011": 11.11, "01X1011": 10.754999999999999, "01X1010": 11.09, "00X0010": 10.405, "00X1100": 9.879999999999999, "01X0100": 10.9, "01X0010": 11.065, "00X1010": 10.41, "00X0100": 9.86, "01X1100": 10.925, "01X1101": 10.735, "00X0101": 10.925, "00X1011": 11.120000000000001, "01X0011": 10.715, "10X1100": 10.04, "11X0100": 10.8, "11X1010": 11.195, "10X0010": 10.71, "10X0011": 10.535, "11X1011": 10.235, "11X0101": 10.809999999999999, "10X1101": 10.625, "10X1011": 10.525, "11X0011": 10.254999999999999, "11X1101": 10.815, "10X0101": 10.645, "10X0100": 10.045000000000002, "11X1100": 10.8, "11X0010": 11.195, "10X1010": 10.690000000000001, "11X1110": 11.155000000000001, "10X0110": 10.399999999999999, "10X1000": 10.045, "11X0000": 10.745000000000001, "11X0001": 10.52, "10X1001": 10.515, "10X0111": 10.454999999999998, "11X1111": 10.065000000000001, "11X1001": 10.52, "10X0001": 10.535, "10X1111": 10.44, "11X0111": 10.08, "11X0110": 11.155000000000001, "10X1110": 10.375, "10X0000": 10.04, "11X1000": 10.754999999999999, "00X0111": 10.780000000000001, "01X1111": 10.36, "01X0001": 10.6, "00X1001": 10.77, "00X1000": 9.785, "01X0000": 10.780000000000001, "01X1110": 11.01, "00X0110": 10.115, "00X0000": 9.775, "01X1000": 10.82, "01X0110": 10.965, "00X1110": 10.120000000000001, "00X1111": 10.79, "01X0111": 10.34, "01X1001": 10.585, "00X0001": 10.785}