{"01X0101": 3.115, "00X1101": 3.285, "00X0011": 3.245, "01X1011": 3.25, "01X1010": 3.215, "00X0010": 3.115, "00X1100": 3.045, "01X0100": 3.18, "01X0010": 3.25, "00X1010": 3.115, "00X0100": 3.065, "01X1100": 3.125, "01X1101": 3.1500000000000004, "00X0101": 3.3, "00X1011": 3.215, "01X0011": 3.215, "10X1100": 3.115, "11X0100": 3.2, "11X1010": 3.2800000000000002, "10X0010": 3.175, "10X0011": 3.245, "11X1011": 3.295, "11X0101": 3.285, "10X1101": 3.395, "10X1011": 3.295, "11X0011": 3.225, "11X1101": 3.275, "10X0101": 3.3449999999999998, "10X0100": 3.1399999999999997, "11X1100": 3.19, "11X0010": 3.32, "10X1010": 3.13, "11X1110": 3.235, "10X0110": 3.1399999999999997, "10X1000": 3.1, "11X0000": 3.24, "11X0001": 3.255, "10X1001": 3.415, "10X0111": 3.2300000000000004, "11X1111": 3.275, "11X1001": 3.285, "10X0001": 3.375, "10X1111": 3.2300000000000004, "11X0111": 3.215, "11X0110": 3.31, "10X1110": 3.1100000000000003, "10X0000": 3.135, "11X1000": 3.205, "00X0111": 3.21, "01X1111": 3.215, "01X0001": 3.09, "00X1001": 3.29, "00X1000": 3.02, "01X0000": 3.21, "01X1110": 3.1550000000000002, "00X0110": 3.11, "00X0000": 3.085, "01X1000": 3.1550000000000002, "01X0110": 3.1900000000000004, "00X1110": 3.09, "00X1111": 3.26, "01X0111": 3.1950000000000003, "01X1001": 3.115, "00X0001": 3.275}