{"01X0101": 3.42, "00X1101": 3.295, "00X0011": 3.205, "01X1011": 3.135, "01X1010": 2.9450000000000003, "00X0010": 2.87, "00X1100": 2.8049999999999997, "01X0100": 2.9800000000000004, "01X0010": 2.91, "00X1010": 2.87, "00X0100": 2.84, "01X1100": 2.98, "01X1101": 3.415, "00X0101": 3.35, "00X1011": 3.2199999999999998, "01X0011": 3.105, "10X1100": 2.85, "11X0100": 3.0, "11X1010": 2.995, "10X0010": 2.8899999999999997, "10X0011": 3.34, "11X1011": 3.255, "11X0101": 3.425, "10X1101": 3.4450000000000003, "10X1011": 3.315, "11X0011": 3.265, "11X1101": 3.535, "10X0101": 3.3899999999999997, "10X0100": 2.885, "11X1100": 2.995, "11X0010": 2.9850000000000003, "10X1010": 2.8899999999999997, "11X1110": 2.9699999999999998, "10X0110": 2.85, "10X1000": 2.835, "11X0000": 2.995, "11X0001": 3.5300000000000002, "10X1001": 3.475, "10X0111": 3.25, "11X1111": 3.185, "11X1001": 3.55, "10X0001": 3.375, "10X1111": 3.29, "11X0111": 3.13, "11X0110": 2.9850000000000003, "10X1110": 2.87, "10X0000": 2.8449999999999998, "11X1000": 2.9850000000000003, "00X0111": 3.165, "01X1111": 3.075, "01X0001": 3.4850000000000003, "00X1001": 3.505, "00X1000": 2.8049999999999997, "01X0000": 2.9850000000000003, "01X1110": 2.9450000000000003, "00X0110": 2.83, "00X0000": 2.785, "01X1000": 2.9699999999999998, "01X0110": 2.9400000000000004, "00X1110": 2.855, "00X1111": 3.15, "01X0111": 3.05, "01X1001": 3.5, "00X0001": 3.45}