{"01X0101": 10.98, "00X1101": 10.879999999999999, "00X0011": 11.07, "01X1011": 10.665, "01X1010": 11.205, "00X0010": 10.235, "00X1100": 9.72, "01X0100": 10.83, "01X0010": 11.215, "00X1010": 10.225000000000001, "00X0100": 9.71, "01X1100": 10.86, "01X1101": 10.98, "00X0101": 10.855, "00X1011": 11.07, "01X0011": 10.67, "10X1100": 9.795, "11X0100": 10.83, "11X1010": 11.115, "10X0010": 10.530000000000001, "10X0011": 10.395, "11X1011": 10.285, "11X0101": 10.655, "10X1101": 10.465, "10X1011": 10.415, "11X0011": 10.235, "11X1101": 10.765, "10X0101": 10.48, "10X0100": 9.815000000000001, "11X1100": 10.85, "11X0010": 11.100000000000001, "10X1010": 10.5, "11X1110": 11.015, "10X0110": 10.37, "10X1000": 9.605, "11X0000": 10.465, "11X0001": 10.385, "10X1001": 10.280000000000001, "10X0111": 10.36, "11X1111": 10.175, "11X1001": 10.42, "10X0001": 10.274999999999999, "10X1111": 10.375, "11X0111": 10.14, "11X0110": 11.01, "10X1110": 10.355, "10X0000": 9.62, "11X1000": 10.5, "00X0111": 10.8, "01X1111": 10.475000000000001, "01X0001": 10.71, "00X1001": 10.705, "00X1000": 9.585, "01X0000": 10.615, "01X1110": 11.175, "00X0110": 9.995000000000001, "00X0000": 9.575, "01X1000": 10.635, "01X0110": 11.17, "00X1110": 10.02, "00X1111": 10.81, "01X0111": 10.475, "01X1001": 10.735, "00X0001": 10.745000000000001}