{"01X0101": 3.205, "00X1101": 3.2199999999999998, "00X0011": 3.26, "01X1011": 3.335, "01X1010": 3.145, "00X0010": 3.065, "00X1100": 3.005, "01X0100": 3.14, "01X0010": 3.215, "00X1010": 3.08, "00X0100": 3.09, "01X1100": 3.15, "01X1101": 3.27, "00X0101": 3.25, "00X1011": 3.24, "01X0011": 3.34, "10X1100": 3.115, "11X0100": 3.145, "11X1010": 3.215, "10X0010": 3.13, "10X0011": 3.295, "11X1011": 3.255, "11X0101": 3.25, "10X1101": 3.465, "10X1011": 3.34, "11X0011": 3.165, "11X1101": 3.325, "10X0101": 3.41, "10X0100": 3.12, "11X1100": 3.145, "11X0010": 3.24, "10X1010": 3.15, "11X1110": 3.21, "10X0110": 3.0700000000000003, "10X1000": 3.0549999999999997, "11X0000": 3.185, "11X0001": 3.205, "10X1001": 3.435, "10X0111": 3.29, "11X1111": 3.21, "11X1001": 3.26, "10X0001": 3.41, "10X1111": 3.24, "11X0111": 3.1550000000000002, "11X0110": 3.235, "10X1110": 3.075, "10X0000": 3.12, "11X1000": 3.16, "00X0111": 3.1900000000000004, "01X1111": 3.23, "01X0001": 3.19, "00X1001": 3.315, "00X1000": 3.0, "01X0000": 3.12, "01X1110": 3.165, "00X0110": 3.035, "00X0000": 3.04, "01X1000": 3.135, "01X0110": 3.235, "00X1110": 3.065, "00X1111": 3.145, "01X0111": 3.21, "01X1001": 3.21, "00X0001": 3.25}