{"01X0101": 10.865, "00X1101": 10.98, "00X0011": 11.045, "01X1011": 10.620000000000001, "01X1010": 10.93, "00X0010": 10.29, "00X1100": 9.91, "01X0100": 10.725, "01X0010": 10.96, "00X1010": 10.280000000000001, "00X0100": 9.895, "01X1100": 10.725, "01X1101": 10.844999999999999, "00X0101": 10.989999999999998, "00X1011": 11.02, "01X0011": 10.65, "10X1100": 9.96, "11X0100": 10.985, "11X1010": 11.11, "10X0010": 10.45, "10X0011": 10.445, "11X1011": 10.079999999999998, "11X0101": 10.78, "10X1101": 10.535, "10X1011": 10.46, "11X0011": 10.085, "11X1101": 10.77, "10X0101": 10.51, "10X0100": 9.98, "11X1100": 10.995000000000001, "11X0010": 11.129999999999999, "10X1010": 10.44, "11X1110": 10.925, "10X0110": 10.325, "10X1000": 9.785, "11X0000": 10.745000000000001, "11X0001": 10.52, "10X1001": 10.405000000000001, "10X0111": 10.315, "11X1111": 10.035, "11X1001": 10.52, "10X0001": 10.399999999999999, "10X1111": 10.32, "11X0111": 10.04, "11X0110": 10.925, "10X1110": 10.315000000000001, "10X0000": 9.780000000000001, "11X1000": 10.765, "00X0111": 10.99, "01X1111": 10.44, "01X0001": 10.77, "00X1001": 10.905000000000001, "00X1000": 9.76, "01X0000": 10.655, "01X1110": 10.870000000000001, "00X0110": 10.07, "00X0000": 9.76, "01X1000": 10.655, "01X0110": 10.870000000000001, "00X1110": 10.075, "00X1111": 10.97, "01X0111": 10.434999999999999, "01X1001": 10.785, "00X0001": 10.905}