{"01X0101": 10.94, "00X1101": 10.969999999999999, "00X0011": 11.065, "01X1011": 10.870000000000001, "01X1010": 11.205, "00X0010": 10.239999999999998, "00X1100": 9.75, "01X0100": 11.085, "01X0010": 11.24, "00X1010": 10.225, "00X0100": 9.74, "01X1100": 11.085, "01X1101": 10.925, "00X0101": 10.96, "00X1011": 11.059999999999999, "01X0011": 10.885, "10X1100": 9.935, "11X0100": 11.120000000000001, "11X1010": 11.085, "10X0010": 10.675, "10X0011": 10.67, "11X1011": 10.26, "11X0101": 10.995000000000001, "10X1101": 10.735, "10X1011": 10.665, "11X0011": 10.280000000000001, "11X1101": 10.98, "10X0101": 10.725000000000001, "10X0100": 9.940000000000001, "11X1100": 11.125, "11X0010": 11.085, "10X1010": 10.675, "11X1110": 11.065, "10X0110": 10.370000000000001, "10X1000": 9.835, "11X0000": 10.82, "11X0001": 10.625, "10X1001": 10.684999999999999, "10X0111": 10.53, "11X1111": 10.35, "11X1001": 10.62, "10X0001": 10.68, "10X1111": 10.51, "11X0111": 10.34, "11X0110": 11.055, "10X1110": 10.365, "10X0000": 9.845, "11X1000": 10.79, "00X0111": 11.004999999999999, "01X1111": 10.605, "01X0001": 10.805, "00X1001": 10.870000000000001, "00X1000": 9.61, "01X0000": 10.89, "01X1110": 11.129999999999999, "00X0110": 10.025, "00X0000": 9.614999999999998, "01X1000": 10.875, "01X0110": 11.14, "00X1110": 10.010000000000002, "00X1111": 10.995000000000001, "01X0111": 10.629999999999999, "01X1001": 10.8, "00X0001": 10.875}