{"01X0101": 3.45, "00X1101": 3.4050000000000002, "00X0011": 3.21, "01X1011": 3.26, "01X1010": 3.135, "00X0010": 3.01, "00X1100": 3.0149999999999997, "01X0100": 3.125, "01X0010": 3.145, "00X1010": 3.025, "00X0100": 3.02, "01X1100": 3.0999999999999996, "01X1101": 3.415, "00X0101": 3.385, "00X1011": 3.21, "01X0011": 3.28, "10X1100": 3.14, "11X0100": 3.105, "11X1010": 3.2, "10X0010": 3.115, "10X0011": 3.295, "11X1011": 3.255, "11X0101": 3.285, "10X1101": 3.4699999999999998, "10X1011": 3.34, "11X0011": 3.23, "11X1101": 3.295, "10X0101": 3.415, "10X0100": 3.1399999999999997, "11X1100": 3.0999999999999996, "11X0010": 3.255, "10X1010": 3.13, "11X1110": 3.16, "10X0110": 3.185, "10X1000": 3.105, "11X0000": 3.0949999999999998, "11X0001": 3.27, "10X1001": 3.41, "10X0111": 3.315, "11X1111": 3.27, "11X1001": 3.25, "10X0001": 3.385, "10X1111": 3.32, "11X0111": 3.26, "11X0110": 3.205, "10X1110": 3.0949999999999998, "10X0000": 3.12, "11X1000": 3.09, "00X0111": 3.23, "01X1111": 3.2350000000000003, "01X0001": 3.415, "00X1001": 3.325, "00X1000": 3.0, "01X0000": 3.12, "01X1110": 3.13, "00X0110": 3.0, "00X0000": 3.03, "01X1000": 3.0949999999999998, "01X0110": 3.105, "00X1110": 3.0, "00X1111": 3.215, "01X0111": 3.1550000000000002, "01X1001": 3.385, "00X0001": 3.33}